# Blender 4.5.3 LTS
# www.blender.org
mtllib auto.mtl
o polySurface393_M_Car_0
v -1.460062 1.421902 0.227632
v -1.455770 1.332223 0.233137
v -1.327100 1.373315 0.329496
v -1.268381 1.367634 0.340345
v -1.210518 1.299176 0.274395
v -1.199009 1.388919 0.271613
v 0.111371 0.497474 -1.595913
v 0.148461 0.407927 -1.596294
v 0.021829 0.407927 -1.594993
v -0.104804 0.407927 -1.593691
v -0.067714 0.497474 -1.594073
v 0.021829 0.534566 -1.594993
v 0.033012 0.872454 0.018635
v 0.027667 0.872454 0.024091
v 0.033067 0.874613 0.024036
v 0.033178 0.874613 0.034839
v 0.027779 0.872454 0.034894
v 0.033234 0.872454 0.040238
v 0.043814 0.872454 0.018523
v 0.043870 0.874613 0.023924
v 0.049271 0.872454 0.023868
v 0.049381 0.872454 0.034672
v 0.043981 0.874613 0.034728
v 0.044036 0.872454 0.040127
v 0.210910 1.270804 1.822042
v 0.187561 1.378588 1.822283
v 0.195560 1.270804 1.822200
v -0.044939 1.516687 1.359249
v -0.044789 1.512043 1.371658
v -0.044940 1.520935 1.359250
v 0.149316 1.512043 1.369663
v 0.149256 1.516687 1.357254
v 0.149256 1.520935 1.357253
v -0.043345 1.516687 1.514373
v -0.043194 1.512043 1.526781
v -0.043345 1.520935 1.514373
v 0.150910 1.512043 1.524786
v 0.150850 1.516687 1.512378
v 0.150851 1.520935 1.512377
v -0.041750 1.516687 1.669498
v -0.041601 1.512043 1.681907
v -0.041750 1.520935 1.669498
v 0.152505 1.512043 1.679912
v 0.152444 1.516687 1.667503
v 0.152445 1.520935 1.667502
v 0.152249 1.512043 1.655095
v -0.041855 1.512043 1.657090
v 0.150656 1.512043 1.499969
v -0.043450 1.512043 1.501964
v 0.149061 1.512043 1.344845
v -0.045044 1.512043 1.346840
v -0.046533 1.520935 1.204125
v -0.046392 1.520935 1.217904
v -0.024698 1.520936 1.225136
v 0.147945 1.520935 1.229685
v 0.147804 1.520935 1.215907
v 0.119018 1.520935 1.223659
v -0.040266 1.520935 1.813882
v -0.040134 1.520935 1.824623
v -0.018758 1.520936 1.803168
v 0.154038 1.520935 1.822627
v 0.153929 1.520935 1.811886
v 0.124959 1.520932 1.801691
v -0.046251 1.520935 1.231681
v -0.044940 1.520935 1.359250
v -0.024698 1.520936 1.225136
v 0.149256 1.520935 1.357253
v 0.147945 1.520935 1.229685
v 0.119018 1.520935 1.223659
v 0.150851 1.520935 1.512377
v 0.149256 1.520935 1.357253
v 0.119018 1.520935 1.223659
v 0.153818 1.520935 1.801145
v 0.152445 1.520935 1.667502
v 0.124959 1.520932 1.801691
v -0.041750 1.520935 1.669498
v -0.040377 1.520935 1.803141
v -0.018758 1.520936 1.803168
v -0.044940 1.520935 1.359250
v -0.043345 1.520935 1.514373
v -0.024698 1.520936 1.225136
v 0.153929 1.520935 1.811886
v 0.153818 1.520935 1.801145
v 0.124959 1.520932 1.801691
v -0.040377 1.520935 1.803141
v -0.040266 1.520935 1.813882
v -0.018758 1.520936 1.803168
v 0.147804 1.520935 1.215907
v 0.147661 1.520935 1.202129
v 0.119018 1.520935 1.223659
v -0.046392 1.520935 1.217904
v -0.046251 1.520935 1.231681
v -0.024698 1.520936 1.225136
v -0.126446 1.602384 1.841127
v -0.018752 1.539477 1.803640
v -0.013707 1.545664 1.866050
v 0.147660 1.587654 1.201938
v 0.099018 1.559872 1.224456
v 0.098792 1.560409 1.202440
v 0.000858 1.605298 1.197443
v -0.046535 1.604477 1.203933
v 0.000920 1.620307 1.203446
v 0.096685 1.621570 1.202461
v 0.147660 1.607834 1.201938
v 0.097126 1.606962 1.196453
v 0.127501 1.546589 1.864599
v 0.124964 1.539477 1.802163
v 0.216208 1.608744 1.837606
v 0.000920 1.559872 1.203446
v 0.001146 1.559394 1.225462
v -0.046535 1.583644 1.203933
v 0.097827 1.586626 1.196446
v 0.147660 1.587654 1.201938
v 0.098792 1.560409 1.202440
v -0.046535 1.583644 1.203933
v 0.000858 1.584623 1.197443
v 0.000920 1.559872 1.203446
v -0.081721 1.270804 1.825050
v -0.073724 1.378588 1.824968
v -0.097072 1.270804 1.825207
v -1.326782 0.778479 -3.729281
v -1.325443 0.564818 -3.599007
v -1.326096 0.927698 -3.662466
v -1.326782 0.927698 -3.729281
v -1.132079 0.778478 -3.731282
v -1.260435 0.778479 -3.729964
v -1.131597 0.855190 -3.731288
v 1.326287 0.778479 -3.756550
v 1.326973 0.927698 -3.689733
v 1.327625 0.564818 -3.626276
v 1.326287 0.927698 -3.756550
v 1.131585 0.778478 -3.754549
v 1.131101 0.855190 -3.754545
v 1.259940 0.778479 -3.755868
v -0.905569 1.595365 -1.635336
v 0.027150 1.709371 -1.077225
v -0.858251 1.708971 -1.065676
v -1.007661 1.328426 -2.646430
v -1.047473 1.317930 -2.673561
v -0.957705 1.335393 -2.685545
v -0.969353 1.564992 -1.585015
v -0.999330 1.423162 -1.799203
v -1.078646 1.279971 0.376402
v -1.092907 0.412079 -1.011290
v -1.092480 1.284505 -0.969708
v -1.161522 0.415293 0.796928
v -1.078645 0.957455 0.376402
v -1.160300 0.732071 0.915896
v -1.078645 0.957455 0.376402
v -0.842755 0.967027 0.444468
v -1.160300 0.732071 0.915896
v -1.285622 1.251364 -1.952702
v -1.369595 0.945755 -2.257218
v -1.365987 0.867426 -1.906234
v -1.375530 0.555537 -2.834704
v -1.373481 0.832064 -2.635355
v -1.264037 1.115487 -3.644285
v -1.283898 1.017682 1.725811
v -1.280115 1.000450 1.977225
v -1.194784 1.211451 1.988056
v -1.368015 1.043434 -1.008377
v -1.209862 1.257816 -0.968502
v -1.099314 1.329473 -3.570389
v -1.108391 1.393248 -3.077951
v -1.277478 0.422339 1.104636
v -1.273603 0.422340 1.047924
v -1.175906 0.266943 1.055871
v -1.363697 0.420486 -1.683435
v -1.362891 0.420486 -1.701321
v -1.261180 0.264054 -1.684488
v -1.334903 0.456424 -3.162746
v -1.372330 0.511153 -2.775297
v -1.414415 0.507412 -2.792452
v -1.298223 0.858999 -3.702052
v -1.292063 0.573324 -3.556848
v -1.325281 0.508916 -3.440236
v -1.044552 1.329473 -3.570952
v -0.989069 1.393248 -3.074253
v -1.031381 1.263703 -3.510544
v -0.989318 1.350482 -3.076805
v -1.301588 0.492110 -3.460185
v -1.335686 0.470969 -3.163525
v -1.124660 1.284505 0.389050
v -1.195452 1.256947 0.486034
v -1.124233 1.284505 0.430625
v -1.361386 0.688094 -1.618468
v -1.361170 0.632831 -1.587646
v -1.438341 0.633467 -1.513316
v -1.438341 0.633467 -1.513316
v -1.361170 0.632831 -1.587646
v -1.344815 0.635812 -1.232017
v -1.360545 0.849943 -1.644866
v -1.435929 0.845238 -1.534536
v -1.345845 0.837931 -1.239657
v -1.360545 0.849943 -1.644866
v -1.237416 0.861268 -3.702712
v -1.298223 0.858999 -3.702052
v -1.235261 0.983878 -3.680464
v -1.252748 0.933931 2.505421
v -1.262690 0.906090 1.973286
v -1.249161 0.608012 2.657006
v -0.372380 0.605803 3.103163
v -1.168026 0.605803 3.018565
v -1.075866 1.507183 -2.302268
v -1.064008 1.431109 -1.808843
v -1.055010 1.558989 -1.929728
v -0.842755 1.299942 0.444468
v -0.887844 1.293482 0.554479
v -0.614922 1.297883 0.591473
v -1.078646 1.279971 0.376402
v -1.124660 1.284505 0.389050
v -1.069781 1.284504 0.452328
v -1.257701 0.608659 2.516064
v 0.065128 0.608436 2.617824
v -1.031381 1.233353 -3.510544
v -0.988871 1.320855 -3.071703
v -0.989069 1.278088 -3.074253
v -1.038081 1.244632 -3.610845
v -1.029534 1.605089 -1.598282
v -1.027963 1.568011 -1.583296
v -0.084536 1.305074 0.431149
v -0.158788 1.305242 0.634475
v 0.041699 1.305074 0.338311
v 0.044721 1.305242 0.632382
v -0.315535 1.247686 2.034681
v -0.172177 1.235395 2.204779
v -0.174550 1.241364 2.033222
v -0.372430 1.284089 2.035272
v -0.315535 1.247686 2.034681
v -0.283421 1.285470 2.034123
v -0.465009 1.237990 2.204637
v -0.466696 1.245451 2.036268
v 0.948202 1.595365 -1.654389
v 0.912600 1.708971 -1.083877
v 0.027150 1.709371 -1.077225
v 1.029489 1.328426 -2.667367
v 0.978741 1.335393 -2.705447
v 1.068738 1.317930 -2.695312
v 1.038575 1.423162 -1.820149
v 1.013006 1.564992 -1.605390
v 1.036011 1.375111 -2.331218
v 1.105050 0.898979 -1.879657
v 1.038575 1.423162 -1.820149
v 1.162589 0.957455 0.353367
v 1.148326 0.412079 -1.034325
v 1.254094 0.415293 0.772101
v 1.255316 0.732071 0.891069
v 1.162589 0.957455 0.353367
v 1.255316 0.732071 0.891069
v 0.928150 0.967027 0.426267
v 1.321651 1.251364 -1.979500
v 1.402955 0.867426 -1.934693
v 1.399347 0.945755 -2.285677
v 1.393412 0.555537 -2.863163
v 1.265303 1.115487 -3.670282
v 1.395461 0.832064 -2.663814
v 1.395534 1.017682 1.698273
v 1.311829 1.211451 1.962293
v 1.396919 1.000450 1.949710
v 1.266136 1.257816 -0.993950
v 1.423436 1.043434 -1.037068
v 1.102133 1.329473 -3.593015
v 1.121329 1.393248 -3.100867
v 1.376349 0.422339 1.077360
v 1.273795 0.266943 1.030693
v 1.371309 0.422340 1.020740
v 1.405245 0.420486 -1.711893
v 1.302727 0.264054 -1.710839
v 1.404071 0.420486 -1.729759
v 1.346051 0.456424 -3.190300
v 1.433156 0.507412 -2.821719
v 1.391434 0.511153 -2.803703
v 1.298295 0.858999 -3.728740
v 1.330728 0.508916 -3.467535
v 1.295119 0.573324 -3.583439
v 1.047371 1.329473 -3.592452
v 1.035446 1.263703 -3.531786
v 1.002110 1.393248 -3.094718
v 1.002305 1.350482 -3.097275
v 1.306629 0.492110 -3.486993
v 1.346816 0.470969 -3.191096
v 1.208854 1.284505 0.365066
v 1.209282 1.284505 0.406641
v 1.281626 1.256947 0.460575
v 1.404270 0.688094 -1.646894
v 1.483368 0.633467 -1.543346
v 1.404686 0.632831 -1.616074
v 1.483368 0.633467 -1.543346
v 1.395644 0.635812 -1.260183
v 1.404686 0.632831 -1.616074
v 1.402886 0.849943 -1.673269
v 1.396517 0.837931 -1.267844
v 1.480521 0.845238 -1.564511
v 1.402886 0.849943 -1.673269
v 1.237488 0.861268 -3.728148
v 1.235788 0.983878 -3.705861
v 1.298295 0.858999 -3.728740
v 1.380416 0.933931 2.478358
v 1.379418 0.906090 1.946131
v 1.379943 0.608012 2.629983
v 1.306259 0.605803 2.993134
v 0.512520 0.605803 3.094069
v 1.104755 1.507183 -2.324680
v 1.091560 1.558989 -1.951790
v 1.103040 1.431109 -1.831117
v 0.928150 1.299942 0.426267
v 0.703385 1.297883 0.577924
v 0.975489 1.293482 0.535328
v 1.162589 1.279971 0.353367
v 1.155287 1.284504 0.429459
v 1.208854 1.284505 0.365066
v 1.385587 0.608659 2.488896
v 0.065128 0.608436 2.617824
v 1.035446 1.233353 -3.531786
v 1.002110 1.278088 -3.094718
v 1.001964 1.320855 -3.092165
v 1.040081 1.244632 -3.632205
v 1.072901 1.605089 -1.619892
v 1.071639 1.568011 -1.604876
v 0.169815 1.305074 0.428534
v 0.041699 1.305074 0.338311
v 0.248231 1.305242 0.630292
v 0.044721 1.305242 0.632382
v 0.433725 1.247686 2.026980
v 0.292740 1.241364 2.028419
v 0.293893 1.235395 2.199989
v 0.490620 1.284089 2.026401
v 0.401605 1.285470 2.027082
v 0.433725 1.247686 2.026980
v 0.586660 1.237990 2.193828
v 0.584888 1.245451 2.025460
v -1.124233 1.284505 0.430625
v -0.888864 1.308021 1.154442
v -0.897224 1.317976 0.603676
v -1.176164 0.937018 2.843709
v -1.184126 1.028450 2.797255
v -1.204824 0.893721 2.665945
v -0.873373 1.694717 -1.601571
v -0.905763 1.694268 -1.448888
v -0.888261 1.737529 -1.530529
v -0.936803 1.647479 -1.741308
v -0.905763 1.694268 -1.448888
v -0.873373 1.694717 -1.601571
v -1.235484 0.694073 2.203935
v -1.257209 0.693761 2.508808
v -1.209377 0.696640 2.508316
v -0.432843 1.324823 0.936515
v -0.476434 1.317904 1.147422
v -0.463826 1.333736 1.147336
v -0.098034 1.118858 2.719620
v -0.101102 1.202870 2.503331
v -0.118466 1.185887 2.503505
v -0.140275 1.336028 1.145447
v -0.115054 1.358813 1.145821
v -0.142453 1.324823 0.933531
v -0.119356 1.272586 2.204237
v -0.132919 1.323367 1.861040
v -0.281568 1.292986 2.205904
v -0.098034 1.118858 2.719620
v -0.118466 1.185887 2.503505
v -0.165287 1.169058 2.503974
v -0.535762 1.248187 2.209746
v -0.385970 1.171310 2.506183
v -0.523544 1.263229 2.208390
v -0.292917 1.100177 2.722610
v -0.361547 1.168066 2.505937
v -0.370562 1.290648 2.206819
v -0.520614 1.314150 1.833566
v -0.523544 1.263229 2.208390
v -0.158873 1.351373 0.626081
v -0.158485 1.329619 0.663940
v 0.044636 1.351373 0.623989
v 0.248534 1.329619 0.659756
v 0.248145 1.351373 0.621899
v -1.143587 0.695402 2.968544
v -0.345541 0.695402 3.038568
v -0.324634 0.716828 3.039192
v -1.099349 1.221540 -3.601153
v 0.001094 1.221540 -3.612462
v -1.093706 1.214652 -3.619859
v 1.095509 1.214652 -3.642360
v 1.101536 1.221540 -3.623773
v -0.786917 1.039521 2.822171
v -0.270626 0.941490 2.921246
v -0.278879 1.053682 2.854038
v -1.187689 1.060443 2.678463
v -1.075866 1.507183 -2.302268
v -1.055010 1.558989 -1.929728
v -0.996644 1.591686 -1.931393
v -0.432843 1.324823 0.936515
v -0.888864 1.308021 1.154442
v -0.476434 1.317904 1.147422
v 0.055937 0.716828 3.042383
v 0.069498 0.695402 3.043040
v 0.083041 0.716828 3.042105
v -1.029534 1.605089 -1.598282
v 0.055849 0.771208 3.033762
v -0.324795 0.771208 3.023424
v -0.278879 1.053682 2.854038
v -0.870029 1.274987 1.984719
v -0.816988 1.136460 2.502734
v 1.209282 1.284505 0.406641
v 0.985879 1.317976 0.584322
v 0.988840 1.308021 1.135144
v 1.310800 0.937018 2.818149
v 1.335801 0.893721 2.639833
v 1.317805 1.028450 2.771541
v 0.916706 1.694717 -1.619970
v 0.933051 1.737529 -1.549248
v 0.952228 1.694268 -1.467984
v 0.977250 1.647479 -1.760980
v 0.916706 1.694717 -1.619970
v 0.952228 1.694268 -1.467984
v 1.356958 0.694073 2.177289
v 1.337113 0.696640 2.482143
v 1.384944 0.693761 2.481651
v 0.528436 1.324823 0.926635
v 0.563747 1.333736 1.136775
v 0.576353 1.317904 1.136602
v 0.230347 1.118858 2.716245
v 0.246334 1.185887 2.499755
v 0.228971 1.202870 2.499938
v 0.240223 1.336028 1.141536
v 0.238046 1.324823 0.929620
v 0.215018 1.358813 1.142428
v 0.241072 1.272586 2.200533
v 0.403285 1.292986 2.198865
v 0.247578 1.323367 1.857129
v 0.230347 1.118858 2.716245
v 0.293154 1.169058 2.499263
v 0.246334 1.185887 2.499755
v 0.657504 1.248187 2.197481
v 0.645261 1.263229 2.196378
v 0.513836 1.171310 2.496935
v 0.425251 1.100177 2.715229
v 0.489413 1.168066 2.497191
v 0.492278 1.290648 2.197951
v 0.645261 1.263229 2.196378
v 0.634627 1.314150 1.821693
v 1.280797 0.695402 2.943626
v 0.463467 0.716828 3.031092
v 0.484358 0.695402 3.030039
v 0.921193 1.039521 2.804615
v 0.413917 1.053682 2.846917
v 0.407048 0.941490 2.914281
v 1.318926 1.060443 2.652700
v 1.104755 1.507183 -2.324680
v 1.033172 1.591686 -1.952256
v 1.091560 1.558989 -1.951790
v 0.528436 1.324823 0.926635
v 0.576353 1.317904 1.136602
v 0.988840 1.308021 1.135144
v 1.072901 1.605089 -1.619892
v 0.082954 0.771208 3.033484
v 0.463306 0.771208 3.015324
v 0.413917 1.053682 2.846917
v 0.944691 1.136460 2.484628
v 0.987076 1.274987 1.965631
v 1.072235 1.265764 -3.090067
v 1.068738 1.317930 -2.695312
v -1.067014 0.898979 -1.857332
v -1.059084 1.265764 -3.068161
v -1.047473 1.317930 -2.673561
v -1.007272 1.375111 -2.310217
v -0.999330 1.423162 -1.799203
v -1.092480 1.284505 -0.969708
v 1.148754 1.284505 -0.992744
v 0.133097 1.392408 1.928293
v 0.151791 1.409133 1.928101
v 0.107563 1.431979 1.928556
v 0.158633 1.431979 1.928032
v 0.151791 1.454824 1.928101
v 0.133097 1.471549 1.928293
v 0.107563 1.477670 1.928556
v 0.082026 1.471549 1.928818
v 0.063333 1.454824 1.929011
v 0.056491 1.431979 1.929082
v 0.063333 1.409133 1.929011
v 0.082026 1.392408 1.928818
v 0.107563 1.386287 1.928556
v 1.411418 0.289168 -1.369719
v 1.480423 0.414115 -1.392118
v 1.445650 0.424339 -1.390615
v 1.380193 0.305710 -1.369314
v 1.426494 0.280965 -1.404916
v 1.496079 0.407779 -1.426067
v 1.410654 0.289472 -1.439707
v 1.476977 0.411611 -1.458499
v 1.379418 0.306002 -1.439301
v 1.442181 0.421944 -1.457012
v 1.363999 0.314039 -1.404104
v 1.426509 0.428345 -1.423075
v 1.426509 0.428345 -1.423075
v 1.363999 0.314039 -1.404104
v 1.527227 0.557512 -1.420142
v 1.486484 0.564611 -1.420172
v 1.546850 0.549814 -1.457787
v 1.525727 0.549215 -1.495464
v 1.484983 0.556314 -1.495495
v 1.465362 0.564012 -1.457850
v 1.465362 0.564012 -1.457850
v 1.330772 0.274906 -1.403961
v 1.258046 0.250639 -1.403339
v 1.258933 0.230965 -1.369598
v 1.342082 0.259668 -1.369158
v 1.341363 0.260029 -1.439146
v 1.258238 0.231314 -1.437292
v 1.258046 0.250639 -1.403339
v 1.330772 0.274906 -1.403961
v 1.362678 0.228957 -1.439526
v 1.259925 0.192122 -1.437510
v 1.373555 0.212947 -1.404722
v 1.261268 0.172346 -1.403775
v 1.363397 0.228597 -1.369539
v 1.260622 0.191774 -1.369817
v 1.082721 0.313675 -1.401345
v 1.074352 0.296403 -1.367494
v 1.073655 0.296751 -1.435189
v 1.082721 0.313675 -1.401345
v 1.056219 0.262555 -1.435186
v 1.047849 0.245283 -1.401338
v 1.056916 0.262207 -1.367493
v -1.360430 0.393278 -2.158223
v -1.360575 0.385867 -2.172335
v -1.370967 0.385867 -2.172227
v -1.370822 0.393278 -2.158116
v -1.360575 0.385867 -2.172335
v -1.360581 0.369939 -2.172973
v -1.370974 0.369939 -2.172866
v -1.370967 0.385867 -2.172227
v -1.360581 0.369939 -2.172973
v -1.360444 0.361423 -2.159500
v -1.370836 0.361423 -2.159392
v -1.370974 0.369939 -2.172866
v -1.360444 0.361423 -2.159500
v -1.360298 0.368834 -2.145387
v -1.370690 0.368834 -2.145280
v -1.370836 0.361423 -2.159392
v -1.360298 0.368834 -2.145387
v -1.360291 0.384761 -2.144751
v -1.370685 0.384761 -2.144643
v -1.370690 0.368834 -2.145280
v -1.360291 0.384761 -2.144751
v -1.360430 0.393278 -2.158223
v -1.370822 0.393278 -2.158116
v -1.370685 0.384761 -2.144643
v -1.370836 0.361423 -2.159392
v -1.370822 0.393278 -2.158116
v -1.370967 0.385867 -2.172227
v -1.370974 0.369939 -2.172866
v -1.370685 0.384761 -2.144643
v -1.370690 0.368834 -2.145280
v -1.255648 0.468479 1.641947
v -1.255664 0.452608 1.640459
v -1.266056 0.452608 1.640565
v -1.266042 0.468479 1.642053
v -1.255664 0.452608 1.640459
v -1.255530 0.443385 1.653459
v -1.265923 0.443385 1.653565
v -1.266056 0.452608 1.640565
v -1.255530 0.443385 1.653459
v -1.255382 0.450032 1.667946
v -1.265775 0.450032 1.668052
v -1.265923 0.443385 1.653565
v -1.255382 0.450032 1.667946
v -1.255366 0.465903 1.669434
v -1.265759 0.465903 1.669541
v -1.265775 0.450032 1.668052
v -1.255366 0.465903 1.669434
v -1.255499 0.475126 1.656433
v -1.265893 0.475126 1.656540
v -1.265759 0.465903 1.669541
v -1.255499 0.475126 1.656433
v -1.255648 0.468479 1.641947
v -1.266042 0.468479 1.642053
v -1.265893 0.475126 1.656540
v -1.265893 0.475126 1.656540
v -1.266042 0.468479 1.642053
v -1.266056 0.452608 1.640565
v -1.265923 0.443385 1.653565
v -1.265775 0.450032 1.668052
v -1.265759 0.465903 1.669541
v -0.025123 1.355504 1.820098
v -0.020826 1.362160 1.820053
v -0.020474 1.362160 1.854381
v -0.024770 1.355504 1.854426
v -0.020826 1.362160 1.820053
v -0.025123 1.368817 1.820098
v -0.024770 1.368817 1.854426
v -0.020474 1.362160 1.854381
v -0.025123 1.368817 1.820098
v -0.033713 1.368817 1.820186
v -0.033361 1.368817 1.854514
v -0.024770 1.368817 1.854426
v -0.033713 1.368817 1.820186
v -0.038009 1.362160 1.820230
v -0.037656 1.362160 1.854558
v -0.033361 1.368817 1.854514
v -0.038009 1.362160 1.820230
v -0.033713 1.355504 1.820186
v -0.033361 1.355504 1.854514
v -0.037656 1.362160 1.854558
v -0.033713 1.355504 1.820186
v -0.025123 1.355504 1.820098
v -0.024770 1.355504 1.854426
v -0.033361 1.355504 1.854514
v -0.037656 1.362160 1.854558
v -0.020474 1.362160 1.854381
v -0.024770 1.368817 1.854426
v -0.033361 1.368817 1.854514
v -0.033361 1.355504 1.854514
v -0.024770 1.355504 1.854426
v 1.366095 0.350788 1.666201
v 1.376487 0.350788 1.666095
v 1.376404 0.337053 1.658004
v 1.366011 0.337053 1.658111
v 1.366011 0.337053 1.658111
v 1.376404 0.337053 1.658004
v 1.376484 0.323179 1.665852
v 1.366091 0.323179 1.665959
v 1.366091 0.323179 1.665959
v 1.376484 0.323179 1.665852
v 1.376648 0.323039 1.681791
v 1.366254 0.323039 1.681898
v 1.366254 0.323039 1.681898
v 1.376648 0.323039 1.681791
v 1.376731 0.336773 1.689882
v 1.366338 0.336773 1.689989
v 1.366338 0.336773 1.689989
v 1.376731 0.336773 1.689882
v 1.376650 0.350648 1.682034
v 1.366258 0.350648 1.682141
v 1.366258 0.350648 1.682141
v 1.376650 0.350648 1.682034
v 1.376487 0.350788 1.666095
v 1.366095 0.350788 1.666201
v 1.376650 0.350648 1.682034
v 1.376731 0.336773 1.689882
v 1.376648 0.323039 1.681791
v 1.376487 0.350788 1.666095
v 1.376484 0.323179 1.665852
v 1.376404 0.337053 1.658004
v 1.365547 0.466359 1.612982
v 1.375940 0.466359 1.612876
v 1.375981 0.450935 1.616899
v 1.365588 0.450935 1.617006
v 1.365588 0.450935 1.617006
v 1.375981 0.450935 1.616899
v 1.376140 0.446708 1.632268
v 1.365746 0.446708 1.632375
v 1.365746 0.446708 1.632375
v 1.376140 0.446708 1.632268
v 1.376255 0.457905 1.643613
v 1.365863 0.457905 1.643720
v 1.365863 0.457905 1.643720
v 1.376255 0.457905 1.643613
v 1.376215 0.473329 1.639589
v 1.365821 0.473329 1.639696
v 1.365821 0.473329 1.639696
v 1.376215 0.473329 1.639589
v 1.376057 0.477556 1.624221
v 1.365664 0.477556 1.624327
v 1.365664 0.477556 1.624327
v 1.376057 0.477556 1.624221
v 1.375940 0.466359 1.612876
v 1.365547 0.466359 1.612982
v 1.376057 0.477556 1.624221
v 1.376140 0.446708 1.632268
v 1.375981 0.450935 1.616899
v 1.375940 0.466359 1.612876
v 1.376215 0.473329 1.639589
v 1.376255 0.457905 1.643613
v -1.069746 0.197940 -1.908566
v -1.071377 0.039046 -2.067266
v -1.074640 0.039046 -2.384668
v -1.076271 0.197940 -2.543368
v -1.076271 0.515728 -2.543368
v -1.074640 0.674623 -2.384668
v -1.071377 0.674623 -2.067266
v -1.069746 0.515728 -1.908566
v 0.151670 1.355504 1.818281
v 0.155966 1.362160 1.818237
v 0.156319 1.362160 1.852564
v 0.152023 1.355504 1.852608
v 0.155966 1.362160 1.818237
v 0.151670 1.368817 1.818281
v 0.152023 1.368817 1.852608
v 0.156319 1.362160 1.852564
v 0.151670 1.368817 1.818281
v 0.143079 1.368817 1.818370
v 0.143432 1.368817 1.852697
v 0.152023 1.368817 1.852608
v 0.143079 1.368817 1.818370
v 0.138783 1.362160 1.818413
v 0.139136 1.362160 1.852740
v 0.143432 1.368817 1.852697
v 0.138783 1.362160 1.818413
v 0.143079 1.355504 1.818370
v 0.143432 1.355504 1.852697
v 0.139136 1.362160 1.852740
v 0.143079 1.355504 1.818370
v 0.151670 1.355504 1.818281
v 0.152023 1.355504 1.852608
v 0.143432 1.355504 1.852697
v 0.139136 1.362160 1.852740
v 0.156319 1.362160 1.852564
v 0.152023 1.368817 1.852608
v 0.143432 1.368817 1.852697
v 0.143432 1.355504 1.852697
v 0.152023 1.355504 1.852608
v 0.151670 1.487326 1.818281
v 0.155966 1.493983 1.818237
v 0.156319 1.493983 1.852564
v 0.152023 1.487326 1.852608
v 0.155966 1.493983 1.818237
v 0.151670 1.500639 1.818281
v 0.152023 1.500639 1.852608
v 0.156319 1.493983 1.852564
v 0.151670 1.500639 1.818281
v 0.143079 1.500639 1.818370
v 0.143432 1.500639 1.852697
v 0.152023 1.500639 1.852608
v 0.143079 1.500639 1.818370
v 0.138783 1.493983 1.818413
v 0.139136 1.493983 1.852740
v 0.143432 1.500639 1.852697
v 0.138783 1.493983 1.818413
v 0.143079 1.487326 1.818370
v 0.143432 1.487326 1.852697
v 0.139136 1.493983 1.852740
v 0.143079 1.487326 1.818370
v 0.151670 1.487326 1.818281
v 0.152023 1.487326 1.852608
v 0.143432 1.487326 1.852697
v 0.139136 1.493983 1.852740
v 0.156319 1.493983 1.852564
v 0.152023 1.500639 1.852608
v 0.143432 1.500639 1.852697
v 0.143432 1.487326 1.852697
v 0.152023 1.487326 1.852608
v 1.080941 0.237560 1.954635
v 1.074416 0.237560 1.319833
v 1.076047 0.078665 1.478534
v 1.079310 0.078665 1.795934
v 1.074416 0.555348 1.319833
v 1.080941 0.555348 1.954635
v 1.079310 0.714242 1.795934
v 1.076047 0.714242 1.478534
v 0.029755 0.648386 -0.127364
v 0.029888 0.652621 -0.114460
v 0.029348 0.801464 -0.166880
v 0.029282 0.799350 -0.173323
v 0.043597 0.799350 -0.173470
v 0.043664 0.801464 -0.167027
v 0.044202 0.652621 -0.114607
v 0.044070 0.648386 -0.127511
v 0.029888 0.652621 -0.114460
v 0.044202 0.652621 -0.114607
v 0.043664 0.801464 -0.167027
v 0.029348 0.801464 -0.166880
v 0.044070 0.648386 -0.127511
v 0.029755 0.648386 -0.127364
v 0.029282 0.799350 -0.173323
v 0.043597 0.799350 -0.173470
v 1.392084 0.382798 -2.199686
v 1.402477 0.382798 -2.199792
v 1.402474 0.366859 -2.200009
v 1.392081 0.366859 -2.199902
v 1.392081 0.366859 -2.199902
v 1.402474 0.366859 -2.200009
v 1.402615 0.358703 -2.186313
v 1.392221 0.358703 -2.186207
v 1.392221 0.358703 -2.186207
v 1.402615 0.358703 -2.186313
v 1.402758 0.366485 -2.172401
v 1.392365 0.366485 -2.172295
v 1.392365 0.366485 -2.172295
v 1.402758 0.366485 -2.172401
v 1.402760 0.382424 -2.172187
v 1.392367 0.382424 -2.172080
v 1.392367 0.382424 -2.172080
v 1.402760 0.382424 -2.172187
v 1.402620 0.390581 -2.185880
v 1.392227 0.390581 -2.185774
v 1.392227 0.390581 -2.185774
v 1.402620 0.390581 -2.185880
v 1.402477 0.382798 -2.199792
v 1.392084 0.382798 -2.199686
v 1.402620 0.390581 -2.185880
v 1.402615 0.358703 -2.186313
v 1.402474 0.366859 -2.200009
v 1.402477 0.382798 -2.199792
v 1.402760 0.382424 -2.172187
v 1.402758 0.366485 -2.172401
v 0.092740 1.355504 1.818887
v 0.097035 1.362160 1.818843
v 0.097388 1.362160 1.853170
v 0.093093 1.355504 1.853214
v 0.097035 1.362160 1.818843
v 0.092740 1.368817 1.818887
v 0.093093 1.368817 1.853214
v 0.097388 1.362160 1.853170
v 0.092740 1.368817 1.818887
v 0.084148 1.368817 1.818974
v 0.084501 1.368817 1.853302
v 0.093093 1.368817 1.853214
v 0.084148 1.368817 1.818974
v 0.079852 1.362160 1.819019
v 0.080206 1.362160 1.853346
v 0.084501 1.368817 1.853302
v 0.079852 1.362160 1.819019
v 0.084148 1.355504 1.818974
v 0.084501 1.355504 1.853302
v 0.080206 1.362160 1.853346
v 0.084148 1.355504 1.818974
v 0.092740 1.355504 1.818887
v 0.093093 1.355504 1.853214
v 0.084501 1.355504 1.853302
v 0.080206 1.362160 1.853346
v 0.097388 1.362160 1.853170
v 0.093093 1.368817 1.853214
v 0.084501 1.368817 1.853302
v 0.084501 1.355504 1.853302
v 0.093093 1.355504 1.853214
v 0.972252 0.406312 -0.632566
v 0.972252 0.561768 -0.632566
v 0.978376 0.612525 -0.036783
v 0.978376 0.406312 -0.036783
v 0.376467 0.561768 -0.626443
v 0.376467 0.406312 -0.626443
v 0.382590 0.406312 -0.030659
v 0.382590 0.612525 -0.030659
v 0.978376 0.406312 -0.036783
v 0.978376 0.612525 -0.036783
v 0.382590 0.612525 -0.030659
v 0.382590 0.406312 -0.030659
v 0.376467 0.406312 -0.626443
v 0.376467 0.561768 -0.626443
v 0.972252 0.561768 -0.632566
v 0.972252 0.406312 -0.632566
v 1.388980 0.289131 -1.264823
v 1.436493 0.381908 -1.277865
v 1.406511 0.391977 -1.296903
v 1.362979 0.305387 -1.284118
v 1.414191 0.272580 -1.284645
v 1.465256 0.371779 -1.298404
v 1.413773 0.272558 -1.323768
v 1.464039 0.371422 -1.337940
v 1.388124 0.289064 -1.343068
v 1.434026 0.381330 -1.356954
v 1.362540 0.305339 -1.323241
v 1.405255 0.391771 -1.336460
v 1.405255 0.391771 -1.336460
v 1.362540 0.305339 -1.323241
v 1.523004 0.541985 -1.339916
v 1.489704 0.554611 -1.319795
v 1.521101 0.539504 -1.378844
v 1.485895 0.549651 -1.397646
v 1.452594 0.562277 -1.377526
v 1.454498 0.564757 -1.338599
v 1.452594 0.562277 -1.377526
v 1.332448 0.269272 -1.283560
v 1.263840 0.246896 -1.283125
v 1.266455 0.213105 -1.263609
v 1.352143 0.241950 -1.264002
v 1.332042 0.269272 -1.323079
v 1.263438 0.246896 -1.322209
v 1.351330 0.241949 -1.343036
v 1.265651 0.213104 -1.341775
v 1.263438 0.246896 -1.322209
v 1.332042 0.269272 -1.323079
v 1.370614 0.213838 -1.323475
v 1.268637 0.179240 -1.322262
v 1.371020 0.213838 -1.283956
v 1.269039 0.179240 -1.283178
v 1.092965 0.316799 -1.320457
v 1.093366 0.316799 -1.281373
v 1.079494 0.287850 -1.339861
v 1.092965 0.316799 -1.320457
v 1.066426 0.258901 -1.320184
v 1.066828 0.258901 -1.281100
v 1.080297 0.287850 -1.261695
v -1.361219 0.406972 -2.235034
v -1.361057 0.408976 -2.219220
v -1.371449 0.408976 -2.219112
v -1.371612 0.406972 -2.234926
v -1.361057 0.408976 -2.219220
v -1.360993 0.423673 -2.213049
v -1.371387 0.423673 -2.212942
v -1.371449 0.408976 -2.219112
v -1.360993 0.423673 -2.213049
v -1.361093 0.436366 -2.222690
v -1.371485 0.436366 -2.222583
v -1.371387 0.423673 -2.212942
v -1.361093 0.436366 -2.222690
v -1.361255 0.434362 -2.238504
v -1.371647 0.434362 -2.238397
v -1.371485 0.436366 -2.222583
v -1.361255 0.434362 -2.238504
v -1.361319 0.419665 -2.244676
v -1.371711 0.419665 -2.244569
v -1.371647 0.434362 -2.238397
v -1.361319 0.419665 -2.244676
v -1.361219 0.406972 -2.235034
v -1.371612 0.406972 -2.234926
v -1.371711 0.419665 -2.244569
v -1.371485 0.436366 -2.222583
v -1.371612 0.406972 -2.234926
v -1.371449 0.408976 -2.219112
v -1.371387 0.423673 -2.212942
v -1.371711 0.419665 -2.244569
v -1.371647 0.434362 -2.238397
v -1.252330 1.311583 0.294023
v -1.236766 1.307903 0.270060
v -1.176824 1.254835 0.290570
v -1.188537 1.254655 0.317155
v -1.236766 1.307903 0.270060
v -1.225694 1.349654 0.276086
v -1.132435 1.272944 0.310010
v -1.176824 1.254835 0.290570
v -1.236867 1.349482 0.301449
v -1.144364 1.272761 0.337085
v -1.146173 0.396889 -2.264885
v -1.145263 0.383268 -2.176302
v 1.176726 0.383268 -2.200167
v 1.175816 0.396889 -2.288750
v 1.175816 0.308302 -2.288750
v 1.176726 0.327150 -2.200167
v -1.145263 0.327150 -2.176302
v -1.146173 0.308302 -2.264885
v -1.145263 0.327150 -2.176302
v 1.176726 0.327150 -2.200167
v 1.176726 0.383268 -2.200167
v -1.145263 0.383268 -2.176302
v 1.175816 0.308302 -2.288750
v -1.146173 0.308302 -2.264885
v -1.146173 0.396889 -2.264885
v 1.175816 0.396889 -2.288750
v -0.620691 0.970377 0.094397
v -0.645189 0.974491 0.096983
v -0.642700 1.146968 0.194777
v -0.561594 1.133346 0.186218
v -0.424676 1.210369 0.231209
v -0.480706 1.278755 0.270562
v -0.472758 1.299525 0.255476
v -0.412508 1.226372 0.213373
v -0.415600 1.126600 0.183611
v -0.402527 1.136627 0.162380
v -0.455911 1.049894 0.140529
v -0.445493 1.054337 0.116159
v -0.534808 1.000805 0.113504
v -0.529891 1.001553 0.087093
v -0.631149 0.992485 0.109775
v -0.633108 0.992416 0.082973
v -0.719122 1.027164 0.130344
v -0.727486 1.029376 0.104903
v -0.775152 1.095550 0.169698
v -0.787737 1.102529 0.147004
v -0.784228 1.179318 0.217294
v -0.797718 1.192274 0.197996
v -0.743918 1.256024 0.260377
v -0.754752 1.274564 0.244218
v -0.665020 1.305114 0.287404
v -0.670353 1.327349 0.273284
v -0.568679 1.313433 0.291132
v -0.567137 1.336486 0.277403
v -0.456445 1.318085 0.265832
v -0.387754 1.235397 0.218236
v -0.375967 1.133699 0.160447
v -0.424241 1.040240 0.107945
v -0.519643 0.980064 0.074802
v -0.636610 0.969295 0.069897
v -0.743798 1.010817 0.094546
v -0.812490 1.093505 0.142141
v -0.824277 1.195203 0.199932
v -0.776003 1.288661 0.252432
v -0.680602 1.348837 0.285574
v -0.563635 1.359607 0.290479
v -0.448081 1.315873 0.291275
v -0.375169 1.228417 0.240933
v -0.362477 1.120743 0.179744
v -0.413407 1.021700 0.124104
v -0.514311 0.957829 0.088922
v -0.638153 0.946243 0.083626
v -0.751748 0.990045 0.109631
v -0.824659 1.077501 0.159973
v -0.837350 1.185176 0.221163
v -0.786421 1.284218 0.276802
v -0.685517 1.348089 0.311983
v -0.561675 1.359676 0.317281
v -0.375169 1.228417 0.240933
v -0.448081 1.315873 0.291275
v -0.456029 1.295102 0.306361
v -0.387337 1.212414 0.258766
v -0.362477 1.120743 0.179744
v -0.375549 1.110715 0.200976
v -0.413407 1.021700 0.124104
v -0.423825 1.017257 0.148475
v -0.514311 0.957829 0.088922
v -0.519227 0.957081 0.115332
v -0.638153 0.946243 0.083626
v -0.636194 0.946312 0.110427
v -0.751748 0.990045 0.109631
v -0.743382 0.987834 0.135074
v -0.824659 1.077501 0.159973
v -0.812074 1.070522 0.182669
v -0.837350 1.185176 0.221163
v -0.823862 1.172220 0.240459
v -0.786421 1.284218 0.276802
v -0.775587 1.265678 0.292961
v -0.685517 1.348089 0.311983
v -0.680185 1.325854 0.326104
v -0.561675 1.359676 0.317281
v -0.563219 1.336624 0.331009
v -0.472342 1.276543 0.296004
v -0.412092 1.203390 0.253903
v -0.402112 1.113644 0.202910
v -0.445077 1.031355 0.156687
v -0.529476 0.978570 0.127623
v -0.632692 0.969433 0.123501
v -0.727070 1.006393 0.145431
v -0.787321 1.079546 0.187533
v -0.797300 1.169291 0.238527
v -0.754335 1.251581 0.284749
v -0.669937 1.304366 0.313814
v -0.566720 1.313503 0.317934
v -0.480706 1.278755 0.270562
v -0.424676 1.210369 0.231209
v -0.415600 1.126600 0.183611
v -0.455911 1.049894 0.140529
v -0.534808 1.000805 0.113504
v -0.631149 0.992485 0.109775
v -0.719122 1.027164 0.130344
v -0.775152 1.095550 0.169698
v -0.784228 1.179318 0.217294
v -0.743918 1.256024 0.260377
v -0.665020 1.305114 0.287404
v -0.568679 1.313433 0.291132
v 0.030388 0.689129 0.060094
v 0.030561 0.689129 0.076992
v 0.035523 0.883904 0.071929
v 0.035451 0.883904 0.065056
v 0.042324 0.883904 0.064986
v 0.042396 0.883904 0.071859
v 0.047460 0.689129 0.076818
v 0.047287 0.689129 0.059921
v 0.047460 0.689129 0.076818
v 0.042396 0.883904 0.071859
v -1.360697 0.292227 -1.143958
v -1.328934 0.307477 -1.144104
v -1.360385 0.372468 -1.152078
v -1.394795 0.363110 -1.152132
v -1.376746 0.284897 -1.177731
v -1.411935 0.358926 -1.186122
v -1.361347 0.292973 -1.211647
v -1.394626 0.363980 -1.220046
v -1.329572 0.308212 -1.211795
v -1.360179 0.373511 -1.220025
v -1.313176 0.315387 -1.178025
v -1.343079 0.377829 -1.186047
v -1.343079 0.377829 -1.186047
v -1.313176 0.315387 -1.178025
v -1.418517 0.573557 -1.187991
v -1.457569 0.557403 -1.191164
v -1.472430 0.545357 -1.229007
v -1.448242 0.549464 -1.263675
v -1.409189 0.565617 -1.260499
v -1.394329 0.577664 -1.222659
v -1.394329 0.577664 -1.222659
v -1.286930 0.282498 -1.178683
v -1.298503 0.268457 -1.144878
v -1.208348 0.230746 -1.146249
v -1.208153 0.250643 -1.179868
v -1.299186 0.269243 -1.212568
v -1.286930 0.282498 -1.178683
v -1.208153 0.250643 -1.179868
v -1.209044 0.231544 -1.213937
v -1.322467 0.241142 -1.212658
v -1.210736 0.192354 -1.214382
v -1.333619 0.226442 -1.178863
v -1.211388 0.172354 -1.180758
v -1.321779 0.240354 -1.144968
v -1.210041 0.191556 -1.146692
v -1.023758 0.296181 -1.147676
v -1.032820 0.313677 -1.181228
v -1.032820 0.313677 -1.181228
v -1.024454 0.296979 -1.215364
v -1.007023 0.262785 -1.215947
v -0.997961 0.245289 -1.182393
v -1.006327 0.261987 -1.148258
v 0.123113 1.416086 1.924841
v 0.118676 1.414265 1.924887
v 0.118890 1.414265 1.945670
v 0.123327 1.416086 1.945624
v 0.118676 1.414265 1.924887
v 0.118507 1.409472 1.924888
v 0.118721 1.409472 1.945672
v 0.118890 1.414265 1.945670
v 0.118507 1.409472 1.924888
v 0.122775 1.406499 1.924844
v 0.122988 1.406499 1.945628
v 0.118721 1.409472 1.945672
v 0.122775 1.406499 1.924844
v 0.127211 1.408320 1.924798
v 0.127426 1.408320 1.945583
v 0.122988 1.406499 1.945628
v 0.127211 1.408320 1.924798
v 0.127382 1.413113 1.924796
v 0.127595 1.413113 1.945580
v 0.127426 1.408320 1.945583
v 0.127382 1.413113 1.924796
v 0.123113 1.416086 1.924841
v 0.123327 1.416086 1.945624
v 0.127595 1.413113 1.945580
v 0.122988 1.406499 1.945628
v 0.123327 1.416086 1.945624
v 0.118890 1.414265 1.945670
v 0.118721 1.409472 1.945672
v 0.127595 1.413113 1.945580
v 0.127426 1.408320 1.945583
v -0.018202 0.677069 0.119883
v -0.018099 0.642886 0.129936
v 0.097201 0.642886 0.128751
v 0.097099 0.677069 0.118698
v -0.019160 0.679689 0.026641
v -0.018858 0.699815 0.056041
v 0.096442 0.699815 0.054856
v 0.096140 0.679689 0.025455
v -0.018492 0.698814 0.091657
v 0.096809 0.698814 0.090472
v -0.018492 0.698814 0.091657
v -0.018858 0.699815 0.056041
v -0.019160 0.679689 0.026641
v -0.018202 0.677069 0.119883
v 0.097201 0.642886 0.128751
v 0.096018 0.646124 0.013497
v 0.096140 0.679689 0.025455
v 0.097099 0.677069 0.118698
v -0.019283 0.646124 0.014682
v 0.096018 0.646124 0.013497
v -0.019283 0.646124 0.014682
v -0.018099 0.642886 0.129936
v 0.096442 0.699815 0.054856
v 0.096809 0.698814 0.090472
v 0.097174 1.447461 1.925102
v 0.101401 1.449724 1.925244
v 0.100783 1.449564 1.946019
v 0.096557 1.447301 1.945875
v 0.101401 1.449724 1.925244
v 0.101079 1.454510 1.925272
v 0.100462 1.454349 1.946046
v 0.100783 1.449564 1.946019
v 0.101079 1.454510 1.925272
v 0.096531 1.457032 1.925156
v 0.095914 1.456872 1.945930
v 0.100462 1.454349 1.946046
v 0.096531 1.457032 1.925156
v 0.092305 1.454769 1.925014
v 0.091687 1.454609 1.945788
v 0.095914 1.456872 1.945930
v 0.092305 1.454769 1.925014
v 0.092626 1.449983 1.924986
v 0.092010 1.449823 1.945760
v 0.091687 1.454609 1.945788
v 0.092626 1.449983 1.924986
v 0.097174 1.447461 1.925102
v 0.096557 1.447301 1.945875
v 0.092010 1.449823 1.945760
v 0.092010 1.449823 1.945760
v 0.096557 1.447301 1.945875
v 0.095914 1.456872 1.945930
v 0.091687 1.454609 1.945788
v 0.100783 1.449564 1.946019
v 0.100462 1.454349 1.946046
v -1.448698 1.328543 0.192166
v -1.425820 1.301688 0.197614
v -1.431548 1.303789 0.238904
v -1.455770 1.332223 0.233137
v -1.431548 1.303789 0.238904
v -1.319454 1.356359 0.333777
v -1.426253 1.444117 0.189827
v -1.452977 1.420682 0.186528
v -1.460062 1.421902 0.227632
v -1.432284 1.446261 0.231063
v -1.432284 1.446261 0.231063
v -1.312766 1.388132 0.329278
v -1.193202 1.387037 0.237952
v -1.214086 1.415518 0.232758
v -1.221166 1.417812 0.273805
v -1.199009 1.388919 0.271613
v -1.221166 1.417812 0.273805
v -1.276923 1.384727 0.335889
v -1.233022 1.275865 0.237049
v -1.204712 1.297294 0.240734
v -1.210518 1.299176 0.274395
v -1.240102 1.278159 0.278096
v -1.240102 1.278159 0.278096
v -1.280725 1.352680 0.340922
v -1.233022 1.275865 0.237049
v -1.240102 1.278159 0.278096
v -1.204712 1.297294 0.240734
v -1.233022 1.275865 0.237049
v -1.235651 1.286590 0.235997
v -1.214074 1.302923 0.238805
v -1.425820 1.301688 0.197614
v -1.420594 1.311288 0.197978
v -1.448698 1.328543 0.192166
v -1.438579 1.332400 0.193696
v -1.452977 1.420682 0.186528
v -1.442899 1.416049 0.188525
v -1.426253 1.444117 0.189827
v -1.423194 1.433329 0.190957
v -1.214086 1.415518 0.232758
v -1.219731 1.405978 0.232319
v -1.193202 1.387037 0.237952
v -1.203814 1.384271 0.236278
v -1.214074 1.302923 0.238805
v -1.235651 1.286590 0.235997
v -1.238013 1.288767 0.247371
v -1.217400 1.304371 0.250055
v -1.420594 1.311288 0.197978
v -1.421834 1.313303 0.209555
v -1.438579 1.332400 0.193696
v -1.439122 1.333595 0.205440
v -1.442899 1.416049 0.188525
v -1.443448 1.416031 0.200334
v -1.423194 1.433329 0.190957
v -1.424745 1.432433 0.202645
v -1.219731 1.405978 0.232319
v -1.222524 1.405259 0.243780
v -1.203814 1.384271 0.236278
v -1.207318 1.384521 0.247563
v -1.351525 0.297981 -1.442003
v -1.324471 0.312042 -1.462158
v -1.360098 0.386013 -1.471608
v -1.390836 0.376832 -1.450763
v -1.378565 0.282736 -1.460915
v -1.421499 0.367057 -1.471050
v -1.378696 0.281909 -1.501233
v -1.421415 0.366119 -1.512126
v -1.352266 0.296070 -1.520146
v -1.390630 0.375114 -1.532940
v -1.324826 0.311070 -1.501231
v -1.359972 0.385249 -1.512713
v -1.324471 0.312042 -1.462158
v -1.360098 0.386013 -1.471608
v -1.468683 0.570835 -1.499103
v -1.497516 0.555132 -1.521791
v -1.492642 0.549315 -1.562664
v -1.458930 0.559201 -1.580844
v -1.430097 0.574904 -1.558156
v -1.434973 0.580721 -1.517284
v -1.434973 0.580721 -1.517284
v -1.286738 0.270154 -1.461563
v -1.305260 0.243557 -1.441201
v -1.212173 0.209905 -1.441368
v -1.211155 0.244102 -1.461729
v -1.287139 0.269238 -1.500638
v -1.286738 0.270154 -1.461563
v -1.211155 0.244102 -1.461729
v -1.211558 0.243186 -1.500803
v -1.306063 0.241724 -1.519346
v -1.212977 0.208072 -1.519513
v -1.324137 0.214310 -1.498968
v -1.214382 0.173815 -1.499147
v -1.323736 0.215227 -1.459896
v -1.213980 0.174731 -1.460073
v -1.033396 0.308628 -1.464471
v -1.033797 0.307712 -1.503542
v -1.018891 0.276967 -1.522524
v -1.003586 0.247139 -1.502434
v -1.003185 0.248055 -1.463361
v -1.018088 0.278800 -1.444379
v -1.033396 0.308628 -1.464471
v -0.397111 1.122267 0.176209
v -0.402728 1.101288 0.163876
v -0.600803 1.107249 0.170862
v -0.582206 1.176704 0.211693
v 0.092740 1.487326 1.818887
v 0.097035 1.493983 1.818843
v 0.097388 1.493983 1.853170
v 0.093093 1.487326 1.853214
v 0.097035 1.493983 1.818843
v 0.092740 1.500639 1.818887
v 0.093093 1.500639 1.853214
v 0.097388 1.493983 1.853170
v 0.092740 1.500639 1.818887
v 0.084148 1.500639 1.818974
v 0.084501 1.500639 1.853302
v 0.093093 1.500639 1.853214
v 0.084148 1.500639 1.818974
v 0.079852 1.493983 1.819019
v 0.080206 1.493983 1.853346
v 0.084501 1.500639 1.853302
v 0.079852 1.493983 1.819019
v 0.084148 1.487326 1.818974
v 0.084501 1.487326 1.853302
v 0.080206 1.493983 1.853346
v 0.084148 1.487326 1.818974
v 0.092740 1.487326 1.818887
v 0.093093 1.487326 1.853214
v 0.084501 1.487326 1.853302
v 0.080206 1.493983 1.853346
v 0.097388 1.493983 1.853170
v 0.093093 1.500639 1.853214
v 0.084501 1.500639 1.853302
v 0.084501 1.487326 1.853302
v 0.093093 1.487326 1.853214
v 0.087625 1.432748 1.925205
v 0.084296 1.436201 1.925240
v 0.084509 1.436201 1.946023
v 0.087839 1.432748 1.945989
v 0.084296 1.436201 1.925240
v 0.079778 1.434589 1.925286
v 0.079991 1.434589 1.946070
v 0.084509 1.436201 1.946023
v 0.079778 1.434589 1.925286
v 0.078590 1.429524 1.925299
v 0.078804 1.429524 1.946082
v 0.079991 1.434589 1.946070
v 0.078590 1.429524 1.925299
v 0.081920 1.426072 1.925264
v 0.082134 1.426072 1.946048
v 0.078804 1.429524 1.946082
v 0.081920 1.426072 1.925264
v 0.086437 1.427684 1.925217
v 0.086652 1.427684 1.946002
v 0.082134 1.426072 1.946048
v 0.086437 1.427684 1.925217
v 0.087625 1.432748 1.925205
v 0.087839 1.432748 1.945989
v 0.086652 1.427684 1.946002
v 0.082134 1.426072 1.946048
v 0.084509 1.436201 1.946023
v 0.079991 1.434589 1.946070
v 0.078804 1.429524 1.946082
v 0.086652 1.427684 1.946002
v 0.087839 1.432748 1.945989
v 0.113506 1.421561 1.929628
v 0.119440 1.431979 1.929567
v 0.119632 1.431979 1.948265
v 0.113699 1.421561 1.948327
v 0.119440 1.431979 1.929567
v 0.113506 1.442396 1.929628
v 0.113699 1.442396 1.948327
v 0.119632 1.431979 1.948265
v 0.113506 1.442396 1.929628
v 0.101641 1.442396 1.929750
v 0.101833 1.442396 1.948449
v 0.113699 1.442396 1.948327
v 0.101641 1.442396 1.929750
v 0.095707 1.431979 1.929811
v 0.095900 1.431979 1.948509
v 0.101833 1.442396 1.948449
v 0.095707 1.431979 1.929811
v 0.101641 1.421561 1.929750
v 0.101833 1.421561 1.948449
v 0.095900 1.431979 1.948509
v 0.101641 1.421561 1.929750
v 0.113506 1.421561 1.929628
v 0.113699 1.421561 1.948327
v 0.101833 1.421561 1.948449
v 0.095900 1.431979 1.948509
v 0.119632 1.431979 1.948265
v 0.113699 1.442396 1.948327
v 0.101833 1.442396 1.948449
v 0.101833 1.421561 1.948449
v 0.113699 1.421561 1.948327
v -0.074802 1.376735 1.822494
v -0.074520 1.376735 1.850027
v -0.074520 1.479303 1.850027
v -0.074802 1.479303 1.822494
v -0.061625 1.494661 1.822359
v -0.061342 1.494661 1.849891
v 0.175695 1.494661 1.847455
v 0.175413 1.494661 1.819922
v 0.188590 1.479303 1.819787
v 0.188872 1.479303 1.847320
v 0.188872 1.376735 1.847320
v 0.188590 1.376735 1.819787
v 0.175413 1.361377 1.819922
v 0.175695 1.361377 1.847455
v -0.061342 1.361377 1.849891
v -0.061625 1.361377 1.822359
v 0.175695 1.361377 1.847455
v 0.175413 1.361377 1.819922
v 0.175695 1.361377 1.847455
v 0.188872 1.376735 1.847320
v 0.188872 1.479303 1.847320
v 0.175695 1.494661 1.847455
v -0.074520 1.376735 1.850027
v -0.061342 1.361377 1.849891
v -0.061342 1.494661 1.849891
v -0.074520 1.479303 1.850027
v -0.487571 0.535950 0.693881
v -0.486514 0.546347 0.796603
v -0.486589 0.573091 0.789436
v -0.487511 0.564336 0.699671
v -0.487511 0.564336 0.699671
v -0.486589 0.573091 0.789436
v -0.458901 0.573091 0.789150
v -0.459823 0.564336 0.699387
v -0.459823 0.564336 0.699387
v -0.458901 0.573091 0.789150
v -0.458827 0.546347 0.796319
v -0.459884 0.535950 0.693597
v -0.485619 0.595220 0.883794
v -0.485692 0.621964 0.876627
v -0.485692 0.621964 0.876627
v -0.458005 0.621964 0.876342
v -0.458005 0.621964 0.876342
v -0.457931 0.595220 0.883509
v 1.106728 0.197940 -1.930937
v 1.100203 0.197940 -2.565738
v 1.101834 0.039046 -2.407038
v 1.105096 0.039046 -2.089636
v 1.100203 0.515728 -2.565738
v 1.106728 0.515728 -1.930937
v 1.105096 0.674623 -2.089636
v 1.101834 0.674623 -2.407038
v -1.254867 0.346780 1.718088
v -1.255006 0.355058 1.704467
v -1.265400 0.355058 1.704573
v -1.265260 0.346780 1.718194
v -1.255006 0.355058 1.704467
v -1.255149 0.347401 1.690487
v -1.265543 0.347401 1.690593
v -1.265400 0.355058 1.704573
v -1.255149 0.347401 1.690487
v -1.255154 0.331464 1.690128
v -1.265546 0.331464 1.690234
v -1.265543 0.347401 1.690593
v -1.255154 0.331464 1.690128
v -1.255013 0.323186 1.703750
v -1.265406 0.323186 1.703856
v -1.265546 0.331464 1.690234
v -1.255013 0.323186 1.703750
v -1.254869 0.330844 1.717729
v -1.265263 0.330844 1.717835
v -1.265406 0.323186 1.703856
v -1.254869 0.330844 1.717729
v -1.254867 0.346780 1.718088
v -1.265260 0.346780 1.718194
v -1.265263 0.330844 1.717835
v -1.265263 0.330844 1.717835
v -1.265260 0.346780 1.718194
v -1.265400 0.355058 1.704573
v -1.265406 0.323186 1.703856
v -1.265543 0.347401 1.690593
v -1.265546 0.331464 1.690234
v -0.964101 0.237560 1.975653
v -0.965732 0.078665 1.816953
v -0.968994 0.078665 1.499553
v -0.970625 0.237560 1.340852
v -0.970625 0.555348 1.340852
v -0.968994 0.714242 1.499553
v -0.965732 0.714242 1.816953
v -0.964101 0.555348 1.975653
v 0.027201 0.851672 0.020034
v 0.027842 0.851672 0.082490
v 0.027842 0.858313 0.082490
v 0.027201 0.858313 0.020034
v 0.050295 0.858313 0.082259
v 0.049652 0.858313 0.019803
v 0.050295 0.851672 0.082259
v 0.049652 0.851672 0.019803
v 0.027842 0.851672 0.082490
v 0.050295 0.851672 0.082259
v 0.049652 0.851672 0.019803
v 0.027201 0.851672 0.020034
v -1.097738 0.889617 -1.935492
v 0.018259 0.892884 -1.942383
v 0.017866 1.063881 -1.980612
v -1.098024 1.058708 -1.963419
v 0.018259 0.892884 -1.942383
v 1.134161 0.889617 -1.958432
v 1.133844 1.065395 -1.989264
v 0.017866 1.063881 -1.980612
v -1.098024 1.058708 -1.963419
v 0.017866 1.063881 -1.980612
v 0.016101 1.064433 -2.152270
v -1.099783 1.070290 -2.134499
v 0.017866 1.063881 -1.980612
v 1.133844 1.065395 -1.989264
v 1.132115 1.070290 -2.157438
v 0.016101 1.064433 -2.152270
v -1.099783 1.070290 -2.134499
v 0.016101 1.064433 -2.152270
v 0.015937 0.894210 -2.168235
v -1.100045 0.893648 -2.159916
v 0.016101 1.064433 -2.152270
v 1.132115 1.070290 -2.157438
v 1.131854 0.893648 -2.182856
v 0.015937 0.894210 -2.168235
v -0.097202 0.626166 0.204467
v -0.071845 0.647144 0.202847
v -0.075989 0.647144 -0.200380
v -0.101361 0.626165 -0.200119
v -0.087749 0.730807 1.017571
v -0.062966 0.752660 1.017317
v 0.152434 0.647144 0.200541
v 0.177821 0.626166 0.201640
v 0.173663 0.626165 -0.202945
v 0.148290 0.647144 -0.202685
v 0.160298 0.752660 1.015022
v 0.185081 0.730807 1.014768
v -0.049624 0.614852 -0.232942
v -0.074996 0.593874 -0.232681
v -0.101361 0.626165 -0.200119
v -0.075989 0.647144 -0.200380
v 0.146635 0.593874 -0.234959
v 0.121262 0.614852 -0.234698
v 0.148290 0.647144 -0.202685
v 0.173663 0.626165 -0.202945
v -0.139794 0.403647 0.203544
v -0.131423 0.403647 1.018021
v -0.087749 0.730807 1.017571
v -0.097202 0.626166 0.204467
v -0.071845 0.647144 0.202847
v -0.062966 0.752660 1.017317
v 0.160298 0.752660 1.015022
v 0.152434 0.647144 0.200541
v 0.177821 0.626166 0.201640
v 0.185081 0.730807 1.014768
v 0.228755 0.403647 1.014318
v 0.220385 0.403647 0.199842
v -0.111394 0.403647 -0.232307
v -0.143938 0.403647 -0.199682
v 0.216240 0.403647 -0.203383
v 0.183032 0.403647 -0.235333
v -0.143938 0.403647 -0.199682
v 0.148290 0.647144 -0.202685
v -0.075989 0.647144 -0.200380
v 0.216240 0.403647 -0.203383
v -0.916591 0.417323 1.638036
v -0.916090 0.408120 1.686669
v 0.055454 0.717746 1.676683
v 0.054955 0.726949 1.628051
v 0.054955 0.649962 1.628051
v 0.055454 0.661280 1.676683
v -0.916090 0.379184 1.686669
v -0.916591 0.367865 1.638036
v -0.916090 0.379184 1.686669
v 0.055454 0.661280 1.676683
v 0.055454 0.717746 1.676683
v -0.916090 0.408120 1.686669
v 0.054955 0.726949 1.628051
v 0.054955 0.649962 1.628051
v -0.916591 0.367865 1.638036
v -0.916591 0.417323 1.638036
v 1.026500 0.367865 1.618065
v 1.026500 0.417323 1.618065
v 1.026500 0.367865 1.618065
v 1.027000 0.379184 1.666698
v 1.027000 0.379184 1.666698
v 1.027000 0.408120 1.666698
v 1.027000 0.408120 1.666698
v 1.026500 0.417323 1.618065
v -1.255976 0.413198 1.610149
v -1.256099 0.423599 1.598071
v -1.266492 0.423599 1.598178
v -1.266369 0.413198 1.610256
v -1.256099 0.423599 1.598071
v -1.256254 0.418338 1.583025
v -1.266647 0.418338 1.583131
v -1.266492 0.423599 1.598178
v -1.256254 0.418338 1.583025
v -1.256285 0.402677 1.580056
v -1.266678 0.402677 1.580163
v -1.266647 0.418338 1.583131
v -1.256285 0.402677 1.580056
v -1.256160 0.392276 1.592136
v -1.266553 0.392276 1.592242
v -1.266678 0.402677 1.580163
v -1.256160 0.392276 1.592136
v -1.256006 0.397536 1.607182
v -1.266399 0.397536 1.607289
v -1.266553 0.392276 1.592242
v -1.256006 0.397536 1.607182
v -1.255976 0.413198 1.610149
v -1.266369 0.413198 1.610256
v -1.266399 0.397536 1.607289
v -1.266553 0.392276 1.592242
v -1.266492 0.423599 1.598178
v -1.266647 0.418338 1.583131
v -1.266678 0.402677 1.580163
v -1.266399 0.397536 1.607289
v -1.266369 0.413198 1.610256
v 0.192947 1.447126 1.817857
v 0.197243 1.453782 1.817812
v 0.197596 1.453782 1.852140
v 0.193301 1.447126 1.852184
v 0.197243 1.453782 1.817812
v 0.192947 1.460439 1.817857
v 0.193301 1.460439 1.852184
v 0.197596 1.453782 1.852140
v 0.192947 1.460439 1.817857
v 0.184357 1.460439 1.817945
v 0.184709 1.460439 1.852273
v 0.193301 1.460439 1.852184
v 0.184357 1.460439 1.817945
v 0.180060 1.453782 1.817990
v 0.180414 1.453782 1.852317
v 0.184709 1.460439 1.852273
v 0.180060 1.453782 1.817990
v 0.184357 1.447126 1.817945
v 0.184709 1.447126 1.852273
v 0.180414 1.453782 1.852317
v 0.184357 1.447126 1.817945
v 0.192947 1.447126 1.817857
v 0.193301 1.447126 1.852184
v 0.184709 1.447126 1.852273
v 0.180414 1.453782 1.852317
v 0.197596 1.453782 1.852140
v 0.193301 1.460439 1.852184
v 0.184709 1.460439 1.852273
v 0.184709 1.447126 1.852273
v 0.193301 1.447126 1.852184
v 0.038312 1.398810 1.872764
v -0.001712 1.410606 1.873175
v -0.001974 1.410606 1.847819
v 0.038052 1.398810 1.847407
v 0.060329 1.471306 1.847178
v 0.060590 1.471306 1.872535
v 0.144236 1.471306 1.871676
v 0.143976 1.471306 1.846318
v 0.164874 1.414345 1.846104
v 0.165134 1.414345 1.871461
v 0.144236 1.395358 1.871676
v 0.143976 1.395358 1.846318
v 0.143976 1.395358 1.846318
v 0.144236 1.395358 1.871676
v 0.060590 1.395358 1.872535
v 0.060329 1.395358 1.847178
v 0.144236 1.471306 1.871676
v 0.144236 1.395358 1.871676
v 0.165134 1.414345 1.871461
v 0.165134 1.452319 1.871461
v 0.038312 1.398810 1.872764
v 0.060590 1.395358 1.872535
v 0.060590 1.471306 1.872535
v 0.038312 1.467854 1.872764
v 0.038052 1.467854 1.847407
v 0.038312 1.467854 1.872764
v -0.001712 1.410606 1.873175
v -0.001712 1.456058 1.873175
v 0.165134 1.452319 1.871461
v 0.164874 1.452319 1.846104
v -0.001974 1.456058 1.847819
v -0.001712 1.456058 1.873175
v -0.046510 1.437650 1.848276
v -0.046249 1.437650 1.873633
v -0.046249 1.429014 1.873633
v -0.046510 1.429014 1.848276
v -0.046510 1.429014 1.848276
v -0.046249 1.429014 1.873633
v -0.046249 1.437650 1.873633
v -0.046510 1.437650 1.848276
v -0.046249 1.437650 1.873633
v -0.046249 1.429014 1.873633
v 0.133868 1.427608 1.924730
v 0.137901 1.430201 1.924843
v 0.137419 1.430038 1.945621
v 0.133385 1.427445 1.945506
v 0.137901 1.430201 1.924843
v 0.137201 1.434946 1.924864
v 0.136717 1.434783 1.945642
v 0.137419 1.430038 1.945621
v 0.137201 1.434946 1.924864
v 0.132465 1.437097 1.924772
v 0.131981 1.436934 1.945549
v 0.136717 1.434783 1.945642
v 0.132465 1.437097 1.924772
v 0.128432 1.434504 1.924657
v 0.127949 1.434341 1.945435
v 0.131981 1.436934 1.945549
v 0.128432 1.434504 1.924657
v 0.129134 1.429759 1.924636
v 0.128650 1.429596 1.945414
v 0.127949 1.434341 1.945435
v 0.129134 1.429759 1.924636
v 0.133868 1.427608 1.924730
v 0.133385 1.427445 1.945506
v 0.128650 1.429596 1.945414
v 0.128650 1.429596 1.945414
v 0.133385 1.427445 1.945506
v 0.131981 1.436934 1.945549
v 0.127949 1.434341 1.945435
v 0.137419 1.430038 1.945621
v 0.136717 1.434783 1.945642
v 0.028330 0.877378 0.058781
v 0.028546 0.877378 0.079773
v 0.015200 0.925116 0.093394
v 0.014708 0.925116 0.045437
v 0.026660 0.961752 0.057146
v 0.026910 0.961752 0.081442
v 0.051206 0.961752 0.081192
v 0.050956 0.961752 0.056896
v 0.062665 0.925116 0.044944
v 0.063157 0.925116 0.092901
v 0.049535 0.877378 0.079557
v 0.049320 0.877378 0.058565
v 0.028546 0.877378 0.079773
v 0.015200 0.925116 0.093394
v 0.015200 0.944376 0.093394
v 0.014708 0.944376 0.045437
v 0.063157 0.944376 0.092901
v 0.015200 0.944376 0.093394
v 0.062665 0.944376 0.044944
v 0.014708 0.944376 0.045437
v 0.015200 0.944376 0.093394
v 0.063157 0.944376 0.092901
v 0.062665 0.944376 0.044944
v 1.366429 0.433008 1.698760
v 1.376822 0.433008 1.698653
v 1.376688 0.423691 1.685721
v 1.366296 0.423691 1.685827
v 1.366296 0.423691 1.685827
v 1.376688 0.423691 1.685721
v 1.376705 0.407831 1.687322
v 1.366312 0.407831 1.687428
v 1.366312 0.407831 1.687428
v 1.376705 0.407831 1.687322
v 1.376855 0.401289 1.701858
v 1.366462 0.401289 1.701964
v 1.366462 0.401289 1.701964
v 1.376855 0.401289 1.701858
v 1.376988 0.410606 1.714791
v 1.366594 0.410606 1.714898
v 1.366594 0.410606 1.714898
v 1.376988 0.410606 1.714791
v 1.376971 0.426465 1.713188
v 1.366578 0.426465 1.713295
v 1.366578 0.426465 1.713295
v 1.376971 0.426465 1.713188
v 1.376822 0.433008 1.698653
v 1.366429 0.433008 1.698760
v 1.376822 0.433008 1.698653
v 1.376855 0.401289 1.701858
v 1.376705 0.407831 1.687322
v 1.376688 0.423691 1.685721
v 1.376971 0.426465 1.713188
v 1.376988 0.410606 1.714791
v 1.398036 0.297981 -1.470262
v 1.437160 0.376832 -1.479828
v 1.406000 0.386013 -1.500038
v 1.370574 0.312042 -1.489858
v 1.424682 0.282736 -1.489727
v 1.467399 0.367057 -1.500742
v 1.423986 0.281909 -1.530038
v 1.466470 0.366119 -1.541808
v 1.397172 0.296070 -1.548405
v 1.435265 0.375114 -1.561984
v 1.370126 0.311070 -1.528930
v 1.405029 0.385249 -1.541132
v 1.370574 0.312042 -1.489858
v 1.406000 0.386013 -1.500038
v 1.542358 0.555132 -1.553034
v 1.513996 0.570835 -1.529758
v 1.536643 0.549315 -1.593799
v 1.502565 0.559201 -1.611282
v 1.474204 0.574904 -1.588005
v 1.479919 0.580721 -1.547243
v 1.479919 0.580721 -1.547243
v 1.332862 0.270154 -1.488487
v 1.257292 0.244102 -1.487099
v 1.258728 0.209905 -1.466765
v 1.351799 0.243557 -1.468511
v 1.332458 0.269238 -1.527561
v 1.256890 0.243186 -1.526174
v 1.257292 0.244102 -1.487099
v 1.332862 0.270154 -1.488487
v 1.350996 0.241724 -1.546656
v 1.257924 0.208072 -1.544909
v 1.369484 0.214310 -1.526653
v 1.259749 0.173815 -1.524576
v 1.369886 0.215227 -1.487581
v 1.260151 0.174731 -1.485502
v 1.079111 0.307712 -1.525260
v 1.079514 0.308628 -1.486187
v 1.063820 0.276967 -1.543930
v 1.048929 0.247139 -1.523529
v 1.049330 0.248055 -1.484457
v 1.064623 0.278800 -1.465785
v 1.079514 0.308628 -1.486187
v -1.362837 0.289168 -1.341205
v -1.331610 0.305710 -1.341443
v -1.397492 0.424339 -1.361394
v -1.432288 0.414115 -1.362181
v -1.378633 0.280965 -1.376086
v -1.448638 0.407779 -1.395801
v -1.363512 0.289472 -1.411195
v -1.430207 0.411611 -1.428619
v -1.332273 0.306002 -1.411430
v -1.395388 0.421944 -1.427847
v -1.316135 0.314039 -1.376557
v -1.379022 0.428345 -1.394240
v -1.379022 0.428345 -1.394240
v -1.316135 0.314039 -1.376557
v -1.438923 0.564611 -1.390105
v -1.479660 0.557512 -1.389237
v -1.500051 0.549814 -1.426471
v -1.479707 0.549215 -1.464574
v -1.438970 0.556314 -1.465443
v -1.418580 0.564012 -1.428209
v -1.418580 0.564012 -1.428209
v -1.282912 0.274906 -1.377098
v -1.293504 0.259668 -1.342070
v -1.210382 0.230965 -1.344219
v -1.210188 0.250639 -1.377971
v -1.294223 0.260029 -1.412058
v -1.282912 0.274906 -1.377098
v -1.210188 0.250639 -1.377971
v -1.211078 0.231314 -1.411912
v -1.315542 0.228957 -1.411999
v -1.212769 0.192122 -1.412096
v -1.325702 0.212947 -1.376980
v -1.213419 0.172346 -1.378341
v -1.314822 0.228597 -1.342012
v -1.212073 0.191774 -1.344403
v -1.025796 0.296403 -1.345909
v -1.034859 0.313675 -1.379580
v -1.034859 0.313675 -1.379580
v -1.026491 0.296751 -1.413605
v -1.009058 0.262555 -1.413960
v -0.999995 0.245283 -1.380291
v -1.008362 0.262207 -1.346266
v -0.070068 1.399287 1.820560
v -0.065772 1.405943 1.820516
v -0.065419 1.405943 1.854844
v -0.069715 1.399287 1.854887
v -0.065772 1.405943 1.820516
v -0.070068 1.412599 1.820560
v -0.069715 1.412599 1.854887
v -0.065419 1.405943 1.854844
v -0.070068 1.412599 1.820560
v -0.078658 1.412599 1.820648
v -0.078306 1.412599 1.854975
v -0.069715 1.412599 1.854887
v -0.078658 1.412599 1.820648
v -0.082954 1.405943 1.820693
v -0.082601 1.405943 1.855020
v -0.078306 1.412599 1.854975
v -0.082954 1.405943 1.820693
v -0.078658 1.399287 1.820648
v -0.078306 1.399287 1.854975
v -0.082601 1.405943 1.855020
v -0.078658 1.399287 1.820648
v -0.070068 1.399287 1.820560
v -0.069715 1.399287 1.854887
v -0.078306 1.399287 1.854975
v -0.082601 1.405943 1.855020
v -0.065419 1.405943 1.854844
v -0.069715 1.412599 1.854887
v -0.078306 1.412599 1.854975
v -0.078306 1.399287 1.854975
v -0.069715 1.399287 1.854887
v -0.835729 0.541200 0.708824
v -0.834515 0.578025 0.826978
v -0.834668 0.607718 0.812153
v -0.835729 0.575927 0.708824
v -0.835729 0.575927 0.708824
v -0.834668 0.607718 0.812153
v -0.801481 0.607718 0.811811
v -0.802542 0.575927 0.708483
v -0.802542 0.575927 0.708483
v -0.801481 0.607718 0.811811
v -0.801328 0.578025 0.826636
v -0.802542 0.541200 0.708483
v -0.833583 0.656316 0.917673
v -0.833735 0.686010 0.902848
v -0.833735 0.686010 0.902848
v -0.800547 0.686010 0.902506
v -0.800547 0.686010 0.902506
v -0.800395 0.656316 0.917331
v -0.799082 1.164757 0.210762
v -0.793983 1.186171 0.222560
v -0.595825 1.184982 0.215479
v -0.612706 1.114088 0.176416
v 0.082678 0.815983 -0.168549
v 0.082562 0.812742 -0.179852
v -0.009805 0.812742 -0.178902
v -0.009688 0.815983 -0.167600
v 0.082533 0.801332 -0.182695
v -0.009834 0.801332 -0.181746
v 0.082620 0.793164 -0.174238
v -0.009747 0.793164 -0.173289
v 0.082620 0.793164 -0.174238
v 0.082735 0.796406 -0.162935
v -0.009631 0.796406 -0.161986
v -0.009747 0.793164 -0.173289
v 0.082765 0.807815 -0.160090
v -0.009602 0.807815 -0.159141
v 0.082765 0.807815 -0.160090
v 0.082533 0.801332 -0.182695
v 0.082562 0.812742 -0.179852
v 0.082678 0.815983 -0.168549
v -0.009602 0.807815 -0.159141
v -0.009688 0.815983 -0.167600
v -0.009805 0.812742 -0.178902
v -0.009834 0.801332 -0.181746
v 0.082735 0.796406 -0.162935
v 0.082620 0.793164 -0.174238
v -0.009747 0.793164 -0.173289
v -0.009631 0.796406 -0.161986
v 0.242071 0.515560 1.091054
v 0.250597 0.515560 1.920532
v -0.134633 0.515560 1.924491
v -0.143159 0.515560 1.095014
v -0.221176 0.690397 2.100226
v 0.340732 0.690397 2.094451
v 0.340732 0.914659 2.094451
v -0.221176 0.914659 2.100226
v 0.242071 0.515560 1.091054
v -0.143159 0.515560 1.095014
v -0.231498 0.914659 1.095921
v 0.330410 0.914659 1.090146
v -0.221176 0.690397 2.100226
v -0.134633 0.515560 1.924491
v 0.250597 0.515560 1.920532
v 0.340732 0.690397 2.094451
v 1.061711 0.523850 -0.612913
v 1.061209 0.674816 -0.661744
v 1.082529 0.698182 -0.452833
v 1.063536 0.543688 -0.435376
v 0.998393 0.696929 -0.631603
v 1.016262 0.716767 -0.454230
v 0.286931 0.674816 -0.653786
v 0.287432 0.523850 -0.604955
v 0.270086 0.543688 -0.427221
v 0.269908 0.698182 -0.444481
v 1.052342 0.636940 0.093645
v 1.050892 0.744265 0.081667
v 1.019420 0.762472 0.079956
v 1.016716 0.630501 0.094729
v 0.996962 0.662555 -0.770828
v 1.060438 0.666433 -0.736769
v 1.061121 0.542080 -0.670289
v 0.997645 0.538202 -0.704347
v 1.061121 0.542080 -0.670289
v 1.060438 0.666433 -0.736769
v 1.014439 1.533470 -0.936370
v 1.013698 1.543730 -1.008373
v 0.957640 1.556949 -1.017868
v 0.958494 1.547925 -0.934808
v 0.286159 0.666433 -0.728812
v 0.286842 0.542080 -0.662331
v 1.061209 0.674816 -0.661744
v 1.059301 1.081596 -0.847346
v 0.996537 1.087782 -0.812208
v 0.998393 0.696929 -0.631603
v 0.286931 0.674816 -0.653786
v 0.285023 1.081596 -0.839388
v 0.284173 1.072369 -0.921968
v 0.286159 0.666433 -0.728812
v 0.994940 1.068100 -0.967478
v 1.058453 1.072369 -0.929927
v 1.060438 0.666433 -0.736769
v 1.058453 1.072369 -0.929927
v 1.058758 1.503812 -0.900333
v 0.995869 1.506331 -0.877143
v 0.284678 1.505988 -0.872895
v 0.288281 1.492331 -0.995173
v 1.057701 1.492331 -1.003081
v 0.992079 1.486013 -1.049947
v 1.057701 1.492331 -1.003081
v 0.348497 1.087782 -0.805547
v 0.350354 0.696929 -0.624942
v 0.347830 1.506331 -0.870482
v 0.383039 1.555666 -1.023450
v 0.327305 1.543730 -1.001317
v 0.328046 1.533470 -0.929314
v 0.384011 1.547925 -0.928903
v 0.284173 1.072369 -0.921968
v 0.288281 1.492331 -0.995173
v 0.346061 1.488091 -1.042438
v 0.346901 1.068100 -0.960817
v 0.286159 0.666433 -0.728812
v 0.348922 0.662555 -0.764167
v 0.286842 0.542080 -0.662331
v 0.349605 0.538202 -0.697686
v 0.343954 0.762472 0.086898
v 0.312526 0.744265 0.089255
v 0.311320 0.636940 0.101261
v 0.346962 0.630501 0.101613
v 0.350354 0.696929 -0.624942
v 0.336132 0.716767 -0.447239
v 0.933060 1.082919 -0.846197
v 0.671515 1.072814 -0.906351
v 0.673390 0.653355 -0.723845
v 0.934958 0.685488 -0.661639
v 0.670894 1.495941 -0.966796
v 0.932519 1.503812 -0.899035
v 0.901632 1.561447 -1.022452
v 0.670335 1.571090 -1.021152
v 0.670938 1.559344 -0.962453
v 0.902507 1.552650 -0.937361
v 0.930762 1.484730 -1.069809
v 0.931742 1.067233 -0.974588
v 0.670750 1.066242 -0.980778
v 0.669727 1.483262 -1.080261
v 0.933770 0.661767 -0.777229
v 0.672787 0.660866 -0.782609
v 0.934453 0.537415 -0.710747
v 0.673470 0.536514 -0.716127
v 0.970693 0.748678 0.081998
v 0.681727 0.727714 0.087308
v 0.681851 0.620382 0.099301
v 0.970836 0.624062 0.095919
v 0.934958 0.685488 -0.661639
v 0.673390 0.653355 -0.723845
v 0.676234 0.684279 -0.447103
v 0.950040 0.696935 -0.451332
v 0.411968 0.661767 -0.771867
v 0.412652 0.537415 -0.705384
v 0.409941 1.067233 -0.969225
v 0.408962 1.484730 -1.064447
v 0.439059 1.561447 -1.017698
v 0.439934 1.552650 -0.932607
v 0.410717 1.503812 -0.893673
v 0.411260 1.082919 -0.840835
v 0.413157 0.685488 -0.656276
v 0.413157 0.685488 -0.656276
v 0.402400 0.696935 -0.445704
v 0.392713 0.748678 0.087938
v 0.392857 0.624062 0.101860
v 1.078023 0.755002 0.040647
v 1.050892 0.744265 0.081667
v 1.052342 0.636940 0.093645
v 1.109926 0.601055 0.022436
v 1.019420 0.762472 0.079956
v 1.028182 0.785256 0.037780
v 0.681294 0.752174 0.045042
v 0.970269 0.763697 0.040785
v 0.392290 0.763697 0.046725
v 0.284557 0.755002 0.048802
v 0.312526 0.744265 0.089255
v 0.343954 0.762472 0.086898
v 0.334328 0.785256 0.044911
v 0.252286 0.601055 0.031250
v 0.311320 0.636940 0.101261
v 1.107430 0.724608 -0.220347
v 1.107607 0.569697 -0.203040
v 1.037474 0.760611 -0.223651
v 0.678620 0.717340 -0.215128
v 0.967588 0.735574 -0.220136
v 0.389609 0.735574 -0.214196
v 0.249790 0.724608 -0.211532
v 0.319665 0.760611 -0.216273
v 0.249968 0.569697 -0.194225
v 0.680731 0.758384 -0.009697
v 0.969708 0.769176 -0.013874
v 1.096383 0.758715 -0.014007
v 1.034678 0.795060 -0.017433
v 1.109358 0.588725 -0.032758
v 0.251719 0.588725 -0.023943
v 0.265076 0.758715 -0.005463
v 0.326699 0.795060 -0.010157
v 0.391728 0.769176 -0.007933
v 0.125273 1.449124 1.924747
v 0.125172 1.453917 1.924599
v 0.126113 1.454583 1.945351
v 0.126216 1.449790 1.945500
v 0.125172 1.453917 1.924599
v 0.120763 1.455804 1.924738
v 0.121707 1.456471 1.945491
v 0.126113 1.454583 1.945351
v 0.120763 1.455804 1.924738
v 0.116459 1.452899 1.925027
v 0.117401 1.453566 1.945779
v 0.121707 1.456471 1.945491
v 0.116459 1.452899 1.925027
v 0.116560 1.448106 1.925177
v 0.117503 1.448773 1.945929
v 0.117401 1.453566 1.945779
v 0.116560 1.448106 1.925177
v 0.120967 1.446218 1.925037
v 0.121910 1.446885 1.945789
v 0.117503 1.448773 1.945929
v 0.120967 1.446218 1.925037
v 0.125273 1.449124 1.924747
v 0.126216 1.449790 1.945500
v 0.121910 1.446885 1.945789
v 0.121910 1.446885 1.945789
v 0.121707 1.456471 1.945491
v 0.117401 1.453566 1.945779
v 0.117503 1.448773 1.945929
v 0.126216 1.449790 1.945500
v 0.126113 1.454583 1.945351
v 1.365128 0.390912 1.572287
v 1.375521 0.390912 1.572181
v 1.375613 0.404151 1.581057
v 1.365220 0.404151 1.581164
v 1.365220 0.404151 1.581164
v 1.375613 0.404151 1.581057
v 1.375541 0.418459 1.574032
v 1.365148 0.418459 1.574139
v 1.365148 0.418459 1.574139
v 1.375541 0.418459 1.574032
v 1.375377 0.419528 1.558129
v 1.364985 0.419528 1.558235
v 1.364985 0.419528 1.558235
v 1.375377 0.419528 1.558129
v 1.375286 0.406289 1.549251
v 1.364893 0.406289 1.549358
v 1.364893 0.406289 1.549358
v 1.375286 0.406289 1.549251
v 1.375359 0.391981 1.556277
v 1.364965 0.391981 1.556383
v 1.364965 0.391981 1.556383
v 1.375359 0.391981 1.556277
v 1.375521 0.390912 1.572181
v 1.365128 0.390912 1.572287
v 1.375613 0.404151 1.581057
v 1.375286 0.406289 1.549251
v 1.375377 0.419528 1.558129
v 1.375541 0.418459 1.574032
v 1.375359 0.391981 1.556277
v 1.375521 0.390912 1.572181
v -1.254938 0.423068 1.711132
v -1.254941 0.407132 1.710768
v -1.265334 0.407132 1.710875
v -1.265331 0.423068 1.711239
v -1.254941 0.407132 1.710768
v -1.254802 0.398850 1.724388
v -1.265195 0.398850 1.724495
v -1.265334 0.407132 1.710875
v -1.254802 0.398850 1.724388
v -1.254658 0.406503 1.738370
v -1.265051 0.406503 1.738476
v -1.265195 0.398850 1.724495
v -1.254658 0.406503 1.738370
v -1.254655 0.422439 1.738733
v -1.265047 0.422439 1.738840
v -1.265051 0.406503 1.738476
v -1.254655 0.422439 1.738733
v -1.254794 0.430722 1.725114
v -1.265187 0.430722 1.725221
v -1.265047 0.422439 1.738840
v -1.254794 0.430722 1.725114
v -1.254938 0.423068 1.711132
v -1.265331 0.423068 1.711239
v -1.265187 0.430722 1.725221
v -1.265187 0.430722 1.725221
v -1.265195 0.398850 1.724495
v -1.265051 0.406503 1.738476
v -1.265047 0.422439 1.738840
v -1.265331 0.423068 1.711239
v -1.265334 0.407132 1.710875
v -0.070068 1.447126 1.820560
v -0.065772 1.453782 1.820516
v -0.065419 1.453782 1.854844
v -0.069715 1.447126 1.854887
v -0.065772 1.453782 1.820516
v -0.070068 1.460439 1.820560
v -0.069715 1.460439 1.854887
v -0.065419 1.453782 1.854844
v -0.070068 1.460439 1.820560
v -0.078658 1.460439 1.820648
v -0.078306 1.460439 1.854975
v -0.069715 1.460439 1.854887
v -0.078658 1.460439 1.820648
v -0.082954 1.453782 1.820693
v -0.082601 1.453782 1.855020
v -0.078306 1.460439 1.854975
v -0.082954 1.453782 1.820693
v -0.078658 1.447126 1.820648
v -0.078306 1.447126 1.854975
v -0.082601 1.453782 1.855020
v -0.078658 1.447126 1.820648
v -0.070068 1.447126 1.820560
v -0.069715 1.447126 1.854887
v -0.078306 1.447126 1.854975
v -0.082601 1.453782 1.855020
v -0.065419 1.453782 1.854844
v -0.069715 1.460439 1.854887
v -0.078306 1.460439 1.854975
v -0.078306 1.447126 1.854975
v -0.069715 1.447126 1.854887
v -0.932041 0.637075 1.993748
v -0.931006 0.522214 2.052265
v -0.932246 0.499256 1.980946
v -0.933087 0.593221 1.933096
v -0.930316 0.394889 2.072426
v -0.931690 0.395107 1.997417
v -0.933323 0.728229 1.902601
v -0.934131 0.667799 1.858544
v -0.934725 0.786754 1.787748
v -0.935275 0.715684 1.764588
v -0.936110 0.806920 1.660430
v -0.936407 0.732185 1.660433
v -0.937343 0.786754 1.533109
v -0.937416 0.715684 1.556274
v -0.938301 0.728229 1.418250
v -0.938204 0.667799 1.462317
v -0.938893 0.637075 1.327097
v -0.938693 0.593221 1.387760
v -0.939060 0.522214 1.268571
v -0.938834 0.499256 1.339899
v -0.938786 0.394889 1.248400
v -0.938616 0.395107 1.323421
v -0.938096 0.267564 1.268561
v -0.938061 0.290971 1.339931
v -0.937060 0.152703 1.327078
v -0.937219 0.197039 1.387806
v -0.935779 0.061548 1.418224
v -0.936176 0.122501 1.462358
v -0.934376 0.003024 1.533079
v -0.935032 0.074649 1.556288
v -0.932992 -0.017143 1.660398
v -0.933901 0.058161 1.660407
v -0.931760 0.003024 1.787718
v -0.932892 0.074649 1.764526
v -0.930801 0.061548 1.902575
v -0.932104 0.122501 1.858460
v -0.930208 0.152703 1.993729
v -0.931615 0.197039 1.933017
v -0.930042 0.267564 2.052255
v -0.931473 0.290971 1.980899
v -1.309494 0.539241 2.112100
v -1.331369 0.528903 2.081464
v -1.330636 0.393429 2.102914
v -1.308705 0.393740 2.135137
v -1.310677 0.670499 2.045228
v -1.332471 0.651116 2.019202
v -1.312142 0.774666 1.941069
v -1.333836 0.748105 1.922220
v -1.313745 0.841545 1.809820
v -1.335327 0.810376 1.800014
v -1.315328 0.864590 1.664328
v -1.336801 0.831833 1.664549
v -1.316735 0.841545 1.518832
v -1.338112 0.810376 1.529078
v -1.317831 0.774666 1.387577
v -1.339132 0.748105 1.406868
v -1.318507 0.670499 1.283411
v -1.339761 0.651116 1.309880
v -1.318698 0.539241 1.216530
v -1.339939 0.528903 1.247608
v -1.318384 0.393740 1.193480
v -1.339647 0.393429 1.226146
v -1.317597 0.248240 1.216518
v -1.338913 0.257954 1.247597
v -1.316413 0.116982 1.283389
v -1.337811 0.135741 1.309861
v -1.314948 0.012815 1.387547
v -1.336449 0.038752 1.406840
v -1.313346 -0.054064 1.518797
v -1.334956 -0.023518 1.529046
v -1.311764 -0.077109 1.664291
v -1.333483 -0.044975 1.664514
v -1.310355 -0.054064 1.809785
v -1.332171 -0.023518 1.799983
v -1.309259 0.012815 1.941040
v -1.331151 0.038752 1.922192
v -1.308583 0.116982 2.045206
v -1.330521 0.135741 2.019181
v -1.308392 0.248240 2.112088
v -1.330343 0.257954 2.081454
v -0.931006 0.522214 2.052265
v -0.932041 0.637075 1.993748
v -0.951134 0.666771 2.034966
v -0.949958 0.537775 2.100686
v -0.933323 0.728229 1.902601
v -0.952584 0.769142 1.932603
v -0.934725 0.786754 1.787748
v -0.954164 0.834869 1.803616
v -0.936110 0.806920 1.660430
v -0.955722 0.857516 1.660632
v -0.937343 0.786754 1.533109
v -0.957104 0.834868 1.517644
v -0.938301 0.728229 1.418250
v -0.958175 0.769142 1.388651
v -0.938893 0.637075 1.327097
v -0.958829 0.666770 1.286280
v -0.939060 0.522214 1.268571
v -0.959005 0.537775 1.220552
v -0.938786 0.394889 1.248400
v -0.958682 0.394782 1.197899
v -0.938096 0.267564 1.268561
v -0.957894 0.251790 1.220541
v -0.937060 0.152703 1.327078
v -0.956718 0.122794 1.286258
v -0.935779 0.061548 1.418224
v -0.955269 0.020423 1.388621
v -0.934376 0.003024 1.533079
v -0.953689 -0.045304 1.517609
v -0.932992 -0.017143 1.660398
v -0.952131 -0.067952 1.660595
v -0.931760 0.003024 1.787718
v -0.950750 -0.045304 1.803581
v -0.931760 0.003024 1.787718
v -0.930801 0.061548 1.902575
v -0.949678 0.020423 1.932573
v -0.950750 -0.045304 1.803581
v -0.930208 0.152703 1.993729
v -0.949023 0.122794 2.034944
v -0.930042 0.267564 2.052255
v -0.948848 0.251790 2.100674
v -0.930316 0.394889 2.072426
v -0.949170 0.394782 2.123326
v -0.932246 0.499256 1.980946
v -0.931690 0.395107 1.997417
v -0.998515 0.394834 1.938441
v -0.998991 0.480541 1.924871
v -0.933087 0.593221 1.933096
v -0.999697 0.557858 1.885480
v -0.934131 0.667799 1.858544
v -1.000567 0.619218 1.824126
v -0.935275 0.715684 1.764588
v -1.001516 0.658613 1.746813
v -0.936407 0.732185 1.660433
v -1.002449 0.672187 1.661112
v -0.937416 0.715684 1.556274
v -1.003277 0.658612 1.575408
v -0.938204 0.667799 1.462317
v -1.003918 0.619217 1.498092
v -0.938693 0.593221 1.387760
v -1.004309 0.557858 1.436733
v -0.938834 0.499256 1.339899
v -1.004413 0.480541 1.397337
v -0.938616 0.395107 1.323421
v -1.004216 0.394834 1.383760
v -0.938061 0.290971 1.339931
v -1.003743 0.309127 1.397330
v -0.937219 0.197039 1.387806
v -1.003035 0.231810 1.436720
v -0.936176 0.122501 1.462358
v -1.002166 0.170451 1.498075
v -0.935032 0.074649 1.556288
v -1.001217 0.131055 1.575387
v -0.933901 0.058161 1.660407
v -1.000283 0.117481 1.661089
v -0.932892 0.074649 1.764526
v -0.999455 0.131056 1.746793
v -0.932104 0.122501 1.858460
v -0.998815 0.170451 1.824109
v -0.931615 0.197039 1.933017
v -0.998424 0.231810 1.885466
v -0.931473 0.290971 1.980899
v -0.998321 0.309127 1.924864
v -1.328012 0.478345 1.925248
v -1.328701 0.554782 1.886306
v -1.273971 0.520333 1.837868
v -1.273413 0.460392 1.868406
v -1.327554 0.393614 1.938664
v -1.273035 0.393947 1.878926
v -1.329555 0.615442 1.825652
v -1.274654 0.567903 1.790303
v -1.330487 0.654389 1.749219
v -1.275394 0.598444 1.730366
v -1.331409 0.667809 1.664493
v -1.276120 0.608968 1.663924
v -1.332229 0.654389 1.579765
v -1.276760 0.598444 1.597481
v -1.332867 0.615442 1.503329
v -1.277252 0.567903 1.537542
v -1.333261 0.554781 1.442669
v -1.277547 0.520333 1.489972
v -1.333372 0.478344 1.403721
v -1.277617 0.460392 1.459430
v -1.333190 0.393614 1.390298
v -1.277455 0.393947 1.448903
v -1.332731 0.308883 1.403715
v -1.277075 0.327502 1.459424
v -1.332043 0.232446 1.442657
v -1.276518 0.267561 1.489962
v -1.331189 0.171785 1.503312
v -1.275835 0.219991 1.537527
v -1.330256 0.132838 1.579745
v -1.275095 0.189450 1.597465
v -1.329335 0.119418 1.664472
v -1.274370 0.178926 1.663907
v -1.328514 0.132838 1.749198
v -1.273728 0.189450 1.730349
v -1.327877 0.171785 1.825634
v -1.273237 0.219991 1.790288
v -1.327483 0.232446 1.886293
v -1.272942 0.267561 1.837857
v -1.327371 0.308883 1.925242
v -1.272872 0.327502 1.868400
v -1.273413 0.460392 1.868406
v -1.273971 0.520333 1.837868
v -1.262356 0.469091 1.767121
v -1.262034 0.433488 1.785266
v -1.273035 0.393947 1.878926
v -1.261822 0.394017 1.791513
v -1.274654 0.567903 1.790303
v -1.262752 0.497349 1.738865
v -1.275394 0.598444 1.730366
v -1.263187 0.515490 1.703264
v -1.276120 0.608968 1.663924
v -1.263617 0.521739 1.663796
v -1.276760 0.598444 1.597481
v -1.263999 0.515490 1.624326
v -1.277252 0.567903 1.537542
v -1.264295 0.497349 1.588724
v -1.277547 0.520333 1.489972
v -1.264480 0.469091 1.560465
v -1.277617 0.460392 1.459430
v -1.264531 0.433488 1.542318
v -1.277455 0.393947 1.448903
v -1.264447 0.394017 1.536067
v -1.277075 0.327502 1.459424
v -1.264232 0.354546 1.542314
v -1.276518 0.267561 1.489962
v -1.263911 0.318943 1.560459
v -1.275835 0.219991 1.537527
v -1.263514 0.290685 1.588716
v -1.275095 0.189450 1.597465
v -1.263079 0.272544 1.624317
v -1.274370 0.178926 1.663907
v -1.262650 0.266295 1.663786
v -1.273728 0.189450 1.730349
v -1.262268 0.272544 1.703255
v -1.273237 0.219991 1.790288
v -1.261971 0.290685 1.738858
v -1.272942 0.267561 1.837857
v -1.261787 0.318943 1.767115
v -1.272872 0.327502 1.868400
v -1.261736 0.354546 1.785263
v -1.262034 0.433488 1.785266
v -1.262356 0.469091 1.767121
v -1.241121 0.422254 1.702320
v -1.240998 0.408902 1.709125
v -1.261822 0.394017 1.791513
v -1.240919 0.394099 1.711467
v -1.262752 0.497349 1.738865
v -1.241269 0.432852 1.691723
v -1.263187 0.515490 1.703264
v -1.241432 0.439656 1.678371
v -1.263617 0.521739 1.663796
v -1.241592 0.441999 1.663570
v -1.263999 0.515490 1.624326
v -1.241736 0.439656 1.648767
v -1.264295 0.497349 1.588724
v -1.241847 0.432852 1.635414
v -1.264480 0.469091 1.560465
v -1.241916 0.422254 1.624817
v -1.264531 0.433488 1.542318
v -1.241935 0.408902 1.618011
v -1.264447 0.394017 1.536067
v -1.241903 0.394099 1.615667
v -1.264232 0.354546 1.542314
v -1.241823 0.379296 1.618010
v -1.263911 0.318943 1.560459
v -1.241703 0.365944 1.624814
v -1.263514 0.290685 1.588716
v -1.241554 0.355346 1.635412
v -1.263079 0.272544 1.624317
v -1.241391 0.348543 1.648763
v -1.262650 0.266295 1.663786
v -1.241231 0.346199 1.663566
v -1.262268 0.272544 1.703255
v -1.241086 0.348543 1.678367
v -1.261971 0.290685 1.738858
v -1.240975 0.355346 1.691721
v -1.261787 0.318943 1.767115
v -1.240906 0.365944 1.702317
v -1.261736 0.354546 1.785263
v -1.240887 0.379296 1.709124
v -1.240998 0.408902 1.709125
v -1.241121 0.422254 1.702320
v -1.267706 0.415836 1.693897
v -1.267606 0.405480 1.699174
v -1.240919 0.394099 1.711467
v -1.267536 0.393999 1.700991
v -1.241269 0.432852 1.691723
v -1.267829 0.424056 1.685677
v -1.241432 0.439656 1.678371
v -1.267958 0.429333 1.675321
v -1.241592 0.441999 1.663570
v -1.268085 0.431151 1.663843
v -1.241736 0.439656 1.648767
v -1.268194 0.429333 1.652360
v -1.241847 0.432852 1.635414
v -1.268278 0.424056 1.642005
v -1.241916 0.422254 1.624817
v -1.268325 0.415836 1.633785
v -1.241935 0.408902 1.618011
v -1.268333 0.405480 1.628505
v -1.241903 0.394099 1.615667
v -1.268299 0.393999 1.626688
v -1.241823 0.379296 1.618010
v -1.268229 0.382518 1.628503
v -1.241703 0.365944 1.624814
v -1.268127 0.372161 1.633783
v -1.241554 0.355346 1.635412
v -1.268005 0.363942 1.642002
v -1.241391 0.348543 1.648763
v -1.267876 0.358665 1.652358
v -1.241231 0.346199 1.663566
v -1.267749 0.356847 1.663839
v -1.241231 0.346199 1.663566
v -1.241086 0.348543 1.678367
v -1.267639 0.358665 1.675318
v -1.267749 0.356847 1.663839
v -1.240975 0.355346 1.691721
v -1.267556 0.363942 1.685674
v -1.240906 0.365944 1.702317
v -1.267509 0.372161 1.693895
v -1.240887 0.379296 1.709124
v -1.267502 0.382518 1.699173
v -1.267749 0.356847 1.663839
v -1.267639 0.358665 1.675318
v -1.268005 0.363942 1.642002
v -1.267876 0.358665 1.652358
v -1.267556 0.363942 1.685674
v -1.268127 0.372161 1.633783
v -1.267509 0.372161 1.693895
v -1.268229 0.382518 1.628503
v -1.267502 0.382518 1.699173
v -1.268299 0.393999 1.626688
v -1.267536 0.393999 1.700991
v -1.268333 0.405480 1.628505
v -1.267606 0.405480 1.699174
v -1.268325 0.415836 1.633785
v -1.267706 0.415836 1.693897
v -1.268278 0.424056 1.642005
v -1.267829 0.424056 1.685677
v -1.268194 0.429333 1.652360
v -1.267958 0.429333 1.675321
v -1.268085 0.431151 1.663843
v -1.344086 0.565154 1.900941
v -1.343352 0.483729 1.942424
v -1.342864 0.393469 1.956715
v -1.344995 0.629773 1.836328
v -1.342668 0.303209 1.942417
v -1.345989 0.671261 1.754908
v -1.346971 0.685557 1.664653
v -1.347844 0.671261 1.574396
v -1.348524 0.629773 1.492972
v -1.348943 0.565154 1.428354
v -1.349062 0.483729 1.386864
v -1.348867 0.393469 1.372566
v -1.348378 0.303209 1.386857
v -1.347643 0.221783 1.428340
v -1.346735 0.157164 1.492954
v -1.345741 0.115676 1.574374
v -1.344760 0.101381 1.664630
v -1.343886 0.115676 1.754886
v -1.343206 0.157164 1.836309
v -1.342786 0.221783 1.900927
v -1.328012 0.478345 1.925248
v -1.343352 0.483729 1.942424
v -1.344086 0.565154 1.900941
v -1.328701 0.554782 1.886306
v -1.327554 0.393614 1.938664
v -1.342864 0.393469 1.956715
v -1.344995 0.629773 1.836328
v -1.329555 0.615442 1.825652
v -1.345989 0.671261 1.754908
v -1.330487 0.654389 1.749219
v -1.346971 0.685557 1.664653
v -1.331409 0.667809 1.664493
v -1.347844 0.671261 1.574396
v -1.332229 0.654389 1.579765
v -1.348524 0.629773 1.492972
v -1.332867 0.615442 1.503329
v -1.348943 0.565154 1.428354
v -1.333261 0.554781 1.442669
v -1.349062 0.483729 1.386864
v -1.333372 0.478344 1.403721
v -1.348867 0.393469 1.372566
v -1.333190 0.393614 1.390298
v -1.348378 0.303209 1.386857
v -1.332731 0.308883 1.403715
v -1.347643 0.221783 1.428340
v -1.332043 0.232446 1.442657
v -1.346735 0.157164 1.492954
v -1.331189 0.171785 1.503312
v -1.345741 0.115676 1.574374
v -1.330256 0.132838 1.579745
v -1.344760 0.101381 1.664630
v -1.329335 0.119418 1.664472
v -1.343886 0.115676 1.754886
v -1.328514 0.132838 1.749198
v -1.343206 0.157164 1.836309
v -1.327877 0.171785 1.825634
v -1.342786 0.221783 1.900927
v -1.327483 0.232446 1.886293
v -1.342668 0.303209 1.942417
v -1.327371 0.308883 1.925242
v -1.275144 0.545942 2.131634
v -1.276483 0.683029 2.061794
v -1.310677 0.670499 2.045228
v -1.309494 0.539241 2.112100
v -1.274207 0.393979 2.155694
v -1.308705 0.393740 2.135137
v -1.273764 0.242017 2.131620
v -1.308392 0.248240 2.112088
v -1.273861 0.104930 2.061767
v -1.308583 0.116982 2.045206
v -1.274485 -0.003863 1.952973
v -1.309259 0.012815 1.941040
v -1.275578 -0.073712 1.815890
v -1.310355 -0.054064 1.809785
v -1.277030 -0.097780 1.663934
v -1.275578 -0.073712 1.815890
v -1.310355 -0.054064 1.809785
v -1.311764 -0.077109 1.664291
v -1.278701 -0.073712 1.511980
v -1.313346 -0.054064 1.518797
v -1.280427 -0.003863 1.374900
v -1.314948 0.012815 1.387547
v -1.282038 0.104930 1.266118
v -1.316413 0.116982 1.283389
v -1.283378 0.242017 1.196278
v -1.317597 0.248240 1.216518
v -1.284315 0.393979 1.172220
v -1.318384 0.393740 1.193480
v -1.284757 0.545942 1.196292
v -1.318698 0.539241 1.216530
v -1.284661 0.683029 1.266145
v -1.318507 0.670499 1.283411
v -1.284037 0.791822 1.374938
v -1.317831 0.774666 1.387577
v -1.282945 0.861671 1.512023
v -1.316735 0.841545 1.518832
v -1.281494 0.885739 1.663980
v -1.315328 0.864590 1.664328
v -1.279822 0.861671 1.815934
v -1.313745 0.841545 1.809820
v -1.278096 0.791822 1.953010
v -1.312142 0.774666 1.941069
v -0.979568 0.546638 2.128595
v -0.980830 0.683725 2.058755
v -0.978718 0.394676 2.152656
v -0.978364 0.242714 2.128583
v -0.978539 0.105627 2.058731
v -0.979226 -0.003166 1.949939
v -0.980359 -0.073016 1.812855
v -0.981826 -0.097084 1.660900
v -0.980359 -0.073016 1.812855
v -0.983482 -0.073016 1.508945
v -0.985168 -0.003166 1.371866
v -0.986717 0.105627 1.263083
v -0.987978 0.242714 1.193242
v -0.988828 0.394676 1.169182
v -0.989181 0.546638 1.193254
v -0.989007 0.683725 1.263107
v -0.988320 0.792518 1.371899
v -0.987188 0.862367 1.508983
v -0.985720 0.886436 1.660940
v -0.984064 0.862367 1.812894
v -0.982377 0.792518 1.949972
v 0.180355 1.434528 1.901816
v 0.170684 1.466816 1.901916
v 0.171215 1.466816 1.953488
v 0.180884 1.434528 1.953388
v 0.143884 1.490794 1.902191
v 0.144414 1.490794 1.953763
v 0.107275 1.499569 1.902567
v 0.107805 1.499569 1.954139
v 0.070667 1.490794 1.902943
v 0.071196 1.490794 1.954516
v 0.043866 1.466816 1.903219
v 0.044397 1.466816 1.954792
v 0.034196 1.434528 1.903318
v 0.034727 1.434528 1.954890
v 0.180884 1.267475 1.953388
v 0.180355 1.267475 1.901816
v 0.034196 1.267475 1.903318
v 0.034727 1.267475 1.954890
v 0.174017 1.431681 1.901881
v 0.174017 1.267475 1.901881
v 0.174547 1.267475 1.953454
v 0.174547 1.431681 1.953454
v 0.041063 1.431681 1.954826
v 0.041063 1.267475 1.954826
v 0.040533 1.267475 1.903253
v 0.040533 1.431681 1.903253
v 0.174017 1.431681 1.901881
v 0.165076 1.461537 1.901974
v 0.170684 1.466816 1.901916
v 0.180355 1.434528 1.901816
v 0.165605 1.461537 1.953546
v 0.174547 1.431681 1.953454
v 0.180884 1.434528 1.953388
v 0.171215 1.466816 1.953488
v 0.140647 1.483393 1.902224
v 0.143884 1.490794 1.902191
v 0.141176 1.483393 1.953797
v 0.144414 1.490794 1.953763
v 0.107275 1.491393 1.902567
v 0.107275 1.499569 1.902567
v 0.107805 1.491393 1.954139
v 0.107805 1.499569 1.954139
v 0.073904 1.483393 1.902910
v 0.070667 1.490794 1.902943
v 0.074433 1.483393 1.954482
v 0.071196 1.490794 1.954516
v 0.049475 1.461537 1.903161
v 0.043866 1.466816 1.903219
v 0.050004 1.461537 1.954734
v 0.044397 1.466816 1.954792
v 0.040533 1.431681 1.903253
v 0.034196 1.434528 1.903318
v 0.041063 1.431681 1.954826
v 0.034727 1.434528 1.954890
v 0.174547 1.267475 1.953454
v 0.180884 1.267475 1.953388
v 0.174017 1.267475 1.901881
v 0.180355 1.267475 1.901816
v 0.040533 1.267475 1.903253
v 0.034196 1.267475 1.903318
v 0.041063 1.267475 1.954826
v 0.034727 1.267475 1.954890
v 0.125531 0.497474 -0.218206
v 0.162621 0.407927 -0.218587
v 0.148461 0.407927 -1.596294
v 0.111371 0.497474 -1.595913
v -0.090644 0.407927 -0.215983
v -0.053554 0.497474 -0.216364
v -0.067714 0.497474 -1.594073
v -0.104804 0.407927 -1.593691
v 0.035989 0.534566 -0.217285
v 0.021829 0.534566 -1.594993
v -1.255714 0.342634 1.635562
v -1.255871 0.347360 1.620340
v -1.266263 0.347360 1.620447
v -1.266108 0.342634 1.635669
v -1.255871 0.347360 1.620340
v -1.255991 0.336538 1.608637
v -1.266384 0.336538 1.608743
v -1.266263 0.347360 1.620447
v -1.255991 0.336538 1.608637
v -1.255955 0.320991 1.612155
v -1.266348 0.320991 1.612262
v -1.266384 0.336538 1.608743
v -1.255955 0.320991 1.612155
v -1.255799 0.316266 1.627379
v -1.266191 0.316266 1.627485
v -1.266348 0.320991 1.612262
v -1.255799 0.316266 1.627379
v -1.255678 0.327087 1.639083
v -1.266071 0.327087 1.639189
v -1.266191 0.316266 1.627485
v -1.255678 0.327087 1.639083
v -1.255714 0.342634 1.635562
v -1.266108 0.342634 1.635669
v -1.266071 0.327087 1.639189
v -1.266071 0.327087 1.639189
v -1.266108 0.342634 1.635669
v -1.266348 0.320991 1.612262
v -1.266191 0.316266 1.627485
v -1.266263 0.347360 1.620447
v -1.266384 0.336538 1.608743
v -0.565092 0.514654 0.665942
v -0.564427 0.599076 0.730717
v -0.564530 0.606807 0.720641
v -0.565196 0.522385 0.655867
v -0.363140 0.606807 0.718571
v -0.370363 0.522385 0.653865
v -0.363036 0.599076 0.728647
v -0.370260 0.514654 0.663940
v -0.564427 0.599076 0.730717
v -0.363036 0.599076 0.728647
v -0.370260 0.514654 0.663940
v -0.565092 0.514654 0.665942
v 1.075847 0.322782 -1.834406
v 1.075501 0.328836 -1.909015
v 1.074899 0.226305 -1.933650
v 1.075103 0.197434 -1.864501
v 1.073945 0.136412 -1.988759
v 1.073928 0.087522 -1.931856
v 1.076087 0.451298 -1.844519
v 1.075695 0.433968 -1.917271
v 1.075802 0.570400 -1.893843
v 1.075458 0.531405 -1.957616
v 1.075018 0.668431 -1.977557
v 1.074814 0.611604 -2.026099
v 1.073812 0.735794 -2.087463
v 1.073831 0.666710 -2.116012
v 1.072302 0.765895 -2.212802
v 1.072598 0.691327 -2.218549
v 1.070637 0.755788 -2.341306
v 1.071239 0.683045 -2.323671
v 1.068978 0.706463 -2.460400
v 1.069889 0.642680 -2.421082
v 1.067488 0.622747 -2.558419
v 1.068678 0.574189 -2.501244
v 1.066314 0.512835 -2.625774
v 1.067725 0.484281 -2.556317
v 1.065570 0.387487 -2.655868
v 1.067123 0.381759 -2.580911
v 1.065330 0.258971 -2.645757
v 1.066931 0.276658 -2.572628
v 1.065615 0.139869 -2.596430
v 1.067168 0.179261 -2.532283
v 1.066399 0.041838 -2.512718
v 1.067810 0.099096 -2.463822
v 1.067605 -0.025525 -2.402813
v 1.068795 0.044006 -2.373944
v 1.069114 -0.055626 -2.277471
v 1.070026 0.019380 -2.271445
v 1.070780 -0.045519 -2.148967
v 1.071383 0.027631 -2.166350
v 1.072438 0.003806 -2.029876
v 1.072735 0.067956 -2.068944
v 1.454716 0.174049 -1.814807
v 1.453374 0.048447 -1.891774
v 1.474715 0.069283 -1.916870
v 1.475965 0.186230 -1.845203
v 1.476756 0.319601 -1.813184
v 1.455566 0.317291 -1.780415
v 1.477013 0.456343 -1.823941
v 1.455842 0.464152 -1.791971
v 1.476709 0.583068 -1.876425
v 1.455516 0.600257 -1.848337
v 1.475874 0.687373 -1.965495
v 1.454620 0.712281 -1.943999
v 1.474592 0.759048 -2.082436
v 1.453241 0.789261 -2.069596
v 1.472985 0.791076 -2.215801
v 1.451516 0.823659 -2.212829
v 1.471213 0.780323 -2.352530
v 1.449612 0.812110 -2.359679
v 1.469447 0.727840 -2.479244
v 1.447717 0.755743 -2.495770
v 1.467864 0.638766 -2.583539
v 1.446015 0.660076 -2.607782
v 1.466614 0.521819 -2.655203
v 1.444673 0.534474 -2.684751
v 1.465823 0.388447 -2.687222
v 1.443825 0.391232 -2.719141
v 1.465566 0.251706 -2.676465
v 1.443547 0.244370 -2.707589
v 1.465869 0.124980 -2.623981
v 1.443874 0.108266 -2.651221
v 1.466704 0.020675 -2.534909
v 1.444769 -0.003759 -2.555557
v 1.467987 -0.050999 -2.417970
v 1.446148 -0.080738 -2.429961
v 1.469594 -0.083028 -2.284607
v 1.447872 -0.115136 -2.286727
v 1.471366 -0.072274 -2.147877
v 1.449778 -0.103587 -2.139879
v 1.473130 -0.019791 -2.021162
v 1.451672 -0.047220 -2.003788
v 1.075103 0.197434 -1.864501
v 1.095030 0.177947 -1.817931
v 1.095880 0.318720 -1.784134
v 1.075847 0.322782 -1.834406
v 1.096160 0.463050 -1.795487
v 1.076087 0.451298 -1.844519
v 1.095845 0.596809 -1.850883
v 1.075802 0.570400 -1.893843
v 1.094968 0.706902 -1.944899
v 1.075018 0.668431 -1.977557
v 1.093611 0.782555 -2.068328
v 1.073812 0.735794 -2.087463
v 1.091909 0.816360 -2.209093
v 1.072302 0.765895 -2.212802
v 1.090029 0.805010 -2.353410
v 1.070637 0.755788 -2.341306
v 1.088153 0.749615 -2.487157
v 1.068978 0.706463 -2.460400
v 1.086466 0.655597 -2.597239
v 1.067488 0.622747 -2.558419
v 1.085135 0.532160 -2.672880
v 1.066314 0.512835 -2.625774
v 1.084286 0.391387 -2.706678
v 1.065570 0.387487 -2.655868
v 1.084006 0.247057 -2.695323
v 1.065330 0.258971 -2.645757
v 1.084321 0.113299 -2.639928
v 1.065615 0.139869 -2.596430
v 1.085199 0.003204 -2.545912
v 1.066399 0.041838 -2.512718
v 1.086555 -0.072448 -2.422483
v 1.067605 -0.025525 -2.402813
v 1.067605 -0.025525 -2.402813
v 1.086555 -0.072448 -2.422483
v 1.088257 -0.106253 -2.281718
v 1.069114 -0.055626 -2.277471
v 1.090137 -0.094903 -2.137400
v 1.070780 -0.045519 -2.148967
v 1.092012 -0.039508 -2.003654
v 1.072438 0.003806 -2.029876
v 1.093699 0.054510 -1.893573
v 1.073928 0.087522 -1.931856
v 1.074899 0.226305 -1.933650
v 1.140492 0.248939 -1.989639
v 1.139691 0.174953 -2.034978
v 1.073945 0.136412 -1.988759
v 1.075501 0.328836 -1.909015
v 1.141002 0.333316 -1.969382
v 1.075695 0.433968 -1.917271
v 1.141172 0.419824 -1.976188
v 1.075458 0.531405 -1.957616
v 1.140984 0.499996 -2.009393
v 1.074814 0.611604 -2.026099
v 1.140457 0.565984 -2.065741
v 1.073831 0.666710 -2.116012
v 1.139645 0.611328 -2.139724
v 1.072598 0.691327 -2.218549
v 1.138624 0.631591 -2.224096
v 1.071239 0.683045 -2.323671
v 1.137495 0.624787 -2.310596
v 1.069889 0.642680 -2.421082
v 1.136369 0.591585 -2.390761
v 1.068678 0.574189 -2.501244
v 1.135355 0.535232 -2.456741
v 1.067725 0.484281 -2.556317
v 1.134555 0.461247 -2.502079
v 1.067123 0.381759 -2.580911
v 1.134045 0.376870 -2.522336
v 1.066931 0.276658 -2.572628
v 1.133876 0.290362 -2.515531
v 1.067168 0.179261 -2.532283
v 1.134063 0.210190 -2.482328
v 1.067810 0.099096 -2.463822
v 1.134589 0.144202 -2.425978
v 1.068795 0.044006 -2.373944
v 1.135403 0.098858 -2.351996
v 1.070026 0.019380 -2.271445
v 1.136424 0.078595 -2.267624
v 1.071383 0.027631 -2.166350
v 1.137553 0.085399 -2.181123
v 1.072735 0.067956 -2.068944
v 1.138679 0.118601 -2.100960
v 1.469445 0.249219 -1.996731
v 1.413709 0.272121 -2.050613
v 1.414114 0.337535 -2.034908
v 1.469940 0.332636 -1.976703
v 1.468664 0.176077 -2.041553
v 1.413076 0.214763 -2.085763
v 1.414254 0.404602 -2.040185
v 1.470100 0.418159 -1.983433
v 1.414112 0.466756 -2.065927
v 1.469910 0.497418 -2.016258
v 1.413707 0.517914 -2.109614
v 1.469388 0.562655 -2.071966
v 1.413075 0.553068 -2.166968
v 1.468586 0.607483 -2.145106
v 1.412279 0.568776 -2.232377
v 1.467582 0.627515 -2.228517
v 1.411396 0.563502 -2.299438
v 1.466474 0.620789 -2.314033
v 1.410511 0.537761 -2.361588
v 1.465370 0.587964 -2.393284
v 1.409715 0.494074 -2.412738
v 1.464378 0.532253 -2.458514
v 1.409084 0.436716 -2.447887
v 1.463597 0.459110 -2.503337
v 1.408677 0.371301 -2.463593
v 1.463101 0.375694 -2.523363
v 1.408538 0.304235 -2.458316
v 1.462941 0.290171 -2.516636
v 1.408679 0.242081 -2.432574
v 1.463132 0.210912 -2.483811
v 1.409084 0.190922 -2.388888
v 1.463653 0.145675 -2.428102
v 1.409717 0.155769 -2.331534
v 1.464456 0.100847 -2.354962
v 1.410514 0.140061 -2.266125
v 1.465460 0.080815 -2.271551
v 1.411397 0.145335 -2.199062
v 1.466569 0.087541 -2.186035
v 1.412279 0.171075 -2.136915
v 1.467672 0.120365 -2.106783
v 1.413709 0.272121 -2.050613
v 1.400647 0.305584 -2.131081
v 1.400878 0.344442 -2.121758
v 1.414114 0.337535 -2.034908
v 1.413076 0.214763 -2.085763
v 1.400283 0.271513 -2.151965
v 1.400953 0.384282 -2.124893
v 1.414254 0.404602 -2.040185
v 1.400863 0.421200 -2.140183
v 1.414112 0.466756 -2.065927
v 1.400621 0.451587 -2.166135
v 1.413707 0.517914 -2.109614
v 1.400246 0.472472 -2.200205
v 1.413075 0.553068 -2.166968
v 1.399778 0.481803 -2.239055
v 1.412279 0.568776 -2.232377
v 1.399263 0.478670 -2.278895
v 1.411396 0.563502 -2.299438
v 1.398749 0.463385 -2.315814
v 1.410511 0.537761 -2.361588
v 1.398288 0.437431 -2.346198
v 1.409715 0.494074 -2.412738
v 1.397923 0.403360 -2.367079
v 1.409084 0.436716 -2.447887
v 1.397693 0.364502 -2.376402
v 1.408677 0.371301 -2.463593
v 1.397617 0.324661 -2.373269
v 1.408538 0.304235 -2.458316
v 1.397706 0.287743 -2.357979
v 1.408679 0.242081 -2.432574
v 1.397949 0.257356 -2.332025
v 1.409084 0.190922 -2.388888
v 1.398322 0.236471 -2.297957
v 1.409717 0.155769 -2.331534
v 1.398791 0.227141 -2.259106
v 1.410514 0.140061 -2.266125
v 1.399307 0.230274 -2.219269
v 1.411397 0.145335 -2.199062
v 1.399821 0.245559 -2.182348
v 1.412279 0.171075 -2.136915
v 1.400647 0.305584 -2.131081
v 1.378075 0.336200 -2.204550
v 1.378160 0.350773 -2.201055
v 1.400878 0.344442 -2.121758
v 1.400283 0.271513 -2.151965
v 1.377937 0.323422 -2.212384
v 1.378188 0.365714 -2.202230
v 1.400953 0.384282 -2.124893
v 1.378156 0.379559 -2.207963
v 1.400863 0.421200 -2.140183
v 1.378064 0.390956 -2.217696
v 1.400621 0.451587 -2.166135
v 1.377924 0.398788 -2.230474
v 1.400246 0.472472 -2.200205
v 1.377749 0.402287 -2.245044
v 1.399778 0.481803 -2.239055
v 1.377556 0.401112 -2.259984
v 1.399263 0.478670 -2.278895
v 1.377362 0.395380 -2.273832
v 1.398749 0.463385 -2.315814
v 1.377188 0.385646 -2.285226
v 1.398288 0.437431 -2.346198
v 1.377053 0.372869 -2.293056
v 1.397923 0.403360 -2.367079
v 1.376966 0.358296 -2.296553
v 1.397693 0.364502 -2.376402
v 1.376938 0.343354 -2.295377
v 1.397617 0.324661 -2.373269
v 1.376971 0.329509 -2.289643
v 1.397706 0.287743 -2.357979
v 1.377062 0.318112 -2.279911
v 1.397949 0.257356 -2.332025
v 1.377202 0.310280 -2.267134
v 1.398322 0.236471 -2.297957
v 1.377378 0.306781 -2.252563
v 1.398791 0.227141 -2.259106
v 1.377573 0.307956 -2.237623
v 1.399307 0.230274 -2.219269
v 1.377765 0.313688 -2.223777
v 1.399821 0.245559 -2.182348
v 1.378075 0.336200 -2.204550
v 1.404483 0.339814 -2.213799
v 1.404558 0.351454 -2.211006
v 1.378160 0.350773 -2.201055
v 1.377937 0.323422 -2.212384
v 1.404367 0.329609 -2.220054
v 1.404587 0.363387 -2.211945
v 1.378188 0.365714 -2.202230
v 1.404563 0.374445 -2.216524
v 1.378156 0.379559 -2.207963
v 1.404492 0.383547 -2.224298
v 1.378064 0.390956 -2.217696
v 1.404377 0.389803 -2.234503
v 1.377924 0.398788 -2.230474
v 1.404235 0.392597 -2.246139
v 1.377749 0.402287 -2.245044
v 1.404076 0.391659 -2.258071
v 1.377556 0.401112 -2.259984
v 1.403915 0.387081 -2.269130
v 1.377362 0.395380 -2.273832
v 1.403769 0.379306 -2.278232
v 1.377188 0.385646 -2.285226
v 1.403653 0.369101 -2.284487
v 1.377053 0.372869 -2.293056
v 1.403577 0.357462 -2.287280
v 1.376966 0.358296 -2.296553
v 1.403549 0.345529 -2.286339
v 1.376938 0.343354 -2.295377
v 1.403573 0.334471 -2.281760
v 1.376971 0.329509 -2.289643
v 1.403646 0.325369 -2.273987
v 1.377062 0.318112 -2.279911
v 1.377062 0.318112 -2.279911
v 1.403646 0.325369 -2.273987
v 1.403758 0.319113 -2.263780
v 1.377202 0.310280 -2.267134
v 1.403902 0.316318 -2.252143
v 1.377378 0.306781 -2.252563
v 1.404062 0.317257 -2.240211
v 1.377573 0.307956 -2.237623
v 1.404222 0.321835 -2.229152
v 1.377765 0.313688 -2.223777
v 1.403646 0.325369 -2.273987
v 1.403573 0.334471 -2.281760
v 1.403549 0.345529 -2.286339
v 1.403758 0.319113 -2.263780
v 1.403577 0.357462 -2.287280
v 1.403902 0.316318 -2.252143
v 1.403653 0.369101 -2.284487
v 1.404062 0.317257 -2.240211
v 1.403769 0.379306 -2.278232
v 1.404222 0.321835 -2.229152
v 1.403915 0.387081 -2.269130
v 1.404367 0.329609 -2.220054
v 1.404076 0.391659 -2.258071
v 1.404483 0.339814 -2.213799
v 1.404235 0.392597 -2.246139
v 1.404558 0.351454 -2.211006
v 1.404377 0.389803 -2.234503
v 1.404587 0.363387 -2.211945
v 1.404492 0.383547 -2.224298
v 1.404563 0.374445 -2.216524
v 1.485655 0.331121 -1.959121
v 1.485128 0.242261 -1.980456
v 1.484296 0.164345 -2.028203
v 1.485825 0.422224 -1.966289
v 1.483239 0.104999 -2.097689
v 1.485624 0.506656 -2.001256
v 1.485068 0.576150 -2.060599
v 1.484213 0.623903 -2.138513
v 1.483142 0.645242 -2.227365
v 1.481961 0.638077 -2.318463
v 1.480786 0.603111 -2.402887
v 1.479730 0.543764 -2.472371
v 1.478898 0.465849 -2.520118
v 1.478370 0.376989 -2.541452
v 1.478199 0.285885 -2.534286
v 1.478402 0.201454 -2.499318
v 1.478957 0.131959 -2.439975
v 1.479812 0.084206 -2.362062
v 1.480884 0.062867 -2.273209
v 1.482064 0.070032 -2.182114
v 1.469445 0.249219 -1.996731
v 1.469940 0.332636 -1.976703
v 1.485655 0.331121 -1.959121
v 1.485128 0.242261 -1.980456
v 1.484296 0.164345 -2.028203
v 1.468664 0.176077 -2.041553
v 1.470100 0.418159 -1.983433
v 1.485825 0.422224 -1.966289
v 1.469910 0.497418 -2.016258
v 1.485624 0.506656 -2.001256
v 1.469388 0.562655 -2.071966
v 1.485068 0.576150 -2.060599
v 1.468586 0.607483 -2.145106
v 1.484213 0.623903 -2.138513
v 1.467582 0.627515 -2.228517
v 1.483142 0.645242 -2.227365
v 1.466474 0.620789 -2.314033
v 1.481961 0.638077 -2.318463
v 1.465370 0.587964 -2.393284
v 1.480786 0.603111 -2.402887
v 1.464378 0.532253 -2.458514
v 1.479730 0.543764 -2.472371
v 1.463597 0.459110 -2.503337
v 1.478898 0.465849 -2.520118
v 1.463101 0.375694 -2.523363
v 1.478370 0.376989 -2.541452
v 1.462941 0.290171 -2.516636
v 1.478199 0.285885 -2.534286
v 1.463132 0.210912 -2.483811
v 1.478402 0.201454 -2.499318
v 1.463653 0.145675 -2.428102
v 1.478957 0.131959 -2.439975
v 1.464456 0.100847 -2.354962
v 1.479812 0.084206 -2.362062
v 1.465460 0.080815 -2.271551
v 1.480884 0.062867 -2.273209
v 1.466569 0.087541 -2.186035
v 1.482064 0.070032 -2.182114
v 1.467672 0.120365 -2.106783
v 1.483239 0.104999 -2.097689
v 1.420771 0.166227 -1.794983
v 1.454716 0.174049 -1.814807
v 1.455566 0.317291 -1.780415
v 1.421763 0.315831 -1.759066
v 1.419255 0.035047 -1.875368
v 1.453374 0.048447 -1.891774
v 1.417364 -0.064868 -1.992356
v 1.451672 -0.047220 -2.003788
v 1.415279 -0.123738 -2.134488
v 1.449778 -0.103587 -2.139879
v 1.413210 -0.135800 -2.287859
v 1.447872 -0.115136 -2.286727
v 1.411357 -0.099874 -2.437452
v 1.446148 -0.080738 -2.429961
v 1.409899 -0.019477 -2.568624
v 1.444769 -0.003759 -2.555557
v 1.446148 -0.080738 -2.429961
v 1.411357 -0.099874 -2.437452
v 1.408981 0.097523 -2.668536
v 1.443874 0.108266 -2.651221
v 1.408693 0.239672 -2.727408
v 1.443547 0.244370 -2.707589
v 1.409063 0.393055 -2.739476
v 1.443825 0.391232 -2.719141
v 1.410054 0.542659 -2.703559
v 1.444673 0.534474 -2.684751
v 1.411570 0.673839 -2.623174
v 1.446015 0.660076 -2.607782
v 1.413461 0.773754 -2.506188
v 1.447717 0.755743 -2.495770
v 1.415545 0.832624 -2.364052
v 1.449612 0.812110 -2.359679
v 1.417614 0.844686 -2.210683
v 1.451516 0.823659 -2.212829
v 1.419469 0.808760 -2.061090
v 1.453241 0.789261 -2.069596
v 1.420927 0.728362 -1.929917
v 1.454620 0.712281 -1.943999
v 1.421843 0.611363 -1.830005
v 1.455516 0.600257 -1.848337
v 1.422132 0.469214 -1.771134
v 1.455842 0.464152 -1.791971
v 1.125201 0.166757 -1.791492
v 1.126112 0.316360 -1.755576
v 1.123772 0.035577 -1.871881
v 1.121968 -0.064338 -1.988865
v 1.119963 -0.123208 -2.131001
v 1.117957 -0.135271 -2.284371
v 1.116142 -0.099345 -2.433965
v 1.114699 -0.018947 -2.565138
v 1.116142 -0.099345 -2.433965
v 1.113767 0.098053 -2.665049
v 1.113440 0.240202 -2.723921
v 1.113745 0.393585 -2.735988
v 1.114658 0.543188 -2.700070
v 1.116086 0.674368 -2.619684
v 1.117891 0.774283 -2.502697
v 1.119895 0.833153 -2.360563
v 1.121901 0.845216 -2.207191
v 1.123715 0.809290 -2.057597
v 1.125160 0.728892 -1.926425
v 1.126090 0.611892 -1.826513
v 1.126418 0.469744 -1.767643
v 0.088709 1.412109 1.925194
v 0.090117 1.407523 1.925180
v 0.090330 1.407523 1.945963
v 0.088922 1.412109 1.945978
v 0.090117 1.407523 1.925180
v 0.094875 1.406918 1.925131
v 0.095089 1.406918 1.945915
v 0.090330 1.407523 1.945963
v 0.094875 1.406918 1.925131
v 0.098225 1.410898 1.925097
v 0.098438 1.410898 1.945880
v 0.095089 1.406918 1.945915
v 0.098225 1.410898 1.925097
v 0.096816 1.415483 1.925111
v 0.097029 1.415483 1.945896
v 0.098438 1.410898 1.945880
v 0.096816 1.415483 1.925111
v 0.092058 1.416088 1.925160
v 0.092273 1.416088 1.945943
v 0.097029 1.415483 1.945896
v 0.092058 1.416088 1.925160
v 0.088709 1.412109 1.925194
v 0.088922 1.412109 1.945978
v 0.092273 1.416088 1.945943
v 0.092273 1.416088 1.945943
v 0.088922 1.412109 1.945978
v 0.090330 1.407523 1.945963
v 0.097029 1.415483 1.945896
v 0.095089 1.406918 1.945915
v 0.098438 1.410898 1.945880
v -1.361881 0.354558 -2.299478
v -1.361718 0.355400 -2.283561
v -1.372111 0.355400 -2.283454
v -1.372274 0.354558 -2.299370
v -1.361718 0.355400 -2.283561
v -1.361644 0.369607 -2.276333
v -1.372036 0.369607 -2.276225
v -1.372111 0.355400 -2.283454
v -1.361644 0.369607 -2.276333
v -1.361733 0.382971 -2.285020
v -1.372126 0.382971 -2.284912
v -1.372036 0.369607 -2.276225
v -1.361733 0.382971 -2.285020
v -1.361896 0.382129 -2.300936
v -1.372289 0.382129 -2.300828
v -1.372126 0.382971 -2.284912
v -1.361896 0.382129 -2.300936
v -1.361972 0.367922 -2.308166
v -1.372364 0.367922 -2.308059
v -1.372289 0.382129 -2.300828
v -1.361972 0.367922 -2.308166
v -1.361881 0.354558 -2.299478
v -1.372274 0.354558 -2.299370
v -1.372364 0.367922 -2.308059
v -1.372289 0.382129 -2.300828
v -1.372111 0.355400 -2.283454
v -1.372036 0.369607 -2.276225
v -1.372126 0.382971 -2.284912
v -1.372364 0.367922 -2.308059
v -1.372274 0.354558 -2.299370
v 0.041401 0.793036 0.069145
v 0.041360 0.790572 0.065163
v 0.040974 0.853548 0.027574
v 0.040994 0.854778 0.029564
v 0.036058 0.854778 0.029615
v 0.036037 0.853548 0.027626
v 0.036424 0.790572 0.065214
v 0.036464 0.793036 0.069197
v 0.036464 0.793036 0.069197
v 0.036058 0.854778 0.029615
v -0.000429 0.657453 -0.083200
v -0.000292 0.634329 -0.069882
v 0.075291 0.634329 -0.070659
v 0.075154 0.657453 -0.083977
v -0.001272 0.659821 -0.165192
v -0.001034 0.673207 -0.142106
v 0.074549 0.673207 -0.142883
v 0.074312 0.659821 -0.165969
v -0.000712 0.672303 -0.110789
v 0.074871 0.672303 -0.111566
v -0.000712 0.672303 -0.110789
v -0.001034 0.673207 -0.142106
v -0.001272 0.659821 -0.165192
v -0.000429 0.657453 -0.083200
v 0.075154 0.657453 -0.083977
v 0.074312 0.659821 -0.165969
v 0.074549 0.673207 -0.142883
v 0.074871 0.672303 -0.111566
v -0.001334 0.637256 -0.171227
v 0.074250 0.637256 -0.172004
v -0.001334 0.637256 -0.171227
v -0.000292 0.634329 -0.069882
v 0.075291 0.634329 -0.070659
v 0.074250 0.637256 -0.172004
v 1.413332 0.292227 -1.172469
v 1.447255 0.363110 -1.181342
v 1.412853 0.372468 -1.180581
v 1.381573 0.307477 -1.171963
v 1.428684 0.284897 -1.206565
v 1.463694 0.358926 -1.215677
v 1.412593 0.292973 -1.240158
v 1.445691 0.363980 -1.249238
v 1.380821 0.308212 -1.239652
v 1.411252 0.373511 -1.248510
v 1.365123 0.315387 -1.205553
v 1.394854 0.377829 -1.214188
v 1.394854 0.377829 -1.214188
v 1.365123 0.315387 -1.205553
v 1.509213 0.557403 -1.221656
v 1.470236 0.573557 -1.217681
v 1.523296 0.545357 -1.259797
v 1.498399 0.549464 -1.293961
v 1.459421 0.565617 -1.289983
v 1.445339 0.577664 -1.251845
v 1.445339 0.577664 -1.251845
v 1.338869 0.282498 -1.205672
v 1.260082 0.250643 -1.205236
v 1.260969 0.230746 -1.171629
v 1.351131 0.268457 -1.172110
v 1.350425 0.269243 -1.239800
v 1.260273 0.231544 -1.239316
v 1.260082 0.250643 -1.205236
v 1.338869 0.282498 -1.205672
v 1.373699 0.241142 -1.240370
v 1.261957 0.192354 -1.239796
v 1.385544 0.226442 -1.206811
v 1.263299 0.172354 -1.206192
v 1.374403 0.240354 -1.172678
v 1.262653 0.191556 -1.172107
v 1.084760 0.313677 -1.202993
v 1.076389 0.296181 -1.169261
v 1.075693 0.296979 -1.236949
v 1.084760 0.313677 -1.202993
v 1.058254 0.262785 -1.237174
v 1.049883 0.245289 -1.203440
v 1.058950 0.261987 -1.169485
v 0.033808 1.355504 1.819492
v 0.038104 1.362160 1.819448
v 0.038456 1.362160 1.853776
v 0.034162 1.355504 1.853819
v 0.038104 1.362160 1.819448
v 0.033808 1.368817 1.819492
v 0.034162 1.368817 1.853819
v 0.038456 1.362160 1.853776
v 0.033808 1.368817 1.819492
v 0.025218 1.368817 1.819581
v 0.025571 1.368817 1.853908
v 0.034162 1.368817 1.853819
v 0.025218 1.368817 1.819581
v 0.020922 1.362160 1.819625
v 0.021275 1.362160 1.853952
v 0.025571 1.368817 1.853908
v 0.020922 1.362160 1.819625
v 0.025218 1.355504 1.819581
v 0.025571 1.355504 1.853908
v 0.021275 1.362160 1.853952
v 0.025218 1.355504 1.819581
v 0.033808 1.355504 1.819492
v 0.034162 1.355504 1.853819
v 0.025571 1.355504 1.853908
v 0.021275 1.362160 1.853952
v 0.038456 1.362160 1.853776
v 0.034162 1.368817 1.853819
v 0.025571 1.368817 1.853908
v 0.025571 1.355504 1.853908
v 0.034162 1.355504 1.853819
v -1.106244 0.436508 1.620009
v -1.105334 0.422888 1.708591
v 1.216654 0.422888 1.684727
v 1.215744 0.436508 1.596145
v 1.215744 0.347922 1.596145
v 1.216654 0.366770 1.684727
v -1.105334 0.366770 1.708591
v -1.106244 0.347922 1.620009
v -1.105334 0.366770 1.708591
v 1.216654 0.366770 1.684727
v 1.216654 0.422888 1.684727
v -1.105334 0.422888 1.708591
v 1.215744 0.347922 1.596145
v -1.106244 0.347922 1.620009
v -1.106244 0.436508 1.620009
v 1.215744 0.436508 1.596145
v -0.025123 1.487326 1.820098
v -0.020826 1.493983 1.820053
v -0.020474 1.493983 1.854381
v -0.024770 1.487326 1.854426
v -0.020826 1.493983 1.820053
v -0.025123 1.500639 1.820098
v -0.024770 1.500639 1.854426
v -0.020474 1.493983 1.854381
v -0.025123 1.500639 1.820098
v -0.033713 1.500639 1.820186
v -0.033361 1.500639 1.854514
v -0.024770 1.500639 1.854426
v -0.033713 1.500639 1.820186
v -0.038009 1.493983 1.820230
v -0.037656 1.493983 1.854558
v -0.033361 1.500639 1.854514
v -0.038009 1.493983 1.820230
v -0.033713 1.487326 1.820186
v -0.033361 1.487326 1.854514
v -0.037656 1.493983 1.854558
v -0.033713 1.487326 1.820186
v -0.025123 1.487326 1.820098
v -0.024770 1.487326 1.854426
v -0.033361 1.487326 1.854514
v -0.037656 1.493983 1.854558
v -0.020474 1.493983 1.854381
v -0.024770 1.500639 1.854426
v -0.033361 1.500639 1.854514
v -0.033361 1.487326 1.854514
v -0.024770 1.487326 1.854426
v 0.192947 1.399287 1.817857
v 0.197243 1.405943 1.817812
v 0.197596 1.405943 1.852140
v 0.193301 1.399287 1.852184
v 0.197243 1.405943 1.817812
v 0.192947 1.412599 1.817857
v 0.193301 1.412599 1.852184
v 0.197596 1.405943 1.852140
v 0.192947 1.412599 1.817857
v 0.184357 1.412599 1.817945
v 0.184709 1.412599 1.852273
v 0.193301 1.412599 1.852184
v 0.184357 1.412599 1.817945
v 0.180060 1.405943 1.817990
v 0.180414 1.405943 1.852317
v 0.184709 1.412599 1.852273
v 0.180060 1.405943 1.817990
v 0.184357 1.399287 1.817945
v 0.184709 1.399287 1.852273
v 0.180414 1.405943 1.852317
v 0.184357 1.399287 1.817945
v 0.192947 1.399287 1.817857
v 0.193301 1.399287 1.852184
v 0.184709 1.399287 1.852273
v 0.180414 1.405943 1.852317
v 0.197596 1.405943 1.852140
v 0.193301 1.412599 1.852184
v 0.184709 1.412599 1.852273
v 0.184709 1.399287 1.852273
v 0.193301 1.399287 1.852184
v -1.360668 0.314700 -2.181425
v -1.360808 0.306481 -2.195083
v -1.371202 0.306481 -2.194975
v -1.371061 0.314700 -2.181317
v -1.360808 0.306481 -2.195083
v -1.360806 0.290543 -2.194793
v -1.371199 0.290543 -2.194685
v -1.371202 0.306481 -2.194975
v -1.360806 0.290543 -2.194793
v -1.360663 0.282824 -2.180848
v -1.371055 0.282824 -2.180741
v -1.371199 0.290543 -2.194685
v -1.360663 0.282824 -2.180848
v -1.360522 0.291043 -2.167189
v -1.370914 0.291043 -2.167082
v -1.371055 0.282824 -2.180741
v -1.360522 0.291043 -2.167189
v -1.360525 0.306980 -2.167477
v -1.370918 0.306980 -2.167370
v -1.370914 0.291043 -2.167082
v -1.360525 0.306980 -2.167477
v -1.360668 0.314700 -2.181425
v -1.371061 0.314700 -2.181317
v -1.370918 0.306980 -2.167370
v -1.370918 0.306980 -2.167370
v -1.371061 0.314700 -2.181317
v -1.371055 0.282824 -2.180741
v -1.370914 0.291043 -2.167082
v -1.371202 0.306481 -2.194975
v -1.371199 0.290543 -2.194685
v 1.042529 0.652483 1.318519
v 1.043549 0.605421 1.376718
v 1.044003 0.676212 1.454873
v 1.043077 0.739040 1.414048
v 1.044606 0.719382 1.551074
v 1.043803 0.791841 1.531649
v 1.042215 0.540641 1.254410
v 1.043288 0.513937 1.324262
v 1.042165 0.414463 1.228000
v 1.043244 0.410716 1.302649
v 1.042385 0.286299 1.241874
v 1.043422 0.305867 1.313995
v 1.042850 0.168695 1.294674
v 1.043804 0.209658 1.357191
v 1.043518 0.073163 1.381227
v 1.044355 0.131513 1.428006
v 1.044324 0.009055 1.493067
v 1.045017 0.079082 1.519502
v 1.045186 -0.017354 1.619243
v 1.045728 0.057496 1.622719
v 1.046020 -0.003479 1.747404
v 1.046419 0.068865 1.727545
v 1.046749 0.049321 1.865005
v 1.047020 0.112069 1.823724
v 1.047295 0.135878 1.960536
v 1.047474 0.182874 1.901841
v 1.047609 0.247720 2.024642
v 1.047735 0.274348 1.954258
v 1.047659 0.373899 2.051053
v 1.047779 0.377537 1.975846
v 1.047440 0.502063 2.037180
v 1.047601 0.482346 1.964498
v 1.046973 0.619667 1.984380
v 1.047219 0.578520 1.921323
v 1.046305 0.715198 1.897824
v 1.046669 0.656651 1.850546
v 1.045501 0.779306 1.785987
v 1.046007 0.709093 1.759090
v 1.044638 0.805715 1.659811
v 1.045296 0.730710 1.655901
v 1.421820 0.788571 1.379073
v 1.422650 0.848909 1.513463
v 1.444337 0.817676 1.522038
v 1.443563 0.761496 1.396907
v 1.442982 0.669399 1.295262
v 1.421194 0.689658 1.269907
v 1.442648 0.550398 1.227053
v 1.420835 0.561849 1.196648
v 1.442595 0.416143 1.198952
v 1.420778 0.417659 1.166468
v 1.442828 0.279776 1.213713
v 1.421029 0.271199 1.182320
v 1.443324 0.154645 1.269891
v 1.421562 0.136807 1.242658
v 1.444035 0.052999 1.361987
v 1.422325 0.027638 1.341567
v 1.444889 -0.015213 1.480984
v 1.423244 -0.045622 1.469372
v 1.445807 -0.043313 1.615236
v 1.424230 -0.075801 1.613560
v 1.446697 -0.028550 1.751601
v 1.425184 -0.059946 1.760016
v 1.447470 0.027630 1.876729
v 1.426015 0.000392 1.894405
v 1.448051 0.119728 1.978373
v 1.426640 0.099306 2.003572
v 1.448386 0.238728 2.046586
v 1.426998 0.227113 2.076833
v 1.448439 0.372983 2.074686
v 1.427057 0.371304 2.107011
v 1.448208 0.509350 2.059924
v 1.426807 0.517764 2.091158
v 1.447710 0.634481 2.003746
v 1.426273 0.652155 2.030822
v 1.447000 0.736127 1.911651
v 1.425509 0.761325 1.931912
v 1.446143 0.804339 1.792653
v 1.424590 0.834584 1.804107
v 1.445225 0.832439 1.658402
v 1.423604 0.864764 1.659920
v 1.043077 0.739040 1.414048
v 1.062240 0.781505 1.386205
v 1.061639 0.684297 1.278920
v 1.042529 0.652483 1.318519
v 1.061296 0.558692 1.206923
v 1.042215 0.540641 1.254410
v 1.061246 0.416987 1.177263
v 1.042165 0.414463 1.228000
v 1.061494 0.273052 1.192845
v 1.042385 0.286299 1.241874
v 1.062015 0.140976 1.252140
v 1.042850 0.168695 1.294674
v 1.062759 0.033688 1.349346
v 1.043518 0.073163 1.381227
v 1.063654 -0.038308 1.474948
v 1.044324 0.009055 1.493067
v 1.064609 -0.067968 1.616649
v 1.045186 -0.017354 1.619243
v 1.065533 -0.052386 1.760583
v 1.046020 -0.003479 1.747404
v 1.066335 0.006912 1.892656
v 1.046749 0.049321 1.865005
v 1.066937 0.104120 1.999942
v 1.047295 0.135878 1.960536
v 1.067281 0.229725 2.071937
v 1.047609 0.247720 2.024642
v 1.067331 0.371430 2.101598
v 1.047659 0.373899 2.051053
v 1.067083 0.515366 2.086017
v 1.047440 0.502063 2.037180
v 1.066562 0.647441 2.026721
v 1.046973 0.619667 1.984380
v 1.046973 0.619667 1.984380
v 1.066562 0.647441 2.026721
v 1.065817 0.754728 1.929515
v 1.046305 0.715198 1.897824
v 1.064922 0.826725 1.803912
v 1.045501 0.779306 1.785987
v 1.063967 0.856385 1.662212
v 1.044638 0.805715 1.659811
v 1.063043 0.840803 1.518278
v 1.043803 0.791841 1.531649
v 1.044003 0.676212 1.454873
v 1.110503 0.626333 1.487115
v 1.110981 0.661874 1.566277
v 1.044606 0.719382 1.551074
v 1.043549 0.605421 1.376718
v 1.110144 0.568068 1.422810
v 1.043288 0.513937 1.324262
v 1.109940 0.492783 1.379657
v 1.043244 0.410716 1.302649
v 1.109911 0.407847 1.361880
v 1.043422 0.305867 1.313995
v 1.110059 0.321576 1.371218
v 1.043804 0.209658 1.357191
v 1.110373 0.242413 1.406759
v 1.044355 0.131513 1.428006
v 1.110818 0.178107 1.465023
v 1.045017 0.079082 1.519502
v 1.111352 0.134953 1.540305
v 1.045728 0.057496 1.622719
v 1.111922 0.117176 1.625240
v 1.046419 0.068865 1.727545
v 1.112475 0.126515 1.711510
v 1.047020 0.112069 1.823724
v 1.112954 0.162057 1.790671
v 1.047474 0.182874 1.901841
v 1.113312 0.220322 1.854976
v 1.047735 0.274348 1.954258
v 1.113517 0.295607 1.898129
v 1.047779 0.377537 1.975846
v 1.113544 0.380543 1.915906
v 1.047601 0.482346 1.964498
v 1.113395 0.466814 1.906568
v 1.047219 0.578520 1.921323
v 1.113083 0.545977 1.871027
v 1.046669 0.656651 1.850546
v 1.112639 0.610283 1.812763
v 1.046007 0.709093 1.759090
v 1.112105 0.653436 1.737481
v 1.045296 0.730710 1.655901
v 1.111534 0.671214 1.652547
v 1.439525 0.624009 1.486639
v 1.384676 0.574395 1.519266
v 1.384407 0.529224 1.469414
v 1.439160 0.566408 1.423066
v 1.440007 0.659146 1.564899
v 1.385036 0.601949 1.580638
v 1.384258 0.470858 1.435959
v 1.438951 0.491980 1.380404
v 1.384241 0.405012 1.422176
v 1.438917 0.408012 1.362830
v 1.384358 0.338129 1.429416
v 1.439064 0.322723 1.372062
v 1.384598 0.276756 1.456970
v 1.439373 0.244460 1.407198
v 1.384938 0.226902 1.502138
v 1.439818 0.180886 1.464798
v 1.385344 0.193447 1.560503
v 1.440354 0.138224 1.539224
v 1.385776 0.179665 1.626349
v 1.440927 0.120650 1.623191
v 1.386194 0.186906 1.693230
v 1.441483 0.129882 1.708479
v 1.386553 0.214460 1.754602
v 1.441967 0.165019 1.786740
v 1.386822 0.259631 1.804455
v 1.442331 0.222621 1.850312
v 1.386972 0.317996 1.837909
v 1.442540 0.297049 1.892974
v 1.386989 0.383843 1.851692
v 1.442574 0.381018 1.910549
v 1.386872 0.450726 1.844452
v 1.442428 0.466307 1.901316
v 1.386632 0.512098 1.816900
v 1.442117 0.544569 1.866179
v 1.386291 0.561952 1.771730
v 1.441673 0.608143 1.808580
v 1.385886 0.595407 1.713366
v 1.441137 0.650804 1.734155
v 1.385452 0.609189 1.647519
v 1.440563 0.668380 1.650188
v 1.384676 0.574395 1.519266
v 1.372934 0.501317 1.567092
v 1.372765 0.474481 1.537482
v 1.384407 0.529224 1.469414
v 1.385036 0.601949 1.580638
v 1.373159 0.517682 1.603550
v 1.372667 0.439809 1.517609
v 1.384258 0.470858 1.435959
v 1.372651 0.400698 1.509422
v 1.384241 0.405012 1.422176
v 1.372720 0.360968 1.513726
v 1.384358 0.338129 1.429416
v 1.372863 0.324510 1.530091
v 1.384598 0.276756 1.456970
v 1.373070 0.294898 1.556921
v 1.384938 0.226902 1.502138
v 1.373320 0.275024 1.591591
v 1.385344 0.193447 1.560503
v 1.373588 0.266831 1.630702
v 1.385776 0.179665 1.626349
v 1.373847 0.271136 1.670433
v 1.386194 0.186906 1.693230
v 1.374073 0.287500 1.706890
v 1.386553 0.214460 1.754602
v 1.374243 0.314337 1.736498
v 1.386822 0.259631 1.804455
v 1.374339 0.349009 1.756373
v 1.386972 0.317996 1.837909
v 1.374354 0.388120 1.764559
v 1.386989 0.383843 1.851692
v 1.374286 0.427851 1.760256
v 1.386872 0.450726 1.844452
v 1.374142 0.464309 1.743892
v 1.386632 0.512098 1.816900
v 1.373935 0.493920 1.717062
v 1.386291 0.561952 1.771730
v 1.373686 0.513794 1.682391
v 1.385886 0.595407 1.713366
v 1.373419 0.521986 1.643278
v 1.385452 0.609189 1.647519
v 1.372934 0.501317 1.567092
v 1.351566 0.434481 1.610921
v 1.351503 0.424417 1.599816
v 1.372765 0.474481 1.537482
v 1.373159 0.517682 1.603550
v 1.351651 0.440619 1.624593
v 1.351466 0.411414 1.592363
v 1.372667 0.439809 1.517609
v 1.351460 0.396746 1.589292
v 1.372651 0.400698 1.509422
v 1.351486 0.381846 1.590907
v 1.372720 0.360968 1.513726
v 1.351540 0.368173 1.597043
v 1.372863 0.324510 1.530091
v 1.351617 0.357068 1.607106
v 1.373070 0.294898 1.556921
v 1.351712 0.349614 1.620108
v 1.373320 0.275024 1.591591
v 1.351812 0.346542 1.634777
v 1.373588 0.266831 1.630702
v 1.351909 0.348156 1.649676
v 1.373847 0.271136 1.670433
v 1.351994 0.354293 1.663350
v 1.374073 0.287500 1.706890
v 1.352057 0.364358 1.674453
v 1.374243 0.314337 1.736498
v 1.352092 0.377361 1.681907
v 1.374339 0.349009 1.756373
v 1.352100 0.392029 1.684977
v 1.374354 0.388120 1.764559
v 1.352074 0.406929 1.683364
v 1.374286 0.427851 1.760256
v 1.352019 0.420602 1.677226
v 1.374142 0.464309 1.743892
v 1.351941 0.431707 1.667164
v 1.373935 0.493920 1.717062
v 1.351848 0.439161 1.654161
v 1.373686 0.513794 1.682391
v 1.351748 0.442233 1.639493
v 1.373419 0.521986 1.643278
v 1.351566 0.434481 1.610921
v 1.378124 0.426336 1.616088
v 1.378080 0.418323 1.607246
v 1.351503 0.424417 1.599816
v 1.351651 0.440619 1.624593
v 1.378184 0.431223 1.626974
v 1.378056 0.407970 1.601312
v 1.351466 0.411414 1.592363
v 1.378055 0.396292 1.598868
v 1.351460 0.396746 1.589292
v 1.378076 0.384428 1.600153
v 1.351486 0.381846 1.590907
v 1.378118 0.373542 1.605039
v 1.351540 0.368173 1.597043
v 1.378177 0.364700 1.613050
v 1.351617 0.357068 1.607106
v 1.378246 0.358766 1.623403
v 1.351712 0.349614 1.620108
v 1.378320 0.356319 1.635082
v 1.351812 0.346542 1.634777
v 1.378390 0.357605 1.646946
v 1.351909 0.348156 1.649676
v 1.378449 0.362491 1.657831
v 1.351994 0.354293 1.663350
v 1.378493 0.370505 1.666672
v 1.352057 0.364358 1.674453
v 1.378516 0.380858 1.672607
v 1.352092 0.377361 1.681907
v 1.378518 0.392536 1.675052
v 1.352100 0.392029 1.684977
v 1.378497 0.404399 1.673766
v 1.352074 0.406929 1.683364
v 1.352074 0.406929 1.683364
v 1.378497 0.404399 1.673766
v 1.378455 0.415286 1.668879
v 1.352019 0.420602 1.677226
v 1.378396 0.424127 1.660868
v 1.351941 0.431707 1.667164
v 1.378327 0.430062 1.650516
v 1.351848 0.439161 1.654161
v 1.378255 0.432508 1.638837
v 1.351748 0.442233 1.639493
v 1.378497 0.404399 1.673766
v 1.378518 0.392536 1.675052
v 1.378516 0.380858 1.672607
v 1.378455 0.415286 1.668879
v 1.378493 0.370505 1.666672
v 1.378396 0.424127 1.660868
v 1.378449 0.362491 1.657831
v 1.378327 0.430062 1.650516
v 1.378390 0.357605 1.646946
v 1.378255 0.432508 1.638837
v 1.378320 0.356319 1.635082
v 1.378184 0.431223 1.626974
v 1.378246 0.358766 1.623403
v 1.378124 0.426336 1.616088
v 1.378177 0.364700 1.613050
v 1.378080 0.418323 1.607246
v 1.378118 0.373542 1.605039
v 1.378056 0.407970 1.601312
v 1.378076 0.384428 1.600153
v 1.378055 0.396292 1.598868
v 1.454551 0.577662 1.409108
v 1.454939 0.639023 1.476829
v 1.455453 0.676453 1.560195
v 1.454329 0.498379 1.363661
v 1.456045 0.686288 1.651050
v 1.454292 0.408930 1.344940
v 1.454449 0.318076 1.354775
v 1.454778 0.234706 1.392203
v 1.455252 0.166984 1.453562
v 1.455823 0.121538 1.532845
v 1.456433 0.102816 1.622291
v 1.457027 0.112652 1.713143
v 1.457541 0.150082 1.796512
v 1.457929 0.211442 1.864232
v 1.458151 0.290727 1.909679
v 1.458186 0.380174 1.928400
v 1.458032 0.471030 1.918565
v 1.457700 0.554399 1.881136
v 1.457227 0.622121 1.819777
v 1.456657 0.667566 1.740495
v 1.439525 0.624009 1.486639
v 1.439160 0.566408 1.423066
v 1.454551 0.577662 1.409108
v 1.454939 0.639023 1.476829
v 1.455453 0.676453 1.560195
v 1.440007 0.659146 1.564899
v 1.438951 0.491980 1.380404
v 1.454329 0.498379 1.363661
v 1.438917 0.408012 1.362830
v 1.454292 0.408930 1.344940
v 1.439064 0.322723 1.372062
v 1.454449 0.318076 1.354775
v 1.439373 0.244460 1.407198
v 1.454778 0.234706 1.392203
v 1.439818 0.180886 1.464798
v 1.455252 0.166984 1.453562
v 1.440354 0.138224 1.539224
v 1.455823 0.121538 1.532845
v 1.440927 0.120650 1.623191
v 1.456433 0.102816 1.622291
v 1.441483 0.129882 1.708479
v 1.457027 0.112652 1.713143
v 1.441967 0.165019 1.786740
v 1.457541 0.150082 1.796512
v 1.442331 0.222621 1.850312
v 1.457929 0.211442 1.864232
v 1.442540 0.297049 1.892974
v 1.458151 0.290727 1.909679
v 1.442574 0.381018 1.910549
v 1.458186 0.380174 1.928400
v 1.442428 0.466307 1.901316
v 1.458032 0.471030 1.918565
v 1.442117 0.544569 1.866179
v 1.457700 0.554399 1.881136
v 1.441673 0.608143 1.808580
v 1.457227 0.622121 1.819777
v 1.441137 0.650804 1.734155
v 1.456657 0.667566 1.740495
v 1.440563 0.668380 1.650188
v 1.456045 0.686288 1.651050
v 1.387555 0.806010 1.367751
v 1.421820 0.788571 1.379073
v 1.421194 0.689658 1.269907
v 1.387005 0.702703 1.253735
v 1.388307 0.869027 1.508110
v 1.422650 0.848909 1.513463
v 1.389190 0.885586 1.661072
v 1.423604 0.864764 1.659920
v 1.390115 0.854066 1.811665
v 1.424590 0.834584 1.804107
v 1.390993 0.777553 1.945144
v 1.425509 0.761325 1.931912
v 1.391739 0.663536 2.048449
v 1.426273 0.652155 2.030822
v 1.392278 0.523176 2.111464
v 1.426807 0.517764 2.091158
v 1.426273 0.652155 2.030822
v 1.391739 0.663536 2.048449
v 1.392558 0.370212 2.128022
v 1.427057 0.371304 2.107011
v 1.392549 0.219618 2.096501
v 1.426998 0.227113 2.076833
v 1.392256 0.086134 2.019987
v 1.426640 0.099306 2.003572
v 1.391708 -0.017172 1.905972
v 1.426015 0.000392 1.894405
v 1.390954 -0.080189 1.765612
v 1.425184 -0.059946 1.760016
v 1.390073 -0.096748 1.612651
v 1.424230 -0.075801 1.613560
v 1.389147 -0.065229 1.462059
v 1.423244 -0.045622 1.469372
v 1.388267 0.011284 1.328577
v 1.422325 0.027638 1.341567
v 1.387523 0.125301 1.225275
v 1.421562 0.136807 1.242658
v 1.386985 0.265662 1.162259
v 1.421029 0.271199 1.182320
v 1.386705 0.418626 1.145700
v 1.420778 0.417659 1.166468
v 1.386713 0.569220 1.177222
v 1.420835 0.561849 1.196648
v 1.091973 0.805827 1.370117
v 1.091344 0.702521 1.256101
v 1.092813 0.868844 1.510475
v 1.093783 0.885404 1.663437
v 1.094788 0.853884 1.814028
v 1.095728 0.777371 1.947508
v 1.096514 0.663354 2.050812
v 1.097066 0.522994 2.113826
v 1.096514 0.663354 2.050812
v 1.097331 0.370029 2.130385
v 1.097285 0.219436 2.098863
v 1.096928 0.085952 2.022350
v 1.096299 -0.017354 1.908337
v 1.095459 -0.080372 1.767978
v 1.094488 -0.096931 1.615018
v 1.093484 -0.065411 1.464426
v 1.092544 0.011102 1.330945
v 1.091758 0.125119 1.227643
v 1.091206 0.265480 1.164627
v 1.090940 0.418443 1.148069
v 1.090987 0.569037 1.179588
v 0.033808 1.487326 1.819492
v 0.038104 1.493983 1.819448
v 0.038456 1.493983 1.853776
v 0.034162 1.487326 1.853819
v 0.038104 1.493983 1.819448
v 0.033808 1.500639 1.819492
v 0.034162 1.500639 1.853819
v 0.038456 1.493983 1.853776
v 0.033808 1.500639 1.819492
v 0.025218 1.500639 1.819581
v 0.025571 1.500639 1.853908
v 0.034162 1.500639 1.853819
v 0.025218 1.500639 1.819581
v 0.020922 1.493983 1.819625
v 0.021275 1.493983 1.853952
v 0.025571 1.500639 1.853908
v 0.020922 1.493983 1.819625
v 0.025218 1.487326 1.819581
v 0.025571 1.487326 1.853908
v 0.021275 1.493983 1.853952
v 0.025218 1.487326 1.819581
v 0.033808 1.487326 1.819492
v 0.034162 1.487326 1.853819
v 0.025571 1.487326 1.853908
v 0.021275 1.493983 1.853952
v 0.038456 1.493983 1.853776
v 0.034162 1.500639 1.853819
v 0.025571 1.500639 1.853908
v 0.025571 1.487326 1.853908
v 0.034162 1.487326 1.853819
v 0.033012 0.868132 0.018635
v 0.027667 0.868132 0.024091
v 0.027667 0.872454 0.024091
v 0.033012 0.872454 0.018635
v 0.027779 0.868132 0.034894
v 0.033234 0.868132 0.040238
v 0.033234 0.872454 0.040238
v 0.027779 0.872454 0.034894
v 0.043814 0.872454 0.018523
v 0.049271 0.872454 0.023868
v 0.049271 0.868132 0.023868
v 0.043814 0.868132 0.018523
v 0.049381 0.872454 0.034672
v 0.044036 0.872454 0.040127
v 0.044036 0.868132 0.040127
v 0.049381 0.868132 0.034672
v 0.044036 0.868132 0.040127
v 0.044036 0.872454 0.040127
v -1.338248 0.289131 -1.236794
v -1.312649 0.305387 -1.256618
v -1.356435 0.391977 -1.268505
v -1.386018 0.381908 -1.248855
v -1.363861 0.272580 -1.256092
v -1.415196 0.371779 -1.268799
v -1.364247 0.272558 -1.295215
v -1.414794 0.371422 -1.308352
v -1.339002 0.289064 -1.315039
v -1.385177 0.381330 -1.327978
v -1.313012 0.305339 -1.295742
v -1.355991 0.391771 -1.308079
v -1.313012 0.305339 -1.295742
v -1.355991 0.391771 -1.308079
v -1.440080 0.554611 -1.289682
v -1.473787 0.541985 -1.309115
v -1.472683 0.539504 -1.348074
v -1.437872 0.549651 -1.367595
v -1.404164 0.562277 -1.348164
v -1.404164 0.562277 -1.348164
v -1.405269 0.564757 -1.309206
v -1.282113 0.269272 -1.256687
v -1.301401 0.241950 -1.236729
v -1.215724 0.213105 -1.238097
v -1.213510 0.246896 -1.257663
v -1.282518 0.269272 -1.296206
v -1.213912 0.246896 -1.296747
v -1.302214 0.241949 -1.315763
v -1.282518 0.269272 -1.296206
v -1.213912 0.246896 -1.296747
v -1.216527 0.213104 -1.316263
v -1.321091 0.213838 -1.295809
v -1.219112 0.179240 -1.296693
v -1.320684 0.213838 -1.256290
v -1.218711 0.179240 -1.257609
v -1.043037 0.316799 -1.259414
v -1.043438 0.316799 -1.298498
v -1.043438 0.316799 -1.298498
v -1.030370 0.287850 -1.318176
v -1.016898 0.258901 -1.298771
v -1.016497 0.258901 -1.259687
v -1.029567 0.287850 -1.240010
v 1.365456 0.324425 1.604137
v 1.375849 0.324425 1.604031
v 1.375864 0.340291 1.605561
v 1.365472 0.340291 1.605667
v 1.365472 0.340291 1.605667
v 1.375864 0.340291 1.605561
v 1.375731 0.349549 1.592586
v 1.365338 0.349549 1.592692
v 1.365338 0.349549 1.592692
v 1.375731 0.349549 1.592586
v 1.375582 0.342941 1.578081
v 1.365190 0.342941 1.578188
v 1.365190 0.342941 1.578188
v 1.375582 0.342941 1.578081
v 1.375567 0.327074 1.576551
v 1.365174 0.327074 1.576658
v 1.365174 0.327074 1.576658
v 1.375567 0.327074 1.576551
v 1.375700 0.317816 1.589526
v 1.365306 0.317816 1.589633
v 1.365306 0.317816 1.589633
v 1.375700 0.317816 1.589526
v 1.375849 0.324425 1.604031
v 1.365456 0.324425 1.604137
v 1.375700 0.317816 1.589526
v 1.375731 0.349549 1.592586
v 1.375864 0.340291 1.605561
v 1.375849 0.324425 1.604031
v 1.375567 0.327074 1.576551
v 1.375582 0.342941 1.578081
v -0.997648 0.523850 -0.591747
v -0.995823 0.543688 -0.414210
v -1.015172 0.698182 -0.431273
v -0.998150 0.674816 -0.640578
v -0.948948 0.716767 -0.434032
v -0.934727 0.696929 -0.611734
v -0.223871 0.674816 -0.648536
v -0.202551 0.698182 -0.439626
v -0.202374 0.543688 -0.422365
v -0.223369 0.523850 -0.599705
v -0.973759 0.636940 0.114470
v -0.938118 0.630501 0.114820
v -0.941126 0.762472 0.100107
v -0.972554 0.744265 0.102463
v -0.936158 0.662555 -0.750959
v -0.935475 0.538202 -0.684478
v -0.998238 0.542080 -0.649123
v -0.998921 0.666433 -0.715604
v -0.998921 0.666433 -0.715604
v -0.998238 0.542080 -0.649123
v -0.957034 1.533470 -0.916107
v -0.901069 1.547925 -0.915695
v -0.901923 1.556949 -0.998755
v -0.957774 1.543730 -0.988110
v -0.223958 0.542080 -0.657082
v -0.224643 0.666433 -0.723562
v -0.998150 0.674816 -0.640578
v -0.934727 0.696929 -0.611734
v -0.936583 1.087782 -0.792339
v -1.000057 1.081596 -0.826181
v -0.223871 0.674816 -0.648536
v -0.224643 0.666433 -0.723562
v -0.226627 1.072369 -0.916719
v -0.225779 1.081596 -0.834139
v -0.938180 1.068100 -0.947609
v -1.000907 1.072369 -0.908760
v -0.998921 0.666433 -0.715604
v -1.000907 1.072369 -0.908760
v -0.937251 1.506331 -0.857274
v -1.000602 1.503812 -0.879167
v -0.232239 1.492331 -0.989823
v -0.226123 1.505988 -0.867646
v -1.001657 1.492331 -0.981915
v -0.937014 1.486013 -1.030119
v -1.001657 1.492331 -0.981915
v -0.288544 1.087782 -0.799000
v -0.286688 0.696929 -0.618395
v -0.289212 1.506331 -0.863935
v -0.327558 1.555666 -1.016145
v -0.326586 1.547925 -0.921599
v -0.270641 1.533470 -0.923161
v -0.271381 1.543730 -0.995164
v -0.226627 1.072369 -0.916719
v -0.290140 1.068100 -0.954270
v -0.290979 1.488091 -1.035891
v -0.232239 1.492331 -0.989823
v -0.224643 0.666433 -0.723562
v -0.288118 0.662555 -0.757620
v -0.223958 0.542080 -0.657082
v -0.287435 0.538202 -0.691139
v -0.265660 0.762472 0.093164
v -0.268364 0.630501 0.107937
v -0.232737 0.636940 0.106853
v -0.234188 0.744265 0.094874
v -0.286688 0.696929 -0.618395
v -0.268818 0.716767 -0.441022
v -0.873820 1.082919 -0.827626
v -0.871923 0.685488 -0.643068
v -0.611691 0.653355 -0.710636
v -0.613565 1.072814 -0.893143
v -0.614187 1.495941 -0.953588
v -0.874362 1.503812 -0.880464
v -0.846020 1.561447 -1.004489
v -0.845146 1.552650 -0.919398
v -0.614143 1.559344 -0.949246
v -0.614745 1.571090 -1.007944
v -0.876118 1.484730 -1.051238
v -0.615352 1.483262 -1.067053
v -0.614330 1.066242 -0.967570
v -0.875139 1.067233 -0.956016
v -0.612294 0.660866 -0.769401
v -0.873111 0.661767 -0.758658
v -0.611611 0.536514 -0.702919
v -0.872427 0.537415 -0.692176
v -0.892367 0.748678 0.101146
v -0.892223 0.624062 0.115067
v -0.603229 0.620382 0.112509
v -0.603353 0.727714 0.100516
v -0.871923 0.685488 -0.643068
v -0.882679 0.696935 -0.432496
v -0.608845 0.684279 -0.433896
v -0.611691 0.653355 -0.710636
v -0.351310 0.661767 -0.764022
v -0.350626 0.537415 -0.697539
v -0.353338 1.067233 -0.961380
v -0.354318 1.484730 -1.056601
v -0.382573 1.552650 -0.924153
v -0.383448 1.561447 -1.009244
v -0.352561 1.503812 -0.885827
v -0.352020 1.082919 -0.832989
v -0.350122 0.685488 -0.648431
v -0.335040 0.696935 -0.438125
v -0.350122 0.685488 -0.648431
v -0.314244 0.624062 0.109127
v -0.314388 0.748678 0.095206
v -1.000523 0.755002 0.062011
v -1.032793 0.601055 0.044458
v -0.973759 0.636940 0.114470
v -0.972554 0.744265 0.102463
v -0.941126 0.762472 0.100107
v -0.950752 0.785256 0.058119
v -0.603787 0.752174 0.058249
v -0.892790 0.763697 0.059933
v -0.314811 0.763697 0.053992
v -0.207056 0.755002 0.053855
v -0.256899 0.785256 0.050988
v -0.265660 0.762472 0.093164
v -0.234188 0.744265 0.094874
v -0.175154 0.601055 0.035643
v -0.232737 0.636940 0.106853
v -1.035112 0.569697 -0.181017
v -1.035289 0.724608 -0.198324
v -0.965415 0.760611 -0.203065
v -0.895471 0.735574 -0.200988
v -0.606461 0.717340 -0.201920
v -0.317492 0.735574 -0.206929
v -0.247606 0.760611 -0.210443
v -0.177650 0.724608 -0.207139
v -0.177472 0.569697 -0.189832
v -0.893352 0.769176 0.005274
v -0.604350 0.758384 0.003511
v -1.020004 0.758715 0.007746
v -0.958381 0.795060 0.003051
v -1.033361 0.588725 -0.010734
v -0.188697 0.758715 -0.000799
v -0.175721 0.588725 -0.019549
v -0.250402 0.795060 -0.004225
v -0.315372 0.769176 -0.000666
v -0.056329 0.562957 -1.396987
v -0.080828 0.543414 -1.396735
v 0.128540 0.543414 -1.398887
v 0.104041 0.562957 -1.398635
v 0.104041 0.562957 -1.398635
v 0.128540 0.543414 -1.398887
v 0.139531 0.557374 -1.412963
v 0.115032 0.576917 -1.412712
v 0.115032 0.576917 -1.412712
v 0.139531 0.557374 -1.412963
v 0.136401 0.557374 -1.717527
v 0.111877 0.576917 -1.719705
v -0.080828 0.543414 -1.396735
v -0.056329 0.562957 -1.396987
v -0.067607 0.576917 -1.410835
v -0.092107 0.557374 -1.410583
v -0.092107 0.557374 -1.410583
v -0.067607 0.576917 -1.410835
v -0.070763 0.576917 -1.717827
v -0.095238 0.557374 -1.715146
v 0.159767 0.406441 -1.399208
v 0.173942 0.406441 -1.413317
v -0.126518 0.406441 -1.410229
v -0.112056 0.406441 -1.396415
v 0.139531 0.557374 -1.412963
v 0.173942 0.406441 -1.413317
v 0.171005 0.406441 -1.699125
v 0.136401 0.557374 -1.717527
v 0.115032 0.576917 -1.412712
v 0.111877 0.576917 -1.719705
v -0.070763 0.576917 -1.717827
v -0.067607 0.576917 -1.410835
v -0.092107 0.557374 -1.410583
v -0.095238 0.557374 -1.715146
v -0.129456 0.406441 -1.696037
v -0.126518 0.406441 -1.410229
v -0.112056 0.406441 -1.396415
v 0.159767 0.406441 -1.399208
v -0.106992 1.452417 1.359887
v -0.106992 1.270804 1.359887
v -0.101727 1.270804 1.372243
v -0.101727 1.449849 1.372243
v -0.090684 1.497485 1.359719
v -0.085945 1.493460 1.372080
v -0.044939 1.516687 1.359249
v -0.044789 1.512043 1.371658
v 0.194956 1.497485 1.356783
v 0.149256 1.516687 1.357254
v 0.149316 1.512043 1.369663
v 0.190471 1.493460 1.369240
v 0.211265 1.452417 1.356616
v 0.206254 1.449849 1.369078
v 0.211265 1.270804 1.356616
v 0.206254 1.270804 1.369078
v -0.105399 1.452417 1.515011
v -0.105399 1.270804 1.515011
v -0.100133 1.270804 1.527366
v -0.100133 1.449849 1.527366
v -0.089090 1.497485 1.514844
v -0.084351 1.493460 1.527203
v -0.043345 1.516687 1.514373
v -0.043194 1.512043 1.526781
v 0.196550 1.497485 1.511907
v 0.150850 1.516687 1.512378
v 0.150910 1.512043 1.524786
v 0.192066 1.493460 1.524363
v 0.212859 1.452417 1.511740
v 0.207849 1.449849 1.524201
v 0.212859 1.270804 1.511740
v 0.207849 1.270804 1.524201
v -0.103804 1.452417 1.670136
v -0.103804 1.270804 1.670136
v -0.098539 1.270804 1.682492
v -0.098539 1.449849 1.682492
v -0.087495 1.497485 1.669969
v -0.082756 1.493460 1.682331
v -0.041750 1.516687 1.669498
v -0.041601 1.512043 1.681907
v 0.198144 1.497485 1.667032
v 0.152444 1.516687 1.667503
v 0.152505 1.512043 1.679912
v 0.193661 1.493460 1.679489
v 0.214454 1.452417 1.666865
v 0.209443 1.449849 1.679327
v 0.214454 1.270804 1.666865
v 0.209443 1.270804 1.679327
v -0.103449 1.270804 1.204710
v -0.108446 1.270804 1.218541
v -0.108446 1.452417 1.218541
v -0.103449 1.449849 1.204710
v 0.204532 1.449849 1.201544
v 0.209811 1.452417 1.215270
v 0.209811 1.270804 1.215270
v 0.204532 1.270804 1.201544
v -0.046511 1.512043 1.204124
v -0.087666 1.493460 1.204548
v -0.092137 1.497485 1.218374
v -0.046392 1.516687 1.217904
v 0.188750 1.493460 1.201707
v 0.193503 1.497485 1.215438
v 0.147594 1.512043 1.202130
v 0.147803 1.516687 1.215908
v -0.086377 1.446354 1.372086
v -0.086377 1.270804 1.372086
v -0.085039 1.270804 1.502391
v -0.085039 1.446354 1.502391
v -0.074197 1.480013 1.371959
v -0.072857 1.480013 1.502266
v -0.044789 1.493955 1.371658
v -0.043450 1.493955 1.501964
v 0.178724 1.480013 1.369360
v 0.149316 1.493955 1.369663
v 0.150656 1.493955 1.499969
v 0.180062 1.480013 1.499667
v 0.190904 1.446354 1.369235
v 0.192243 1.446354 1.499542
v 0.190904 1.270804 1.369235
v 0.192243 1.270804 1.499542
v -0.084783 1.446354 1.527209
v -0.084783 1.270804 1.527209
v -0.083443 1.270804 1.657518
v -0.083443 1.446354 1.657518
v -0.072603 1.480013 1.527083
v -0.071263 1.480013 1.657392
v -0.043194 1.493955 1.526781
v -0.041855 1.493955 1.657090
v 0.180318 1.480013 1.524484
v 0.150910 1.493955 1.524786
v 0.152249 1.493955 1.655095
v 0.181658 1.480013 1.654793
v 0.192498 1.446354 1.524359
v 0.193838 1.446354 1.654667
v 0.192498 1.270804 1.524359
v 0.193838 1.270804 1.654667
v -0.083188 1.446354 1.682334
v -0.083188 1.270804 1.682334
v -0.081942 1.270804 1.803567
v -0.081942 1.446354 1.803567
v -0.071007 1.480013 1.682210
v -0.069762 1.480013 1.803443
v -0.041601 1.493955 1.681907
v -0.040355 1.493955 1.803140
v 0.181913 1.480013 1.679610
v 0.152505 1.493955 1.679912
v 0.153750 1.493955 1.801145
v 0.183158 1.480013 1.800843
v 0.194093 1.446354 1.679485
v 0.195339 1.446354 1.800718
v 0.194093 1.270804 1.679485
v 0.195339 1.270804 1.800718
v -0.102320 1.452417 1.814520
v -0.102320 1.270804 1.814520
v -0.097072 1.270804 1.825207
v -0.097072 1.449849 1.825207
v -0.086011 1.497485 1.814352
v -0.081290 1.493460 1.825045
v -0.040266 1.516687 1.813882
v -0.040134 1.512043 1.824623
v 0.199629 1.497485 1.811416
v 0.153928 1.516687 1.811886
v 0.153971 1.512043 1.822628
v 0.195128 1.493460 1.822204
v 0.215938 1.452417 1.811249
v 0.210910 1.449849 1.822042
v 0.215938 1.270804 1.811249
v 0.210910 1.270804 1.822042
v -0.087816 1.446354 1.232109
v -0.087816 1.270804 1.232109
v -0.086632 1.270804 1.347268
v -0.086632 1.446354 1.347268
v -0.075636 1.480013 1.231983
v -0.074452 1.480013 1.347142
v -0.046227 1.493955 1.231681
v -0.045044 1.493955 1.346840
v 0.177285 1.480013 1.229384
v 0.147877 1.493955 1.229686
v 0.149061 1.493955 1.344845
v 0.178469 1.480013 1.344543
v 0.189465 1.446354 1.229258
v 0.190649 1.446354 1.344417
v 0.189465 1.270804 1.229258
v 0.190649 1.270804 1.344417
v 0.147594 1.493955 1.202130
v -0.046511 1.493955 1.204124
v -0.046511 1.512043 1.204124
v 0.147594 1.512043 1.202130
v -0.044789 1.493955 1.371658
v -0.043450 1.493955 1.501964
v -0.043450 1.512043 1.501964
v -0.044789 1.512043 1.371658
v 0.150656 1.493955 1.499969
v 0.149316 1.493955 1.369663
v 0.149316 1.512043 1.369663
v 0.150656 1.512043 1.499969
v -0.043194 1.493955 1.526781
v -0.041855 1.493955 1.657090
v -0.041855 1.512043 1.657090
v -0.043194 1.512043 1.526781
v 0.152249 1.493955 1.655095
v 0.150910 1.493955 1.524786
v 0.150910 1.512043 1.524786
v 0.152249 1.512043 1.655095
v -0.041601 1.493955 1.681907
v -0.040355 1.493955 1.803140
v -0.040355 1.512043 1.803140
v -0.041601 1.512043 1.681907
v 0.153750 1.493955 1.801145
v 0.152505 1.493955 1.679912
v 0.152505 1.512043 1.679912
v 0.153750 1.512043 1.801145
v -0.040134 1.493955 1.824623
v 0.153971 1.493955 1.822628
v 0.153971 1.512043 1.822628
v -0.040134 1.512043 1.824623
v -0.046227 1.493955 1.231681
v -0.045044 1.493955 1.346840
v -0.045044 1.512043 1.346840
v -0.046227 1.512043 1.231681
v 0.149061 1.493955 1.344845
v 0.147877 1.493955 1.229686
v 0.147877 1.512043 1.229686
v 0.149061 1.512043 1.344845
v -0.086377 1.270804 1.372086
v -0.086377 1.446354 1.372086
v -0.101727 1.449849 1.372243
v -0.101727 1.270804 1.372243
v -0.086632 1.446354 1.347268
v -0.086632 1.270804 1.347268
v -0.101983 1.270804 1.347425
v -0.101983 1.449849 1.347425
v -0.074197 1.480013 1.371959
v -0.085945 1.493460 1.372080
v -0.074452 1.480013 1.347142
v -0.086200 1.493460 1.347263
v -0.044789 1.493955 1.371658
v -0.044789 1.512043 1.371658
v -0.045044 1.493955 1.346840
v -0.045044 1.512043 1.346840
v 0.149316 1.493955 1.369663
v 0.178724 1.480013 1.369360
v 0.190471 1.493460 1.369240
v 0.149316 1.512043 1.369663
v 0.178469 1.480013 1.344543
v 0.149061 1.493955 1.344845
v 0.149061 1.512043 1.344845
v 0.190216 1.493460 1.344422
v 0.190904 1.446354 1.369235
v 0.206254 1.449849 1.369078
v 0.190649 1.446354 1.344417
v 0.205999 1.449849 1.344260
v 0.190904 1.270804 1.369235
v 0.206254 1.270804 1.369078
v 0.190649 1.270804 1.344417
v 0.205999 1.270804 1.344260
v -0.084783 1.270804 1.527209
v -0.084783 1.446354 1.527209
v -0.100133 1.449849 1.527366
v -0.100133 1.270804 1.527366
v -0.085039 1.446354 1.502391
v -0.085039 1.270804 1.502391
v -0.100389 1.270804 1.502549
v -0.100389 1.449849 1.502549
v -0.072603 1.480013 1.527083
v -0.084351 1.493460 1.527203
v -0.072857 1.480013 1.502266
v -0.084606 1.493460 1.502388
v -0.043194 1.493955 1.526781
v -0.043194 1.512043 1.526781
v -0.043450 1.493955 1.501964
v -0.043450 1.512043 1.501964
v 0.150910 1.493955 1.524786
v 0.180318 1.480013 1.524484
v 0.192066 1.493460 1.524363
v 0.150910 1.512043 1.524786
v 0.180062 1.480013 1.499667
v 0.150656 1.493955 1.499969
v 0.150656 1.512043 1.499969
v 0.191811 1.493460 1.499546
v 0.192498 1.446354 1.524359
v 0.207849 1.449849 1.524201
v 0.192243 1.446354 1.499542
v 0.207594 1.449849 1.499384
v 0.192498 1.270804 1.524359
v 0.207849 1.270804 1.524201
v 0.192243 1.270804 1.499542
v 0.207594 1.270804 1.499384
v -0.083188 1.270804 1.682334
v -0.083188 1.446354 1.682334
v -0.098539 1.449849 1.682492
v -0.098539 1.270804 1.682492
v -0.083443 1.446354 1.657518
v -0.083443 1.270804 1.657518
v -0.098793 1.270804 1.657675
v -0.098793 1.449849 1.657675
v -0.071007 1.480013 1.682210
v -0.082756 1.493460 1.682331
v -0.071263 1.480013 1.657392
v -0.083011 1.493460 1.657513
v -0.041601 1.493955 1.681907
v -0.041601 1.512043 1.681907
v -0.041855 1.493955 1.657090
v -0.041855 1.512043 1.657090
v 0.152505 1.493955 1.679912
v 0.181913 1.480013 1.679610
v 0.193661 1.493460 1.679489
v 0.152505 1.512043 1.679912
v 0.181658 1.480013 1.654793
v 0.152249 1.493955 1.655095
v 0.152249 1.512043 1.655095
v 0.193406 1.493460 1.654672
v 0.194093 1.446354 1.679485
v 0.209443 1.449849 1.679327
v 0.193838 1.446354 1.654667
v 0.209188 1.449849 1.654510
v 0.194093 1.270804 1.679485
v 0.209443 1.270804 1.679327
v 0.193838 1.270804 1.654667
v 0.209188 1.270804 1.654510
v -0.087816 1.270804 1.232109
v -0.087816 1.446354 1.232109
v -0.103166 1.449849 1.232266
v -0.103166 1.270804 1.232266
v -0.088099 1.446354 1.204552
v -0.088099 1.270804 1.204552
v -0.103449 1.270804 1.204710
v -0.103449 1.449849 1.204710
v 0.189465 1.446354 1.229258
v 0.189465 1.270804 1.229258
v 0.204816 1.270804 1.229100
v 0.204816 1.449849 1.229100
v 0.189183 1.270804 1.201702
v 0.189183 1.446354 1.201702
v 0.204532 1.449849 1.201544
v 0.204532 1.270804 1.201544
v -0.046511 1.493955 1.204124
v -0.075918 1.480013 1.204427
v -0.087666 1.493460 1.204548
v -0.046511 1.512043 1.204124
v -0.075636 1.480013 1.231983
v -0.046227 1.493955 1.231681
v -0.046227 1.512043 1.231681
v -0.087383 1.493460 1.232103
v 0.177002 1.480013 1.201827
v 0.188750 1.493460 1.201707
v 0.177285 1.480013 1.229384
v 0.189033 1.493460 1.229263
v 0.147594 1.493955 1.202130
v 0.147594 1.512043 1.202130
v 0.147877 1.493955 1.229686
v 0.147877 1.512043 1.229686
v -0.081942 1.446354 1.803567
v -0.081942 1.270804 1.803567
v -0.097293 1.270804 1.803725
v -0.097293 1.449849 1.803725
v -0.073724 1.446353 1.824968
v -0.097072 1.449849 1.825207
v -0.069762 1.480013 1.803443
v -0.081510 1.493460 1.803564
v -0.069541 1.480013 1.824924
v -0.081290 1.493460 1.825045
v -0.040355 1.493955 1.803140
v -0.040355 1.512043 1.803140
v 0.183158 1.480013 1.800843
v 0.153750 1.493955 1.801145
v 0.153750 1.512043 1.801145
v 0.194906 1.493460 1.800723
v 0.183379 1.480013 1.822326
v 0.195128 1.493460 1.822204
v 0.195339 1.446354 1.800718
v 0.210688 1.449849 1.800560
v 0.187561 1.446353 1.822283
v 0.210910 1.449849 1.822042
v 0.195339 1.270804 1.800718
v 0.210688 1.270804 1.800560
v 0.210688 1.270804 1.800560
v 0.210688 1.449849 1.800560
v 0.194906 1.493460 1.800723
v 0.153750 1.512043 1.801145
v -0.040355 1.512043 1.803140
v -0.081510 1.493460 1.803564
v -0.097293 1.449849 1.803725
v -0.097293 1.270804 1.803725
v 0.209188 1.449849 1.654510
v 0.209188 1.270804 1.654510
v 0.193406 1.493460 1.654672
v 0.152249 1.512043 1.655095
v -0.083011 1.493460 1.657513
v -0.041855 1.512043 1.657090
v -0.098793 1.449849 1.657675
v -0.098793 1.270804 1.657675
v 0.207594 1.449849 1.499384
v 0.207594 1.270804 1.499384
v 0.191811 1.493460 1.499546
v 0.150656 1.512043 1.499969
v -0.084606 1.493460 1.502388
v -0.043450 1.512043 1.501964
v -0.100389 1.449849 1.502549
v -0.100389 1.270804 1.502549
v 0.205999 1.449849 1.344260
v 0.205999 1.270804 1.344260
v 0.190216 1.493460 1.344422
v 0.149061 1.512043 1.344845
v -0.086200 1.493460 1.347263
v -0.045044 1.512043 1.346840
v -0.101983 1.449849 1.347425
v -0.101983 1.270804 1.347425
v 0.147877 1.512043 1.229686
v 0.189033 1.493460 1.229263
v 0.204816 1.449849 1.229100
v 0.204816 1.270804 1.229100
v -0.103166 1.270804 1.232266
v -0.103166 1.449849 1.232266
v -0.087383 1.493460 1.232103
v -0.046227 1.512043 1.231681
v 0.147594 1.512043 1.202130
v -0.046511 1.512043 1.204124
v -0.046533 1.520935 1.204125
v 0.147661 1.520935 1.202129
v -0.046511 1.512043 1.204124
v -0.046392 1.516687 1.217904
v -0.046392 1.520935 1.217904
v -0.046533 1.520935 1.204125
v 0.147877 1.512043 1.229686
v 0.147803 1.516687 1.215908
v 0.147804 1.520935 1.215907
v 0.147945 1.520935 1.229685
v -0.040266 1.516687 1.813882
v -0.040134 1.512043 1.824623
v -0.040134 1.520935 1.824623
v -0.040266 1.520935 1.813882
v 0.153971 1.512043 1.822628
v 0.153928 1.516687 1.811886
v 0.153929 1.520935 1.811886
v 0.154038 1.520935 1.822627
v -0.046227 1.512043 1.231681
v -0.045044 1.512043 1.346840
v -0.044940 1.520935 1.359250
v -0.046251 1.520935 1.231681
v 0.149061 1.512043 1.344845
v 0.147877 1.512043 1.229686
v 0.147945 1.520935 1.229685
v 0.149256 1.520935 1.357253
v 0.150656 1.512043 1.499969
v 0.149316 1.512043 1.369663
v 0.149256 1.520935 1.357253
v 0.150851 1.520935 1.512377
v 0.152249 1.512043 1.655095
v 0.150910 1.512043 1.524786
v 0.150851 1.520935 1.512377
v 0.152445 1.520935 1.667502
v 0.153750 1.512043 1.801145
v 0.152505 1.512043 1.679912
v 0.152445 1.520935 1.667502
v 0.153818 1.520935 1.801145
v 0.154038 1.520935 1.822627
v -0.040134 1.520935 1.824623
v -0.041601 1.512043 1.681907
v -0.040355 1.512043 1.803140
v -0.040377 1.520935 1.803141
v -0.041750 1.520935 1.669498
v -0.043194 1.512043 1.526781
v -0.041855 1.512043 1.657090
v -0.041750 1.520935 1.669498
v -0.043345 1.520935 1.514373
v -0.044789 1.512043 1.371658
v -0.043450 1.512043 1.501964
v -0.043345 1.520935 1.514373
v -0.044940 1.520935 1.359250
v 0.153750 1.512043 1.801145
v 0.153818 1.520935 1.801145
v -0.040355 1.512043 1.803140
v -0.040377 1.520935 1.803141
v 0.147594 1.512043 1.202130
v 0.147661 1.520935 1.202129
v -0.046227 1.512043 1.231681
v -0.046251 1.520935 1.231681
v -0.024698 1.520936 1.225136
v 0.119018 1.520935 1.223659
v 0.147661 1.520935 1.202129
v -0.046533 1.520935 1.204125
v 0.152445 1.520935 1.667502
v 0.150851 1.520935 1.512377
v 0.119018 1.520935 1.223659
v 0.124959 1.520932 1.801691
v -0.040134 1.520935 1.824623
v 0.154038 1.520935 1.822627
v 0.124959 1.520932 1.801691
v -0.018758 1.520936 1.803168
v -0.043345 1.520935 1.514373
v -0.041750 1.520935 1.669498
v -0.018758 1.520936 1.803168
v -0.024698 1.520936 1.225136
v 0.128045 1.676743 1.917572
v 0.096685 1.621570 1.202461
v 0.000920 1.620307 1.203446
v -0.013163 1.674924 1.919023
v -0.046535 1.604477 1.203933
v -0.128171 1.632336 1.841145
v -0.046535 1.583644 1.203933
v -0.126446 1.602384 1.841127
v 0.147660 1.587654 1.201938
v 0.147660 1.607834 1.201938
v 0.231478 1.637794 1.837449
v 0.216208 1.608744 1.837606
v 0.090815 1.578962 1.424219
v 0.083686 1.631634 1.447335
v 0.025699 1.630645 1.447108
v 0.020606 1.577754 1.423988
v -0.031009 1.610796 1.424909
v -0.042557 1.601048 1.420156
v 0.153499 1.604200 1.421112
v 0.141330 1.613713 1.425663
v 0.128045 1.665181 1.917572
v 0.128045 1.676743 1.917572
v -0.013163 1.674924 1.919023
v -0.013163 1.663423 1.919023
v -0.013707 1.554880 1.866050
v -0.013707 1.545664 1.866050
v 0.127501 1.546589 1.864599
v 0.127501 1.557032 1.864599
v -0.128171 1.632336 1.841145
v -0.114563 1.624692 1.846403
v -0.126446 1.602384 1.841127
v -0.113136 1.607046 1.846387
v 0.216277 1.632232 1.843001
v 0.231478 1.637794 1.837449
v 0.216208 1.608744 1.837606
v 0.202952 1.612230 1.843139
v 0.083686 1.631634 1.447335
v 0.128045 1.665181 1.917572
v -0.013163 1.663423 1.919023
v 0.025699 1.630645 1.447108
v 0.090815 1.578962 1.424219
v 0.020606 1.577754 1.423988
v -0.013707 1.554880 1.866050
v 0.127501 1.557032 1.864599
v -0.114563 1.624692 1.846403
v -0.031009 1.610796 1.424909
v -0.113136 1.607046 1.846387
v -0.042557 1.601048 1.420156
v -0.042557 1.601048 1.420156
v -0.113136 1.607046 1.846387
v 0.141330 1.613713 1.425663
v 0.216277 1.632232 1.843001
v 0.128045 1.665181 1.917572
v 0.083686 1.631634 1.447335
v 0.202952 1.612230 1.843139
v 0.153499 1.604200 1.421112
v 0.153499 1.604200 1.421112
v 0.202952 1.612230 1.843139
v -0.024698 1.520936 1.225136
v -0.018758 1.520936 1.803168
v -0.018752 1.539477 1.803640
v 0.001146 1.559394 1.225462
v -0.018758 1.520936 1.803168
v 0.124959 1.520932 1.801691
v 0.124964 1.539477 1.802163
v -0.018752 1.539477 1.803640
v 0.124959 1.520932 1.801691
v 0.119018 1.520935 1.223659
v 0.099018 1.559872 1.224456
v 0.124964 1.539477 1.802163
v -0.024698 1.520936 1.225136
v 0.001146 1.559394 1.225462
v 0.099018 1.559872 1.224456
v 0.119018 1.520935 1.223659
v -0.013707 1.545664 1.866050
v -0.018752 1.539477 1.803640
v 0.124964 1.539477 1.802163
v 0.127501 1.546589 1.864599
v 0.099018 1.559872 1.224456
v 0.001146 1.559394 1.225462
v 0.000920 1.559872 1.203446
v 0.098792 1.560409 1.202440
v -0.073724 1.378588 1.824968
v -0.081721 1.270804 1.825050
v -0.088099 1.270804 1.204552
v -0.088099 1.446354 1.204552
v -0.088379 1.446354 1.177279
v -0.088379 1.270804 1.177279
v -0.046511 1.493955 1.204124
v 0.147594 1.493955 1.202130
v 0.147314 1.493955 1.174856
v -0.046791 1.493955 1.176852
v 0.189183 1.446354 1.201702
v 0.189183 1.270804 1.201702
v 0.188901 1.270804 1.174429
v 0.188901 1.446354 1.174429
v -0.075918 1.480013 1.204427
v -0.076199 1.480013 1.177153
v 0.177002 1.480013 1.201827
v 0.176721 1.480013 1.174554
v -0.088379 1.270804 1.177279
v -0.088379 1.446354 1.177279
v -0.063865 1.442054 1.177027
v -0.063490 1.270804 1.177023
v -0.046791 1.493955 1.176852
v 0.147314 1.493955 1.174856
v 0.141849 1.469672 1.174912
v -0.041328 1.469672 1.176795
v 0.188901 1.446354 1.174429
v 0.188901 1.270804 1.174429
v 0.164014 1.270804 1.174684
v 0.164387 1.442054 1.174680
v -0.076199 1.480013 1.177153
v -0.057780 1.463273 1.176964
v 0.176721 1.480013 1.174554
v 0.158302 1.463273 1.174743
v -0.063490 1.270804 1.177023
v -0.063865 1.442054 1.177027
v -0.064163 1.442054 1.148058
v -0.063789 1.270804 1.148055
v -0.041328 1.469672 1.176795
v 0.141849 1.469672 1.174912
v 0.141551 1.469672 1.145945
v -0.041625 1.469672 1.147827
v 0.164387 1.442054 1.174680
v 0.164014 1.270804 1.174684
v 0.163715 1.270804 1.145716
v 0.164089 1.442054 1.145713
v -0.057780 1.463273 1.176964
v -0.058078 1.463273 1.147996
v 0.158302 1.463273 1.174743
v 0.158004 1.463273 1.145775
v -0.063789 1.270804 1.148055
v -0.064163 1.442054 1.148058
v -0.056912 1.441043 1.147984
v -0.056469 1.270820 1.147980
v -0.041625 1.469672 1.147827
v 0.141551 1.469672 1.145945
v 0.140202 1.462477 1.145958
v -0.040275 1.462477 1.147813
v 0.164089 1.442054 1.145713
v 0.163715 1.270804 1.145716
v 0.156394 1.270820 1.145791
v 0.156839 1.441043 1.145787
v -0.058078 1.463273 1.147996
v -0.052670 1.458339 1.147940
v 0.158004 1.463273 1.145775
v 0.152596 1.458339 1.145830
v -0.056469 1.270820 1.147980
v -0.056912 1.441043 1.147984
v -0.048050 1.439992 1.155214
v -0.047608 1.270843 1.155209
v -0.040275 1.462477 1.147813
v 0.140202 1.462477 1.145958
v 0.138849 1.453692 1.153293
v -0.038773 1.453692 1.155119
v 0.156839 1.441043 1.145787
v 0.156394 1.270820 1.145791
v 0.147685 1.270843 1.153202
v 0.148127 1.439992 1.153198
v -0.052670 1.458339 1.147940
v -0.045217 1.451540 1.155185
v 0.152596 1.458339 1.145830
v 0.145294 1.451540 1.153227
v -0.047608 1.270843 1.155209
v -0.048050 1.439992 1.155214
v 0.148127 1.439992 1.153198
v 0.147685 1.270843 1.153202
v -0.048050 1.439992 1.155214
v -0.045217 1.451540 1.155185
v 0.145294 1.451540 1.153227
v 0.148127 1.439992 1.153198
v 0.138849 1.453692 1.153293
v 0.145294 1.451540 1.153227
v -0.045217 1.451540 1.155185
v -0.038773 1.453692 1.155119
v 1.390950 0.354816 -2.309904
v 1.401344 0.354816 -2.310011
v 1.401380 0.370374 -2.306541
v 1.390986 0.370374 -2.306434
v 1.390986 0.370374 -2.306434
v 1.401380 0.370374 -2.306541
v 1.401259 0.381158 -2.318279
v 1.390866 0.381158 -2.318172
v 1.390866 0.381158 -2.318172
v 1.401259 0.381158 -2.318279
v 1.401103 0.376385 -2.333487
v 1.390710 0.376385 -2.333380
v 1.390710 0.376385 -2.333380
v 1.401103 0.376385 -2.333487
v 1.401067 0.360826 -2.336957
v 1.390674 0.360826 -2.336850
v 1.390674 0.360826 -2.336850
v 1.401067 0.360826 -2.336957
v 1.401187 0.350042 -2.325219
v 1.390794 0.350042 -2.325112
v 1.390794 0.350042 -2.325112
v 1.401187 0.350042 -2.325219
v 1.401344 0.354816 -2.310011
v 1.390950 0.354816 -2.309904
v 1.401380 0.370374 -2.306541
v 1.401067 0.360826 -2.336957
v 1.401103 0.376385 -2.333487
v 1.401259 0.381158 -2.318279
v 1.401187 0.350042 -2.325219
v 1.401344 0.354816 -2.310011
v 0.040177 0.868927 0.027695
v 0.040211 0.868927 0.031035
v 0.040585 0.857208 0.031400
v 0.040543 0.857208 0.027320
v 0.040211 0.868927 0.031035
v 0.036871 0.868927 0.031070
v 0.036505 0.857208 0.031442
v 0.040585 0.857208 0.031400
v 0.036871 0.868927 0.031070
v 0.036837 0.868927 0.027729
v 0.036464 0.857208 0.027361
v 0.036505 0.857208 0.031442
v 0.036837 0.868927 0.027729
v 0.040177 0.868927 0.027695
v 0.040543 0.857208 0.027320
v 0.036464 0.857208 0.027361
v -0.928593 0.509305 0.681133
v -0.928019 0.623977 0.736982
v -0.928160 0.630643 0.723297
v -0.928733 0.515971 0.667447
v -0.686760 0.630643 0.720816
v -0.695194 0.515971 0.665048
v -0.686619 0.623977 0.734501
v -0.695054 0.509305 0.678733
v -0.928019 0.623977 0.736982
v -0.686619 0.623977 0.734501
v -0.695054 0.509305 0.678733
v -0.928593 0.509305 0.681133
v -0.908613 0.406312 -0.613234
v -0.902490 0.406312 -0.017451
v -0.902490 0.612525 -0.017451
v -0.908613 0.561768 -0.613234
v -0.312828 0.561768 -0.619358
v -0.306704 0.612525 -0.023574
v -0.306704 0.406312 -0.023574
v -0.312828 0.406312 -0.619358
v -0.902490 0.406312 -0.017451
v -0.306704 0.406312 -0.023574
v -0.306704 0.612525 -0.023574
v -0.902490 0.612525 -0.017451
v -0.312828 0.406312 -0.619358
v -0.908613 0.406312 -0.613234
v -0.908613 0.561768 -0.613234
v -0.312828 0.561768 -0.619358
v -0.592628 1.174574 0.198451
v -0.577589 1.167202 0.194418
v -0.622373 1.162279 0.192287
v -0.609734 1.172694 0.197638
v -0.559242 0.908386 0.712283
v -0.548919 0.888667 0.701801
v -0.520714 0.993660 0.502533
v -0.540067 1.030631 0.522186
v -0.552517 0.864582 0.694103
v -0.529666 0.953578 0.481534
v -0.563852 0.849584 0.688481
v -0.557978 0.929540 0.470424
v -0.599816 0.846458 0.695675
v -0.609079 0.923379 0.467221
v -0.599816 0.846458 0.695675
v -0.626302 0.853128 0.683895
v -0.642993 0.940400 0.475764
v -0.609079 0.923379 0.467221
v -0.638156 0.875769 0.695931
v -0.663081 0.977371 0.495424
v -0.632673 0.900315 0.708791
v -0.659971 1.017453 0.516484
v -0.611949 0.917391 0.717563
v -0.626133 1.045336 0.530808
v -0.583901 0.920474 0.718898
v -0.580334 1.050369 0.532986
v -0.520714 0.993660 0.502533
v -0.512890 1.061152 0.376614
v -0.534626 1.102673 0.398687
v -0.522945 1.016136 0.353029
v -0.560947 0.984821 0.336941
v -0.612383 0.979168 0.334495
v -0.657608 1.001336 0.346625
v -0.612383 0.979168 0.334495
v -0.679343 1.042857 0.368698
v -0.669290 1.087873 0.392282
v -0.631286 1.119188 0.408370
v -0.579850 1.124841 0.410816
v -0.534626 1.102673 0.398687
v -0.512890 1.061152 0.376614
v -0.537979 1.065056 0.362792
v -0.553197 1.094126 0.378247
v -0.522945 1.016136 0.353029
v -0.545018 1.033541 0.346281
v -0.560947 0.984821 0.336941
v -0.571625 1.011617 0.335017
v -0.612383 0.979168 0.334495
v -0.607635 1.007659 0.333306
v -0.612383 0.979168 0.334495
v -0.657608 1.001336 0.346625
v -0.639296 1.023179 0.341796
v -0.607635 1.007659 0.333306
v -0.679343 1.042857 0.368698
v -0.654515 1.052248 0.357250
v -0.669290 1.087873 0.392282
v -0.647475 1.083764 0.373762
v -0.631286 1.119188 0.408370
v -0.620870 1.105687 0.385025
v -0.579850 1.124841 0.410816
v -0.584859 1.109645 0.386738
v -0.553197 1.094126 0.378247
v -0.537979 1.065056 0.362792
v -0.539703 1.153273 0.195149
v -0.554919 1.182342 0.210603
v -0.545018 1.033541 0.346281
v -0.546742 1.121757 0.178637
v -0.571625 1.011617 0.335017
v -0.573348 1.099833 0.167375
v -0.607635 1.007659 0.333306
v -0.609359 1.095876 0.165662
v -0.607635 1.007659 0.333306
v -0.639296 1.023179 0.341796
v -0.641020 1.111395 0.174154
v -0.609359 1.095876 0.165662
v -0.654515 1.052248 0.357250
v -0.656237 1.140465 0.189607
v -0.647475 1.083764 0.373762
v -0.649198 1.171980 0.206118
v -0.620870 1.105687 0.385025
v -0.622592 1.193904 0.217383
v -0.584859 1.109645 0.386738
v -0.586581 1.197862 0.219095
v -0.554919 1.182342 0.210603
v -0.539703 1.153273 0.195149
v -0.549841 1.161298 0.177346
v -0.562459 1.185397 0.190155
v -0.546742 1.121757 0.178637
v -0.555677 1.135170 0.163656
v -0.573348 1.099833 0.167375
v -0.577735 1.116994 0.154319
v -0.609359 1.095876 0.165662
v -0.607590 1.113713 0.152899
v -0.641020 1.111395 0.174154
v -0.633838 1.126579 0.159939
v -0.656237 1.140465 0.189607
v -0.646454 1.150679 0.172750
v -0.649198 1.171980 0.206118
v -0.640619 1.176807 0.186441
v -0.622592 1.193904 0.217383
v -0.618561 1.194983 0.195777
v -0.586581 1.197862 0.219095
v -0.588707 1.198264 0.197196
v -0.560899 1.160082 0.176819
v -0.570628 1.178665 0.186697
v -0.565400 1.139935 0.166264
v -0.582408 1.125920 0.159064
v -0.605428 1.123390 0.157968
v -0.625668 1.133312 0.163398
v -0.635397 1.151894 0.173276
v -0.630896 1.172041 0.183831
v -0.613888 1.186057 0.191031
v -0.590868 1.188586 0.192127
v -0.570360 1.153393 0.187076
v -0.577589 1.167202 0.194418
v -0.573703 1.138422 0.179234
v -0.586342 1.128008 0.173884
v -0.603447 1.126128 0.173070
v -0.618487 1.133501 0.177105
v -0.625716 1.147309 0.184444
v -0.622373 1.162279 0.192287
v -0.609734 1.172694 0.197638
v -0.592628 1.174574 0.198451
v -0.570360 1.153393 0.187076
v -0.625716 1.147309 0.184444
v -0.573703 1.138422 0.179234
v -0.618487 1.133501 0.177105
v -0.586342 1.128008 0.173884
v -0.603447 1.126128 0.173070
v -0.324773 0.564818 -3.609292
v -0.365238 0.778479 -3.739164
v -0.000243 0.778479 -3.742442
v 0.001097 0.564818 -3.612168
v -0.649552 0.778478 -3.736243
v -0.603524 0.778479 -3.736715
v -0.566817 0.564818 -3.606805
v -0.632363 0.564818 -3.606132
v -1.130740 0.564819 -3.601008
v -0.632363 0.564818 -3.606132
v -0.648848 0.855191 -3.736249
v -0.612675 0.927698 -3.736621
v -0.365238 0.927698 -3.739164
v -0.000243 0.927698 -3.742442
v -1.324528 0.564818 -3.509897
v -1.324528 0.927698 -3.509897
v 0.002126 0.517162 -3.512069
v -0.287008 0.517162 -3.509573
v -0.287682 0.517162 -3.575049
v 0.001453 0.517162 -3.577546
v -1.129946 0.564819 -3.511896
v -1.258180 0.564819 -3.510578
v -1.259097 0.564819 -3.599689
v -1.130740 0.564819 -3.601008
v -0.586980 0.564818 -3.517477
v -0.647638 0.564818 -3.516854
v -0.632363 0.564818 -3.606132
v -0.566817 0.564818 -3.606805
v -0.647638 0.564818 -3.516854
v -1.129946 0.564819 -3.511896
v -1.130740 0.564819 -3.601008
v -0.632363 0.564818 -3.606132
v -1.130909 0.855190 -3.664471
v -0.648161 0.855191 -3.669432
v -0.648848 0.855191 -3.736249
v -1.131597 0.855190 -3.731288
v -0.648161 0.855191 -3.669432
v -0.611988 0.927698 -3.669804
v -0.612675 0.927698 -3.736621
v -0.648848 0.855191 -3.736249
v -0.365238 0.927698 -3.739164
v -0.364551 0.927698 -3.672348
v 0.000440 0.927698 -3.676099
v -0.000243 0.927698 -3.742442
v -0.324773 0.564818 -3.609292
v -0.362982 0.564818 -3.519780
v -0.324773 0.564818 -3.609292
v -0.566817 0.564818 -3.606805
v -0.611988 0.927698 -3.669804
v -0.612675 0.927698 -3.736621
v -1.326782 0.778479 -3.729281
v -1.326782 0.927698 -3.729281
v -1.260435 0.927698 -3.729964
v -1.325443 0.564818 -3.599007
v -1.259097 0.564819 -3.599689
v -1.258180 0.564819 -3.510578
v -1.324528 0.564818 -3.509897
v -1.325443 0.564818 -3.599007
v -1.259097 0.564819 -3.599689
v -0.287682 0.517162 -3.575049
v -0.287008 0.517162 -3.509573
v -0.324773 0.564818 -3.609292
v 0.001097 0.564818 -3.612168
v 0.001453 0.517162 -3.577546
v -0.287682 0.517162 -3.575049
v -1.324528 0.564818 -3.509897
v -1.258180 0.564819 -3.510578
v -1.258181 0.927698 -3.510695
v -1.324528 0.927698 -3.509897
v -1.194513 0.928573 -3.730642
v -1.193825 0.926824 -3.663825
v -1.130909 0.855190 -3.664471
v -1.131597 0.855190 -3.731288
v -1.326096 0.927698 -3.662466
v -1.259748 0.927698 -3.663146
v -1.260435 0.927698 -3.729964
v -1.326782 0.927698 -3.729281
v -1.258181 0.927698 -3.510695
v -1.324528 0.927698 -3.509897
v -1.194513 0.928573 -3.730642
v 0.326956 0.564818 -3.615990
v 0.001097 0.564818 -3.612168
v -0.000243 0.778479 -3.742442
v 0.364742 0.778479 -3.746668
v 0.649056 0.778478 -3.749590
v 0.634546 0.564818 -3.619153
v 0.569000 0.564818 -3.618479
v 0.603028 0.778479 -3.749116
v 1.132923 0.564819 -3.624274
v 0.634546 0.564818 -3.619153
v 0.648353 0.855191 -3.749582
v 0.612180 0.927698 -3.749210
v -0.000243 0.927698 -3.742442
v 0.364742 0.927698 -3.746668
v 1.328542 0.927698 -3.537165
v 1.328542 0.564818 -3.537165
v 0.002126 0.517162 -3.512069
v 0.001453 0.517162 -3.577546
v 0.290575 0.517162 -3.580992
v 0.291248 0.517162 -3.515515
v 1.133962 0.564819 -3.535165
v 1.132923 0.564819 -3.624274
v 1.261280 0.564819 -3.625594
v 1.262195 0.564819 -3.536483
v 0.590994 0.564818 -3.529584
v 0.569000 0.564818 -3.618479
v 0.634546 0.564818 -3.619153
v 0.651652 0.564818 -3.530208
v 0.651652 0.564818 -3.530208
v 0.634546 0.564818 -3.619153
v 1.132923 0.564819 -3.624274
v 1.133962 0.564819 -3.535165
v 1.131787 0.855190 -3.687727
v 1.131101 0.855190 -3.754545
v 0.648353 0.855191 -3.749582
v 0.649041 0.855191 -3.682765
v 0.649041 0.855191 -3.682765
v 0.648353 0.855191 -3.749582
v 0.612180 0.927698 -3.749210
v 0.612866 0.927698 -3.682393
v 0.364742 0.927698 -3.746668
v -0.000243 0.927698 -3.742442
v 0.000440 0.927698 -3.676099
v 0.365429 0.927698 -3.679851
v 0.326956 0.564818 -3.615990
v 0.366995 0.564818 -3.527282
v 0.569000 0.564818 -3.618479
v 0.326956 0.564818 -3.615990
v 0.612866 0.927698 -3.682393
v 0.612180 0.927698 -3.749210
v 1.326287 0.778479 -3.756550
v 1.259940 0.927698 -3.755868
v 1.326287 0.927698 -3.756550
v 1.327625 0.564818 -3.626276
v 1.261280 0.564819 -3.625594
v 1.262195 0.564819 -3.536483
v 1.261280 0.564819 -3.625594
v 1.327625 0.564818 -3.626276
v 1.328542 0.564818 -3.537165
v 0.291248 0.517162 -3.515515
v 0.290575 0.517162 -3.580992
v 0.326956 0.564818 -3.615990
v 0.290575 0.517162 -3.580992
v 0.001453 0.517162 -3.577546
v 0.001097 0.564818 -3.612168
v 1.328542 0.564818 -3.537165
v 1.328542 0.927698 -3.537165
v 1.262194 0.927698 -3.536599
v 1.262195 0.564819 -3.536483
v 1.194018 0.928573 -3.755191
v 1.131101 0.855190 -3.754545
v 1.131787 0.855190 -3.687727
v 1.194705 0.926824 -3.688374
v 1.326973 0.927698 -3.689733
v 1.326287 0.927698 -3.756550
v 1.259940 0.927698 -3.755868
v 1.260626 0.927698 -3.689050
v 1.262194 0.927698 -3.536599
v 1.328542 0.927698 -3.537165
v 1.194018 0.928573 -3.755191
v -1.361360 0.305521 -2.248640
v -1.361520 0.308973 -2.264200
v -1.371912 0.308973 -2.264093
v -1.371753 0.305521 -2.248532
v -1.361520 0.308973 -2.264200
v -1.361630 0.297221 -2.274971
v -1.372023 0.297221 -2.274863
v -1.371912 0.308973 -2.264093
v -1.361630 0.297221 -2.274971
v -1.361581 0.282018 -2.270179
v -1.371973 0.282018 -2.270072
v -1.372023 0.297221 -2.274863
v -1.361581 0.282018 -2.270179
v -1.361420 0.278567 -2.254618
v -1.371813 0.278567 -2.254510
v -1.371973 0.282018 -2.270072
v -1.361420 0.278567 -2.254618
v -1.361311 0.290319 -2.243848
v -1.371703 0.290319 -2.243741
v -1.371813 0.278567 -2.254510
v -1.361311 0.290319 -2.243848
v -1.361360 0.305521 -2.248640
v -1.371753 0.305521 -2.248532
v -1.371703 0.290319 -2.243741
v -1.371703 0.290319 -2.243741
v -1.371753 0.305521 -2.248532
v -1.371973 0.282018 -2.270072
v -1.371813 0.278567 -2.254510
v -1.371912 0.308973 -2.264093
v -1.372023 0.297221 -2.274863
v 1.392118 0.298074 -2.196337
v 1.402511 0.298074 -2.196444
v 1.402416 0.311027 -2.205733
v 1.392023 0.311027 -2.205626
v 1.392023 0.311027 -2.205626
v 1.402416 0.311027 -2.205733
v 1.402253 0.309458 -2.221596
v 1.391859 0.309458 -2.221490
v 1.391859 0.309458 -2.221490
v 1.402253 0.309458 -2.221596
v 1.402185 0.294935 -2.228168
v 1.391792 0.294935 -2.228061
v 1.391792 0.294935 -2.228061
v 1.402185 0.294935 -2.228168
v 1.402280 0.281982 -2.218877
v 1.391887 0.281982 -2.218770
v 1.391887 0.281982 -2.218770
v 1.402280 0.281982 -2.218877
v 1.402444 0.283552 -2.203015
v 1.392051 0.283552 -2.202908
v 1.392051 0.283552 -2.202908
v 1.402444 0.283552 -2.203015
v 1.402511 0.298074 -2.196444
v 1.392118 0.298074 -2.196337
v 1.402444 0.283552 -2.203015
v 1.402280 0.281982 -2.218877
v 1.402185 0.294935 -2.228168
v 1.402253 0.309458 -2.221596
v 1.402416 0.311027 -2.205733
v 1.402511 0.298074 -2.196444
v -0.128781 1.282232 1.140081
v -0.120271 1.282232 1.968053
v 0.237132 1.282232 1.964380
v 0.228622 1.282232 1.136409
v -1.031381 1.233353 -3.510544
v -0.989069 1.278088 -3.074253
v -1.059084 1.265764 -3.068161
v -1.097799 1.231665 -3.557366
v -0.997548 1.251846 -3.480143
v -0.997548 1.239152 -3.480143
v 0.002348 1.239152 -3.490420
v 0.002348 1.251846 -3.490420
v -1.007272 1.375111 -2.310217
v -0.954578 1.410566 -2.315433
v -0.847898 1.506309 -1.999431
v -1.059084 1.265764 -3.068161
v -0.989069 1.278088 -3.074253
v -0.881468 1.671874 -0.306698
v -0.924148 1.680022 -0.306697
v -0.968422 1.661743 -1.065923
v -0.916751 1.653406 -1.065706
v -0.926913 1.669617 -0.136916
v -0.888810 1.659582 -0.104483
v -1.027963 1.568011 -1.583296
v -0.969353 1.564992 -1.585015
v -0.774016 1.723688 -0.307248
v -0.881468 1.671874 -0.306698
v -0.916751 1.653406 -1.065706
v -0.888810 1.659582 -0.104483
v -0.733491 1.710708 -0.032386
v -0.717033 1.690282 0.068278
v -0.908969 1.642658 -0.019876
v 0.034870 1.723311 -0.326261
v -0.908969 1.642658 -0.019876
v -0.945705 1.639586 -0.067361
v -1.069781 1.284504 0.452328
v -1.124660 1.284505 0.389050
v -0.719801 1.554328 -1.897485
v -1.064008 1.431109 -1.808843
v -0.999330 1.423162 -1.799203
v -1.084489 0.898981 -3.557503
v -1.097799 1.231665 -3.557366
v -1.186402 0.414356 -1.623657
v -1.161522 0.415293 0.796928
v 0.046190 0.428895 0.775277
v 0.021495 0.427682 -1.627509
v -1.161522 0.415293 0.796928
v -1.160300 0.732071 0.915896
v 0.047697 0.730711 0.921900
v 0.046190 0.428895 0.775277
v -1.078646 1.279971 0.376402
v -1.069781 1.284504 0.452328
v -0.842755 0.967027 0.444468
v -0.084536 0.962183 0.431149
v 0.047697 0.730711 0.921900
v -1.160300 0.732071 0.915896
v -1.430050 0.626584 -1.783163
v -1.398303 0.420486 -1.714007
v -1.363697 0.420486 -1.683435
v -1.364050 0.660142 -1.717745
v -1.431700 0.790704 -1.943652
v -1.365987 0.867426 -1.906234
v -1.369595 0.945755 -2.257218
v -1.434943 0.866183 -2.259308
v -1.438190 0.773954 -2.575140
v -1.373481 0.832064 -2.635355
v -1.414415 0.507412 -2.792452
v -1.375530 0.555537 -2.834704
v -1.306424 1.044508 0.583558
v -1.278837 0.415726 0.538800
v -1.272801 0.708794 1.126127
v -1.286970 1.025818 1.276062
v -1.270596 0.907366 1.340485
v -1.267324 0.967293 1.658926
v -1.195452 1.256947 0.486034
v -1.174518 1.248405 1.157378
v -1.368015 1.043434 -1.008377
v -1.338654 0.430505 -1.008764
v -1.278837 0.415726 0.538800
v -1.306424 1.044508 0.583558
v -1.209862 1.257816 -0.968502
v -1.156321 1.284505 -0.969053
v -1.190989 0.264788 0.459607
v -1.237370 0.264526 -0.977440
v -1.295722 0.386350 -1.137990
v -1.311026 0.389787 -1.555748
v -1.243031 0.285384 -1.555422
v -1.225935 0.284203 -1.132730
v -1.190989 0.264788 0.459607
v -1.322232 0.422340 1.105095
v -1.277478 0.422339 1.104636
v -1.276690 0.671292 1.181329
v -1.343000 0.671292 1.182010
v -1.272801 0.708794 1.126127
v -1.273603 0.422340 1.047924
v -1.322232 0.422340 1.105095
v -1.343000 0.671292 1.182010
v -1.274770 0.847675 1.368110
v -1.341080 0.847675 1.368791
v -1.270596 0.907366 1.340485
v -1.341080 0.847675 1.368791
v -1.271814 0.907008 1.655719
v -1.338125 0.907008 1.656400
v -1.267324 0.967293 1.658926
v -1.338125 0.907008 1.656400
v -1.335338 0.843535 1.927461
v -1.262690 0.906090 1.973286
v -1.269028 0.843535 1.926779
v -1.335338 0.843535 1.927461
v -1.255871 0.685333 2.114293
v -1.302797 0.685333 2.114776
v -1.235484 0.694073 2.203935
v -1.302797 0.685333 2.114776
v -1.255340 0.610873 2.166032
v -1.291945 0.610873 2.166409
v -1.291945 0.610873 2.166409
v -1.254475 0.610918 2.250103
v -1.398303 0.420486 -1.714007
v -1.430050 0.626584 -1.783163
v -1.363739 0.626584 -1.783845
v -1.362891 0.420486 -1.701321
v -1.431700 0.790704 -1.943652
v -1.365389 0.790704 -1.944334
v -1.434943 0.866183 -2.259308
v -1.438190 0.773954 -2.575140
v -1.371879 0.773954 -2.575821
v -1.368633 0.866183 -2.259989
v -1.334903 0.456424 -3.162746
v -1.264037 1.115487 -3.644285
v -1.201392 1.111103 -3.646149
v -1.226367 0.979097 -3.666672
v -1.228452 0.861506 -3.688178
v -1.201392 1.111103 -3.646149
v -1.193177 1.103455 -3.633164
v -1.103878 1.233878 -3.612863
v -1.099349 1.221540 -3.601153
v -1.189525 1.106339 2.499752
v -1.276690 0.671292 1.181329
v -1.277478 0.422339 1.104636
v 0.049435 0.422340 1.090997
v 0.050223 0.671292 1.167692
v -1.274770 0.847675 1.368110
v 0.052144 0.847675 1.354472
v -1.271814 0.907008 1.655719
v 0.055099 0.907008 1.642081
v -1.255871 0.685333 2.114293
v -1.269028 0.843535 1.926779
v 0.057885 0.843535 1.913141
v 0.059813 0.685333 2.100771
v -1.255340 0.610873 2.166032
v 0.060345 0.610873 2.152510
v -1.032292 0.420486 -1.704718
v -1.362891 0.420486 -1.701321
v -1.363739 0.626584 -1.783845
v -1.033141 0.626584 -1.787244
v -1.365389 0.790704 -1.944334
v -1.034790 0.790704 -1.947731
v -1.368633 0.866183 -2.259989
v -1.038034 0.866183 -2.263387
v -1.041280 0.773954 -2.579220
v -1.371879 0.773954 -2.575821
v -1.372330 0.511153 -2.775297
v -1.042113 0.511153 -2.778690
v -1.175906 0.266943 1.055871
v -0.888893 0.206043 1.052920
v 0.048944 0.206043 1.043282
v 0.049066 0.270535 1.055107
v -0.954842 0.202057 -1.687636
v -1.261180 0.264054 -1.684488
v -1.190989 0.264788 0.459607
v -1.237370 0.264526 -0.977440
v -0.935227 0.202570 -0.980545
v -0.902395 0.203848 0.456642
v -1.225935 0.284203 -1.132730
v -1.243031 0.285384 -1.555422
v -0.996594 0.235340 -1.557718
v -0.984119 0.235622 -1.134983
v -1.175906 0.266943 1.055871
v -1.190989 0.264788 0.459607
v -0.902395 0.203848 0.456642
v -0.888893 0.206043 1.052920
v -1.334903 0.456424 -3.162746
v -1.027413 0.444484 -3.144499
v -0.997014 0.573324 -3.559878
v -0.995964 0.492110 -3.473464
v -1.301588 0.492110 -3.460185
v -1.292063 0.573324 -3.556848
v -1.027413 0.444484 -3.144499
v -1.334903 0.456424 -3.162746
v -0.887930 1.328397 0.546085
v -0.615798 1.341339 0.590516
v -0.614922 1.297883 0.591473
v -0.887844 1.293482 0.554479
v -0.615798 1.341339 0.590516
v -0.158873 1.351373 0.626081
v -0.158788 1.305242 0.634475
v -0.614922 1.297883 0.591473
v -1.069781 1.296458 0.452328
v -0.887930 1.328397 0.546085
v -0.887844 1.293482 0.554479
v -1.069781 1.284504 0.452328
v -0.908969 1.642658 -0.019876
v -0.907181 1.682528 -0.016499
v -1.069781 1.296458 0.452328
v -1.069781 1.284504 0.452328
v -1.064008 1.431109 -1.808843
v -1.156321 1.284505 -0.969053
v -1.092480 1.284505 -0.969708
v -0.999330 1.423162 -1.799203
v -1.336600 0.385405 -1.565325
v -1.320509 0.381836 -1.127446
v -1.257335 0.264236 -1.565188
v -1.239992 0.263428 -1.122003
v -1.261180 0.264054 -1.684488
v -0.954842 0.202057 -1.687636
v -0.991493 0.210343 -1.567921
v -1.257335 0.264236 -1.565188
v -0.978415 0.210633 -1.124696
v -1.239992 0.263428 -1.122003
v -1.320509 0.381836 -1.127446
v -1.336600 0.385405 -1.565325
v -1.311026 0.389787 -1.555748
v -1.295722 0.386350 -1.137990
v -1.336600 0.385405 -1.565325
v -1.257335 0.264236 -1.565188
v -1.243031 0.285384 -1.555422
v -1.311026 0.389787 -1.555748
v -1.239992 0.263428 -1.122003
v -1.320509 0.381836 -1.127446
v -1.295722 0.386350 -1.137990
v -1.225935 0.284203 -1.132730
v -0.991493 0.210343 -1.567921
v -0.996594 0.235340 -1.557718
v -0.991493 0.210343 -1.567921
v -0.978415 0.210633 -1.124696
v -0.984119 0.235622 -1.134983
v -0.996594 0.235340 -1.557718
v -0.978415 0.210633 -1.124696
v -0.984119 0.235622 -1.134983
v -1.361170 0.632831 -1.587646
v -1.344815 0.635812 -1.232017
v -1.345845 0.837931 -1.239657
v -1.364050 0.660142 -1.717745
v -1.361386 0.688094 -1.618468
v -1.360545 0.849943 -1.644866
v -1.435929 0.845238 -1.534536
v -1.428159 0.831129 -1.515468
v -1.430598 0.647295 -1.495687
v -1.344467 0.649376 -1.245934
v -1.345449 0.824639 -1.252880
v -1.438341 0.633467 -1.513316
v -1.344815 0.635812 -1.232017
v -1.344467 0.649376 -1.245934
v -1.430598 0.647295 -1.495687
v -1.435929 0.845238 -1.534536
v -1.345845 0.837931 -1.239657
v -0.084536 0.962183 0.431149
v 0.041699 0.969483 0.338311
v 0.044522 0.857119 0.612942
v 0.047697 0.730711 0.921900
v -1.031381 1.233353 -3.510544
v -1.097799 1.231665 -3.557366
v 0.001543 1.231665 -3.568666
v 0.002031 1.233352 -3.521164
v -1.097799 1.231665 -3.557366
v -1.084489 0.898981 -3.557503
v 0.001543 0.898981 -3.568666
v 0.001543 1.231665 -3.568666
v -1.187689 1.060443 2.678463
v -1.204824 0.893721 2.665945
v -1.198775 0.696762 2.651617
v -1.209377 0.696640 2.508316
v 0.044636 1.351373 0.623989
v 0.044721 1.305242 0.632382
v 0.028042 0.202518 -0.990445
v 0.042815 0.203848 0.446926
v 0.042815 0.203848 0.446926
v 0.048944 0.206043 1.043282
v 0.002416 0.492110 -3.483725
v 0.005793 0.444484 -3.155117
v 0.005793 0.444484 -3.155117
v 0.009552 0.511153 -2.789500
v 0.009552 0.511153 -2.789500
v 0.011602 0.773954 -2.590041
v 0.014849 0.866183 -2.274208
v 0.018092 0.790704 -1.958552
v 0.019742 0.626584 -1.798065
v 0.020590 0.420486 -1.715539
v 0.020773 0.202057 -1.697663
v 0.020773 0.202057 -1.697663
v 0.028042 0.202518 -0.990445
v -1.254475 0.610918 2.250103
v -1.255340 0.610873 2.166032
v 0.060345 0.610873 2.152510
v 0.061210 0.610918 2.236582
v -1.156321 1.284505 -0.969053
v -1.124660 1.284505 0.389050
v -1.078646 1.279971 0.376402
v -1.092480 1.284505 -0.969708
v -1.156321 1.284505 -0.969053
v -1.103878 1.233878 -3.612863
v -1.099314 1.329473 -3.570389
v -1.044552 1.329473 -3.570952
v -1.038081 1.244632 -3.610845
v -1.235484 0.694073 2.203935
v 0.070268 0.605803 3.117917
v -0.707588 1.603933 -1.927063
v -0.707588 1.616773 -1.927063
v 0.018799 1.645477 -1.889795
v 0.018799 1.632896 -1.889768
v -0.707588 1.616773 -1.927063
v -0.707588 1.603933 -1.927063
v -0.821664 1.555768 -2.017848
v -0.821664 1.568829 -2.017848
v -0.924626 1.465776 -2.322837
v -0.924626 1.478755 -2.322837
v -0.973646 1.384562 -2.628499
v -0.973646 1.397318 -2.628499
v -0.946467 1.386010 -2.666591
v -0.946467 1.398650 -2.666591
v -0.958325 1.326542 -3.075361
v -0.958512 1.338934 -3.077494
v -0.997548 1.239152 -3.480143
v -0.997548 1.251846 -3.480143
v -0.847898 1.581001 -1.999431
v -0.954578 1.490850 -2.315433
v -0.954578 1.540104 -2.315433
v -0.847898 1.624466 -1.999431
v -1.007661 1.459488 -2.646430
v -1.007661 1.409205 -2.646430
v -0.957705 1.455210 -2.685545
v -1.007661 1.459488 -2.646430
v -1.007661 1.409205 -2.646430
v -0.957705 1.410413 -2.685545
v -0.957705 1.410413 -2.685545
v -0.957705 1.455210 -2.685545
v -0.719801 1.628757 -1.897485
v -0.719801 1.672485 -1.897485
v -0.719801 1.554328 -1.897485
v -0.847898 1.506309 -1.999431
v -0.847898 1.549774 -1.999431
v -0.719801 1.598057 -1.897485
v -0.954578 1.410566 -2.315433
v -0.954578 1.459819 -2.315433
v -1.007661 1.378708 -2.646430
v -1.007661 1.328426 -2.646430
v -0.957705 1.380191 -2.685545
v -1.007661 1.378708 -2.646430
v -1.007661 1.328426 -2.646430
v -0.957705 1.335393 -2.685545
v -0.957705 1.380191 -2.685545
v -0.957705 1.335393 -2.685545
v -0.719801 1.554328 -1.897485
v -0.719801 1.598057 -1.897485
v 0.019118 1.627154 -1.858783
v 0.019118 1.572957 -1.858673
v -0.719801 1.628757 -1.897485
v 0.019117 1.657232 -1.858843
v 0.018799 1.645477 -1.889795
v -0.707588 1.616773 -1.927063
v -0.719801 1.598057 -1.897485
v -0.847898 1.549774 -1.999431
v -0.821664 1.555768 -2.017848
v -0.707588 1.603933 -1.927063
v -0.847898 1.581001 -1.999431
v -0.719801 1.628757 -1.897485
v -0.707588 1.616773 -1.927063
v -0.821664 1.568829 -2.017848
v -0.954578 1.459819 -2.315433
v -0.924626 1.465776 -2.322837
v -0.954578 1.490850 -2.315433
v -0.924626 1.478755 -2.322837
v -1.007661 1.378708 -2.646430
v -0.973646 1.384562 -2.628499
v -1.007661 1.409205 -2.646430
v -0.973646 1.397318 -2.628499
v -0.957705 1.380191 -2.685545
v -0.946467 1.386010 -2.666591
v -0.957705 1.410413 -2.685545
v -0.946467 1.398650 -2.666591
v -0.988871 1.320855 -3.071703
v -0.958325 1.326542 -3.075361
v -0.989318 1.350482 -3.076805
v -0.958512 1.338934 -3.077494
v -1.031381 1.233353 -3.510544
v -0.997548 1.239152 -3.480143
v -1.031381 1.263703 -3.510544
v -0.997548 1.251846 -3.480143
v -0.997548 1.239152 -3.480143
v -1.031381 1.233353 -3.510544
v 0.002031 1.233352 -3.521164
v 0.002348 1.239152 -3.490420
v -0.174550 1.241364 2.033222
v -0.151327 1.270815 2.032007
v -0.168259 1.226006 2.204740
v -0.119356 1.272586 2.204237
v -0.148943 1.264322 2.204541
v -0.172177 1.235395 2.204779
v -0.523544 1.263229 2.208390
v -0.467427 1.228621 2.211996
v -0.465009 1.237990 2.204637
v -0.490670 1.259011 2.208053
v -0.168259 1.226006 2.204740
v -0.172177 1.235395 2.204779
v -0.172177 1.235395 2.204779
v -0.148943 1.264322 2.204541
v -0.151327 1.270815 2.032007
v -0.174550 1.241364 2.033222
v -0.490670 1.259011 2.208053
v -0.465009 1.237990 2.204637
v -0.466696 1.245451 2.036268
v -0.492390 1.266998 2.036444
v -0.281568 1.292986 2.205904
v -0.370562 1.290648 2.206819
v -0.370357 1.281315 2.206816
v -0.281350 1.283076 2.205902
v -0.281350 1.283076 2.205902
v -0.370357 1.281315 2.206816
v -0.372430 1.284089 2.035272
v -0.283421 1.285470 2.034123
v -0.119356 1.272586 2.204237
v -0.148943 1.264322 2.204541
v -0.148943 1.264322 2.204541
v -0.151327 1.270815 2.032007
v -0.490670 1.259011 2.208053
v -0.492390 1.266998 2.036444
v -0.466696 1.245451 2.036268
v -0.492390 1.266998 2.036444
v 0.051919 0.767293 2.930699
v -0.322722 0.767286 2.934549
v -0.322724 0.718170 2.934550
v 0.051920 0.718163 2.930698
v -0.324795 0.771208 3.023424
v -0.322722 0.767286 2.934549
v 0.051919 0.767293 2.930699
v 0.055849 0.771208 3.033762
v -0.324634 0.716828 3.039192
v -0.322724 0.718170 2.934550
v -0.322722 0.767286 2.934549
v -0.324795 0.771208 3.023424
v 0.055937 0.716828 3.042383
v 0.051920 0.718163 2.930698
v -0.322724 0.718170 2.934550
v -0.324634 0.716828 3.039192
v 0.055849 0.771208 3.033762
v 0.051919 0.767293 2.930699
v 0.051920 0.718163 2.930698
v 0.055937 0.716828 3.042383
v 0.038143 1.722133 -0.007721
v 0.039313 1.700821 0.106062
v 0.019118 1.572957 -1.858673
v 0.018995 0.896433 -1.870645
v 0.001543 0.898981 -3.568666
v -1.084489 0.898981 -3.557503
v -1.067014 0.898979 -1.857332
v 0.021495 0.427682 -1.627509
v 0.018995 0.896433 -1.870645
v -1.067014 0.898979 -1.857332
v -1.186402 0.414356 -1.623657
v 0.001529 0.573324 -3.570141
v 0.019115 1.711429 -1.858957
v 0.019117 1.657232 -1.858843
v -0.719801 1.628757 -1.897485
v -0.719801 1.672485 -1.897485
v 0.018799 1.632896 -1.889768
v 0.019118 1.627154 -1.858783
v -0.719801 1.598057 -1.897485
v -0.707588 1.603933 -1.927063
v 1.035446 1.233353 -3.531786
v 1.100885 1.231665 -3.579964
v 1.072235 1.265764 -3.090067
v 1.002110 1.278088 -3.094718
v 1.002244 1.251846 -3.500697
v 0.002348 1.251846 -3.490420
v 0.002348 1.239152 -3.490420
v 1.002244 1.239152 -3.500697
v 0.883059 1.506309 -2.017221
v 0.983223 1.410566 -2.335350
v 1.036011 1.375111 -2.331218
v 1.072235 1.265764 -3.090067
v 1.002110 1.278088 -3.094718
v 0.951414 1.671874 -0.325536
v 0.971089 1.653406 -1.085108
v 1.022744 1.661743 -1.086388
v 0.994085 1.680022 -0.326413
v 1.000340 1.669617 -0.156724
v 0.962909 1.659582 -0.123515
v 1.013006 1.564992 -1.605390
v 1.071639 1.568011 -1.604876
v 0.843974 1.723688 -0.323877
v 0.971089 1.653406 -1.085108
v 0.951414 1.671874 -0.325536
v 0.962909 1.659582 -0.123515
v 0.809107 1.710708 -0.048241
v 0.984804 1.642658 -0.039340
v 0.794721 1.690282 0.052741
v 0.034870 1.723311 -0.326261
v 1.020556 1.639586 -0.087570
v 0.984804 1.642658 -0.039340
v 1.208854 1.284505 0.365066
v 1.155287 1.284504 0.429459
v 0.757085 1.554328 -1.912665
v 1.038575 1.423162 -1.820149
v 1.103040 1.431109 -1.831117
v 1.229216 0.414356 -1.648485
v 1.148326 0.412079 -1.034325
v 1.229216 0.414356 -1.648485
v 0.021495 0.427682 -1.627509
v 0.046190 0.428895 0.775277
v 1.254094 0.415293 0.772101
v 1.254094 0.415293 0.772101
v 0.046190 0.428895 0.775277
v 0.047697 0.730711 0.921900
v 1.255316 0.732071 0.891069
v 1.162589 1.279971 0.353367
v 1.155287 1.284504 0.429459
v 0.928150 0.967027 0.426267
v 1.255316 0.732071 0.891069
v 0.047697 0.730711 0.921900
v 0.169815 0.962183 0.428534
v 1.469533 0.626584 -1.812964
v 1.404892 0.660142 -1.746203
v 1.405245 0.420486 -1.711893
v 1.439215 0.420486 -1.743171
v 1.467883 0.790704 -1.973454
v 1.402955 0.867426 -1.934693
v 1.399347 0.945755 -2.285677
v 1.464639 0.866183 -2.289109
v 1.461393 0.773954 -2.604941
v 1.395461 0.832064 -2.663814
v 1.433156 0.507412 -2.821719
v 1.393412 0.555537 -2.863163
v 1.394578 1.044508 0.555798
v 1.372113 0.708794 1.098943
v 1.366077 0.415726 0.511616
v 1.389361 1.025818 1.248555
v 1.377589 0.967293 1.631742
v 1.374316 0.907366 1.313302
v 1.281626 1.256947 0.460575
v 1.274493 1.248405 1.132208
v 1.423436 1.043434 -1.037068
v 1.394578 1.044508 0.555798
v 1.366077 0.415726 0.511616
v 1.394073 0.430505 -1.036851
v 1.266136 1.257816 -0.993950
v 1.212595 1.284505 -0.993400
v 1.276621 0.264788 0.434246
v 1.293454 0.264526 -1.003451
v 1.348495 0.386350 -1.165167
v 1.278831 0.284203 -1.158473
v 1.287234 0.285384 -1.581427
v 1.355209 0.389787 -1.583152
v 1.276621 0.264788 0.434246
v 1.421103 0.422340 1.076900
v 1.443448 0.671292 1.153371
v 1.377136 0.671292 1.154053
v 1.376349 0.422339 1.077360
v 1.372113 0.708794 1.098943
v 1.443448 0.671292 1.153371
v 1.421103 0.422340 1.076900
v 1.371309 0.422340 1.020740
v 1.445367 0.847675 1.340153
v 1.379056 0.847675 1.340834
v 1.374316 0.907366 1.313302
v 1.445367 0.847675 1.340153
v 1.448323 0.907008 1.627761
v 1.382012 0.907008 1.628443
v 1.377589 0.967293 1.631742
v 1.448323 0.907008 1.627761
v 1.451110 0.843535 1.898822
v 1.379418 0.906090 1.946131
v 1.451110 0.843535 1.898822
v 1.384799 0.843535 1.899503
v 1.422425 0.685333 2.086766
v 1.375498 0.685333 2.087249
v 1.356958 0.694073 2.177289
v 1.422425 0.685333 2.086766
v 1.412635 0.610873 2.138612
v 1.376031 0.610873 2.138987
v 1.412635 0.610873 2.138612
v 1.376894 0.610918 2.223059
v 1.439215 0.420486 -1.743171
v 1.404071 0.420486 -1.729759
v 1.403222 0.626584 -1.812283
v 1.469533 0.626584 -1.812964
v 1.401573 0.790704 -1.972772
v 1.467883 0.790704 -1.973454
v 1.464639 0.866183 -2.289109
v 1.398329 0.866183 -2.288427
v 1.395082 0.773954 -2.604260
v 1.461393 0.773954 -2.604941
v 1.346051 0.456424 -3.190300
v 1.202634 1.111103 -3.670859
v 1.265303 1.115487 -3.670282
v 1.228823 0.861506 -3.713434
v 1.227181 0.979097 -3.691889
v 1.194686 1.103455 -3.657706
v 1.202634 1.111103 -3.670859
v 1.101536 1.221540 -3.623773
v 1.105824 1.233878 -3.635574
v 1.317089 1.106339 2.473989
v 1.377136 0.671292 1.154053
v 0.050223 0.671292 1.167692
v 0.049435 0.422340 1.090997
v 1.376349 0.422339 1.077360
v 1.379056 0.847675 1.340834
v 0.052144 0.847675 1.354472
v 1.382012 0.907008 1.628443
v 0.055099 0.907008 1.642081
v 1.375498 0.685333 2.087249
v 0.059813 0.685333 2.100771
v 0.057885 0.843535 1.913141
v 1.384799 0.843535 1.899503
v 1.376031 0.610873 2.138987
v 0.060345 0.610873 2.152510
v 1.073472 0.420486 -1.726361
v 1.072623 0.626584 -1.808887
v 1.403222 0.626584 -1.812283
v 1.404071 0.420486 -1.729759
v 1.070974 0.790704 -1.969375
v 1.401573 0.790704 -1.972772
v 1.067730 0.866183 -2.285029
v 1.398329 0.866183 -2.288427
v 1.064484 0.773954 -2.600863
v 1.061216 0.511153 -2.800309
v 1.391434 0.511153 -2.803703
v 1.395082 0.773954 -2.604260
v 1.273795 0.266943 1.030693
v 0.049066 0.270535 1.055107
v 0.048944 0.206043 1.043282
v 0.986783 0.206043 1.033643
v 1.302727 0.264054 -1.710839
v 0.996389 0.202057 -1.707692
v 1.276621 0.264788 0.434246
v 0.988026 0.203848 0.437211
v 0.991311 0.202570 -1.000346
v 1.293454 0.264526 -1.003451
v 1.278831 0.284203 -1.158473
v 1.037020 0.235622 -1.155756
v 1.040803 0.235340 -1.578658
v 1.287234 0.285384 -1.581427
v 1.273795 0.266943 1.030693
v 0.986783 0.206043 1.033643
v 0.988026 0.203848 0.437211
v 1.276621 0.264788 0.434246
v 1.038999 0.444484 -3.165737
v 1.346051 0.456424 -3.190300
v 1.000072 0.573324 -3.580405
v 1.295119 0.573324 -3.583439
v 1.306629 0.492110 -3.486993
v 1.000799 0.492110 -3.493987
v 1.038999 0.444484 -3.165737
v 1.346051 0.456424 -3.190300
v 0.975402 1.328397 0.526933
v 0.975489 1.293482 0.535328
v 0.703385 1.297883 0.577924
v 0.704241 1.341339 0.576948
v 0.704241 1.341339 0.576948
v 0.703385 1.297883 0.577924
v 0.248231 1.305242 0.630292
v 0.248145 1.351373 0.621899
v 1.155287 1.296458 0.429459
v 1.155287 1.284504 0.429459
v 0.975489 1.293482 0.535328
v 0.975402 1.328397 0.526933
v 0.984804 1.642658 -0.039340
v 1.155287 1.284504 0.429459
v 1.155287 1.296458 0.429459
v 0.983088 1.682528 -0.035926
v 1.103040 1.431109 -1.831117
v 1.038575 1.423162 -1.820149
v 1.148754 1.284505 -0.992744
v 1.212595 1.284505 -0.993400
v 1.373493 0.381836 -1.155134
v 1.380580 0.385405 -1.593252
v 1.301335 0.264236 -1.591485
v 1.293105 0.263428 -1.148038
v 1.302727 0.264054 -1.710839
v 1.301335 0.264236 -1.591485
v 1.035493 0.210343 -1.588755
v 0.996389 0.202057 -1.707692
v 1.031526 0.210633 -1.145355
v 1.293105 0.263428 -1.148038
v 1.373493 0.381836 -1.155134
v 1.348495 0.386350 -1.165167
v 1.355209 0.389787 -1.583152
v 1.380580 0.385405 -1.593252
v 1.380580 0.385405 -1.593252
v 1.355209 0.389787 -1.583152
v 1.287234 0.285384 -1.581427
v 1.301335 0.264236 -1.591485
v 1.293105 0.263428 -1.148038
v 1.278831 0.284203 -1.158473
v 1.348495 0.386350 -1.165167
v 1.373493 0.381836 -1.155134
v 1.040803 0.235340 -1.578658
v 1.035493 0.210343 -1.588755
v 1.035493 0.210343 -1.588755
v 1.040803 0.235340 -1.578658
v 1.037020 0.235622 -1.155756
v 1.031526 0.210633 -1.145355
v 1.031526 0.210633 -1.145355
v 1.037020 0.235622 -1.155756
v 1.404686 0.632831 -1.616074
v 1.395644 0.635812 -1.260183
v 1.396517 0.837931 -1.267844
v 1.404270 0.688094 -1.646894
v 1.404892 0.660142 -1.746203
v 1.402886 0.849943 -1.673269
v 1.480521 0.845238 -1.564511
v 1.473143 0.831129 -1.545287
v 1.395848 0.824639 -1.281055
v 1.395011 0.649376 -1.274090
v 1.475989 0.647295 -1.525560
v 1.483368 0.633467 -1.543346
v 1.475989 0.647295 -1.525560
v 1.395011 0.649376 -1.274090
v 1.395644 0.635812 -1.260183
v 1.480521 0.845238 -1.564511
v 1.396517 0.837931 -1.267844
v 0.169815 0.962183 0.428534
v 0.047697 0.730711 0.921900
v 0.044522 0.857119 0.612942
v 0.041699 0.969483 0.338311
v 1.035446 1.233353 -3.531786
v 0.002031 1.233352 -3.521164
v 0.001543 1.231665 -3.568666
v 1.100885 1.231665 -3.579964
v 1.100885 1.231665 -3.579964
v 0.001543 1.231665 -3.568666
v 0.001543 0.898981 -3.568666
v 1.087575 0.898981 -3.579828
v 1.318926 1.060443 2.652700
v 1.335801 0.893721 2.639833
v 1.329459 0.696762 2.625632
v 1.337113 0.696640 2.482143
v 0.044721 1.305242 0.632382
v 0.044636 1.351373 0.623989
v 0.042815 0.203848 0.446926
v 0.028042 0.202518 -0.990445
v 0.048944 0.206043 1.043282
v 0.042815 0.203848 0.446926
v 0.002416 0.492110 -3.483725
v 0.001529 0.573324 -3.570141
v 0.005793 0.444484 -3.155117
v 0.009552 0.511153 -2.789500
v 0.005793 0.444484 -3.155117
v 0.011602 0.773954 -2.590041
v 0.009552 0.511153 -2.789500
v 0.014849 0.866183 -2.274208
v 0.018092 0.790704 -1.958552
v 0.019742 0.626584 -1.798065
v 0.020590 0.420486 -1.715539
v 0.020773 0.202057 -1.697663
v 0.028042 0.202518 -0.990445
v 0.020773 0.202057 -1.697663
v 1.376894 0.610918 2.223059
v 0.061210 0.610918 2.236582
v 0.060345 0.610873 2.152510
v 1.376031 0.610873 2.138987
v 1.212595 1.284505 -0.993400
v 1.148754 1.284505 -0.992744
v 1.162589 1.279971 0.353367
v 1.208854 1.284505 0.365066
v 1.212595 1.284505 -0.993400
v 1.105824 1.233878 -3.635574
v 1.040081 1.244632 -3.632205
v 1.047371 1.329473 -3.592452
v 1.102133 1.329473 -3.593015
v 1.356958 0.694073 2.177289
v 0.070268 0.605803 3.117917
v 0.744267 1.603933 -1.941985
v 0.018799 1.632896 -1.889768
v 0.018799 1.645477 -1.889795
v 0.744267 1.616773 -1.941985
v 0.744267 1.616773 -1.941985
v 0.856452 1.568829 -2.035096
v 0.856452 1.555768 -2.035096
v 0.744267 1.603933 -1.941985
v 0.953124 1.478755 -2.342136
v 0.953124 1.465776 -2.342136
v 0.995850 1.397318 -2.648742
v 0.995850 1.384562 -2.648742
v 0.967896 1.398650 -2.686266
v 0.967896 1.386010 -2.686266
v 0.971490 1.338934 -3.097331
v 0.971348 1.326542 -3.095194
v 1.002244 1.251846 -3.500697
v 1.002244 1.239152 -3.500697
v 0.883059 1.581001 -2.017221
v 0.883059 1.624466 -2.017221
v 0.983223 1.540104 -2.335350
v 0.983223 1.490850 -2.335350
v 1.029489 1.459488 -2.667367
v 1.029489 1.409205 -2.667367
v 0.978741 1.455210 -2.705447
v 0.978741 1.410413 -2.705447
v 1.029489 1.409205 -2.667367
v 1.029489 1.459488 -2.667367
v 0.978741 1.410413 -2.705447
v 0.978741 1.455210 -2.705447
v 0.757085 1.628757 -1.912665
v 0.757085 1.672485 -1.912665
v 0.757085 1.554328 -1.912665
v 0.757085 1.598057 -1.912665
v 0.883059 1.549774 -2.017221
v 0.883059 1.506309 -2.017221
v 0.983223 1.410566 -2.335350
v 0.983223 1.459819 -2.335350
v 1.029489 1.378708 -2.667367
v 1.029489 1.328426 -2.667367
v 0.978741 1.380191 -2.705447
v 0.978741 1.335393 -2.705447
v 1.029489 1.328426 -2.667367
v 1.029489 1.378708 -2.667367
v 0.978741 1.335393 -2.705447
v 0.978741 1.380191 -2.705447
v 0.757085 1.554328 -1.912665
v 0.019118 1.572957 -1.858673
v 0.019118 1.627154 -1.858783
v 0.757085 1.598057 -1.912665
v 0.757085 1.628757 -1.912665
v 0.744267 1.616773 -1.941985
v 0.018799 1.645477 -1.889795
v 0.019117 1.657232 -1.858843
v 0.757085 1.598057 -1.912665
v 0.744267 1.603933 -1.941985
v 0.856452 1.555768 -2.035096
v 0.883059 1.549774 -2.017221
v 0.883059 1.581001 -2.017221
v 0.856452 1.568829 -2.035096
v 0.744267 1.616773 -1.941985
v 0.757085 1.628757 -1.912665
v 0.953124 1.465776 -2.342136
v 0.983223 1.459819 -2.335350
v 0.983223 1.490850 -2.335350
v 0.953124 1.478755 -2.342136
v 0.995850 1.384562 -2.648742
v 1.029489 1.378708 -2.667367
v 1.029489 1.409205 -2.667367
v 0.995850 1.397318 -2.648742
v 0.967896 1.386010 -2.686266
v 0.978741 1.380191 -2.705447
v 0.978741 1.410413 -2.705447
v 0.967896 1.398650 -2.686266
v 0.971348 1.326542 -3.095194
v 1.001964 1.320855 -3.092165
v 1.002305 1.350482 -3.097275
v 0.971490 1.338934 -3.097331
v 1.002244 1.239152 -3.500697
v 1.035446 1.233353 -3.531786
v 1.035446 1.263703 -3.531786
v 1.002244 1.251846 -3.500697
v 1.002244 1.239152 -3.500697
v 0.002348 1.239152 -3.490420
v 0.002031 1.233352 -3.521164
v 1.035446 1.233353 -3.531786
v 0.292740 1.241364 2.028419
v 0.269496 1.270815 2.027681
v 0.289975 1.226006 2.200030
v 0.293893 1.235395 2.199989
v 0.270660 1.264322 2.200227
v 0.241072 1.272586 2.200533
v 0.645261 1.263229 2.196378
v 0.612386 1.259011 2.196716
v 0.586660 1.237990 2.193828
v 0.589229 1.228621 2.201136
v 0.293893 1.235395 2.199989
v 0.289975 1.226006 2.200030
v 0.293893 1.235395 2.199989
v 0.292740 1.241364 2.028419
v 0.269496 1.270815 2.027681
v 0.270660 1.264322 2.200227
v 0.612386 1.259011 2.196716
v 0.610579 1.266998 2.025108
v 0.584888 1.245451 2.025460
v 0.586660 1.237990 2.193828
v 0.403285 1.292986 2.198865
v 0.403068 1.283076 2.198867
v 0.492074 1.281315 2.197952
v 0.492278 1.290648 2.197951
v 0.403068 1.283076 2.198867
v 0.401605 1.285470 2.027082
v 0.490620 1.284089 2.026401
v 0.492074 1.281315 2.197952
v 0.241072 1.272586 2.200533
v 0.270660 1.264322 2.200227
v 0.270660 1.264322 2.200227
v 0.269496 1.270815 2.027681
v 0.610579 1.266998 2.025108
v 0.612386 1.259011 2.196716
v 0.584888 1.245451 2.025460
v 0.610579 1.266998 2.025108
v 0.084765 0.767293 2.930361
v 0.084763 0.718163 2.930361
v 0.459409 0.718170 2.926511
v 0.459407 0.767286 2.926511
v 0.463306 0.771208 3.015324
v 0.082954 0.771208 3.033484
v 0.084765 0.767293 2.930361
v 0.459407 0.767286 2.926511
v 0.463467 0.716828 3.031092
v 0.463306 0.771208 3.015324
v 0.459407 0.767286 2.926511
v 0.459409 0.718170 2.926511
v 0.083041 0.716828 3.042105
v 0.463467 0.716828 3.031092
v 0.459409 0.718170 2.926511
v 0.084763 0.718163 2.930361
v 0.082954 0.771208 3.033484
v 0.083041 0.716828 3.042105
v 0.084763 0.718163 2.930361
v 0.084765 0.767293 2.930361
v 0.038143 1.722133 -0.007721
v 0.039313 1.700821 0.106062
v 0.019118 1.572957 -1.858673
v 0.018995 0.896433 -1.870645
v 1.105050 0.898979 -1.879657
v 1.087575 0.898981 -3.579828
v 0.001543 0.898981 -3.568666
v 0.021495 0.427682 -1.627509
v 1.229216 0.414356 -1.648485
v 1.105050 0.898979 -1.879657
v 0.018995 0.896433 -1.870645
v 0.019115 1.711429 -1.858957
v 0.757085 1.672485 -1.912665
v 0.757085 1.628757 -1.912665
v 0.019117 1.657232 -1.858843
v 0.018799 1.632896 -1.889768
v 0.744267 1.603933 -1.941985
v 0.757085 1.598057 -1.912665
v 0.019118 1.627154 -1.858783
v -0.997548 1.251846 -3.480143
v 0.002348 1.251846 -3.490420
v 0.002031 1.263703 -3.521164
v -1.031381 1.263703 -3.510544
v -1.038081 1.244632 -3.610845
v 0.001000 1.244632 -3.621524
v -0.084536 1.305074 0.431149
v 0.041699 1.305074 0.338311
v 0.041699 0.969483 0.338311
v -0.084536 0.962183 0.431149
v -0.842755 0.967027 0.444468
v -1.078645 0.957455 0.376402
v -1.078646 1.279971 0.376402
v -0.842755 1.299942 0.444468
v -0.829937 1.872063 -1.696545
v -0.831019 1.871818 -1.679473
v -0.739357 1.894468 -1.701486
v -0.739541 1.894724 -1.719280
v -0.720903 1.786939 -0.308349
v -0.874603 1.768083 -0.306768
v -0.888804 1.727293 -0.079731
v -0.717794 1.753881 -0.005773
v -0.728707 1.773180 -1.067638
v -0.897475 1.754324 -1.065903
v -0.968422 1.694580 -1.065923
v -1.027963 1.568011 -1.583296
v -0.968422 1.661743 -1.065923
v -0.924148 1.709179 -0.306697
v -0.926525 1.693643 -0.128992
v -0.907181 1.682528 -0.016499
v -0.945010 1.658376 -0.061586
v -0.716966 1.708102 0.074723
v -0.719801 1.672485 -1.897485
v -0.847898 1.624466 -1.999431
v -0.996644 1.591686 -1.931393
v -0.954578 1.540104 -2.315433
v -1.075866 1.507183 -2.302268
v -0.870029 1.274987 1.984719
v -1.174518 1.248405 1.157378
v -1.194784 1.211451 1.988056
v -0.816988 1.136460 2.502734
v -1.189525 1.106339 2.499752
v -0.577199 1.329619 0.648534
v -0.897224 1.317976 0.603676
v -0.533115 1.294343 1.833695
v -0.737141 1.722529 -1.485784
v -0.737832 1.754728 -1.553106
v -0.737141 1.722529 -1.485784
v 0.022577 1.747868 -1.522204
v 0.021978 1.779629 -1.580411
v -0.905763 1.694268 -1.448888
v -0.888261 1.737529 -1.530529
v -0.736107 1.722930 -1.612906
v -0.738696 1.822534 -1.637180
v 0.021132 1.837218 -1.662824
v -0.868643 1.811419 -1.617181
v -0.864729 1.794150 -1.646875
v -0.868643 1.811419 -1.617181
v -0.736107 1.722930 -1.612906
v -0.873373 1.694717 -1.601571
v -0.864729 1.794150 -1.646875
v -0.736562 1.808436 -1.657151
v -0.739357 1.894468 -1.701486
v 0.020610 1.894531 -1.713638
v -0.831019 1.871818 -1.679473
v -0.829937 1.872063 -1.696545
v -0.829937 1.872063 -1.696545
v -0.739541 1.894724 -1.719280
v -1.103878 1.233878 -3.612863
v -1.038081 1.244632 -3.610845
v 0.001000 1.244632 -3.621524
v 0.000973 1.233878 -3.624218
v -1.251203 0.693341 2.651767
v -1.257209 0.693761 2.508808
v -1.257701 0.608659 2.516064
v -1.249161 0.608012 2.657006
v -1.254475 0.610918 2.250103
v -1.235484 0.694073 2.203935
v -1.168026 0.691129 3.018565
v -1.168026 0.605803 3.018565
v -0.372380 0.605803 3.103163
v -0.375453 0.691129 3.103457
v -1.198775 0.696762 2.651617
v -1.251203 0.693341 2.651767
v -1.143587 0.695402 2.968544
v -1.168026 0.691129 3.018565
v -0.375453 0.691129 3.103457
v -0.345541 0.695402 3.038568
v -0.533115 1.294343 1.833695
v -0.520614 1.314150 1.833566
v -0.104164 1.297371 2.205310
v -0.119356 1.272586 2.204237
v -0.107743 1.346536 1.857153
v -0.119356 1.272586 2.204237
v -0.168259 1.226006 2.204740
v -0.101102 1.202870 2.503331
v 0.228971 1.202870 2.499938
v -0.104164 1.297371 2.205310
v 0.225907 1.297371 2.201917
v 0.028372 1.339188 1.963630
v 0.192941 1.339188 1.961938
v -0.158485 1.329619 0.663940
v -0.142453 1.324823 0.933531
v 0.238046 1.324823 0.929620
v 0.248534 1.329619 0.659756
v -0.467427 1.228621 2.211996
v -0.158485 1.329619 0.663940
v -0.142453 1.324823 0.933531
v -0.142453 1.324823 0.933531
v -0.432843 1.324823 0.936515
v -0.463826 1.333736 1.147336
v -0.107743 1.346536 1.857153
v 0.027863 1.346352 1.855760
v -0.107743 1.263962 1.857153
v -0.115054 1.263963 1.145821
v -0.115054 1.358813 1.145821
v -0.107743 1.346536 1.857153
v -0.107743 1.346536 1.857153
v 0.027863 1.346352 1.855760
v 0.027863 1.263963 1.855760
v -0.107743 1.263962 1.857153
v 0.027863 1.346352 1.855760
v 0.028372 1.339188 1.963630
v 0.028372 1.263962 1.963630
v 0.027863 1.263963 1.855760
v -1.108391 1.393248 -3.077951
v -1.007661 1.459488 -2.646430
v -1.108391 1.393248 -3.077951
v -0.989069 1.393248 -3.074253
v -1.044552 1.329473 -3.570952
v -1.099314 1.329473 -3.570389
v -1.228452 0.861506 -3.688178
v -1.226367 0.979097 -3.666672
v -1.214820 0.981072 -3.682922
v -1.216672 0.851674 -3.702219
v -1.193177 1.103455 -3.633164
v -1.182600 1.102718 -3.650194
v -1.099349 1.221540 -3.601153
v -1.093706 1.214652 -3.619859
v -0.523544 1.263229 2.208390
v -0.535762 1.248187 2.209746
v -0.924148 1.680022 -0.306697
v -0.716966 1.708102 0.074723
v -0.907181 1.682528 -0.016499
v -0.908969 1.642658 -0.019876
v -0.717033 1.690282 0.068278
v -0.897224 1.317976 0.603676
v -0.577199 1.329619 0.648534
v -0.615798 1.341339 0.590516
v -0.887930 1.328397 0.546085
v -1.124233 1.284505 0.430625
v -1.069781 1.296458 0.452328
v -0.926913 1.669617 -0.136916
v -0.945705 1.639586 -0.067361
v -1.124233 1.284505 0.430625
v -1.069781 1.296458 0.452328
v -1.124660 1.284505 0.389050
v 0.020610 1.894531 -1.713638
v 0.020406 1.894815 -1.733432
v 0.034973 1.802367 -0.316117
v 0.027169 1.788608 -1.075407
v 0.038382 1.760979 0.015637
v 0.039378 1.718640 0.112506
v 0.021544 1.742064 -1.622805
v 0.019115 1.711429 -1.858957
v 0.021046 1.823857 -1.671149
v 0.021544 1.742064 -1.622805
v 0.020406 1.894815 -1.733432
v 0.039313 1.700821 0.106062
v 0.039378 1.718640 0.112506
v 0.022577 1.747868 -1.522204
v -0.142453 1.324823 0.933531
v -0.115054 1.358813 1.145821
v 0.215018 1.358813 1.142428
v 0.238046 1.324823 0.929620
v -0.115054 1.358813 1.145821
v -0.115054 1.263963 1.145821
v 0.215018 1.263963 1.142428
v 0.215018 1.358813 1.142428
v -1.099349 1.221540 -3.601153
v -1.103878 1.233878 -3.612863
v 0.000973 1.233878 -3.624218
v 0.001094 1.221540 -3.612462
v -1.182600 1.102718 -3.650194
v -1.093706 1.214652 -3.619859
v 1.095509 1.214652 -3.642360
v 1.183760 1.102718 -3.674516
v -0.957705 1.455210 -2.685545
v -0.989069 1.393248 -3.074253
v -1.195452 1.256947 0.486034
v -1.187689 1.060443 2.678463
v -0.794200 1.077917 2.697878
v -0.794200 1.077917 2.697878
v -0.786917 1.039521 2.822171
v -1.198775 0.696762 2.651617
v 0.070268 0.691129 3.117917
v 0.069498 0.695402 3.043040
v 0.070268 0.605803 3.117917
v 0.070268 0.691129 3.117917
v -0.794200 1.077917 2.697878
v 0.169815 1.305074 0.428534
v 0.169815 0.962183 0.428534
v 0.928150 0.967027 0.426267
v 0.928150 1.299942 0.426267
v 1.162589 1.279971 0.353367
v 1.162589 0.957455 0.353367
v 0.871329 1.872063 -1.714030
v 0.780482 1.894724 -1.734903
v 0.780665 1.894468 -1.717109
v 0.872760 1.871818 -1.696984
v 0.790850 1.786939 -0.323886
v 0.793959 1.753881 -0.021310
v 0.963414 1.727293 -0.098768
v 0.944548 1.768083 -0.325466
v 0.951813 1.754324 -1.084910
v 0.783045 1.773180 -1.083175
v 1.022744 1.694580 -1.086388
v 1.022744 1.661743 -1.086388
v 1.071639 1.568011 -1.604876
v 0.994085 1.709179 -0.326413
v 1.000114 1.693643 -0.148794
v 0.983088 1.682528 -0.035926
v 1.019981 1.658376 -0.081782
v 0.794787 1.708102 0.059186
v 0.757085 1.672485 -1.912665
v 1.033172 1.591686 -1.952256
v 0.883059 1.624466 -2.017221
v 0.983223 1.540104 -2.335350
v 1.104755 1.507183 -2.324680
v 0.987076 1.274987 1.965631
v 1.311829 1.211451 1.962293
v 1.274493 1.248405 1.132208
v 0.944691 1.136460 2.484628
v 1.317089 1.106339 2.473989
v 0.666843 1.329619 0.635748
v 0.985879 1.317976 0.584322
v 0.647129 1.294343 1.821564
v 0.782882 1.722529 -1.501407
v 0.782190 1.754728 -1.568729
v 0.782882 1.722529 -1.501407
v 0.952228 1.694268 -1.467984
v 0.933051 1.737529 -1.549248
v 0.779236 1.722930 -1.628481
v 0.781326 1.822534 -1.652802
v 0.907132 1.794150 -1.665085
v 0.911656 1.811419 -1.635479
v 0.911656 1.811419 -1.635479
v 0.779236 1.722930 -1.628481
v 0.778782 1.808436 -1.672726
v 0.907132 1.794150 -1.665085
v 0.916706 1.694717 -1.619970
v 0.780665 1.894468 -1.717109
v 0.872760 1.871818 -1.696984
v 0.871329 1.872063 -1.714030
v 0.780482 1.894724 -1.734903
v 0.871329 1.872063 -1.714030
v 1.381878 0.693341 2.624704
v 1.379943 0.608012 2.629983
v 1.385587 0.608659 2.488896
v 1.384944 0.693761 2.481651
v 1.376894 0.610918 2.223059
v 1.356958 0.694073 2.177289
v 1.306259 0.691129 2.993134
v 1.306259 0.605803 2.993134
v 0.515599 0.691129 3.094299
v 0.512520 0.605803 3.094069
v 1.329459 0.696762 2.625632
v 1.381878 0.693341 2.624704
v 1.280797 0.695402 2.943626
v 1.306259 0.691129 2.993134
v 0.484358 0.695402 3.030039
v 0.515599 0.691129 3.094299
v 0.634627 1.314150 1.821693
v 0.647129 1.294343 1.821564
v 0.241072 1.272586 2.200533
v 0.225907 1.297371 2.201917
v 0.222329 1.346536 1.853761
v 0.241072 1.272586 2.200533
v 0.289975 1.226006 2.200030
v 0.589229 1.228621 2.201136
v 0.248534 1.329619 0.659756
v 0.238046 1.324823 0.929620
v 0.563747 1.333736 1.136775
v 0.528436 1.324823 0.926635
v 0.238046 1.324823 0.929620
v 0.222329 1.346536 1.853761
v 0.191232 1.346352 1.854081
v 0.222329 1.263962 1.853761
v 0.222329 1.346536 1.853761
v 0.215018 1.358813 1.142428
v 0.215018 1.263963 1.142428
v 0.222329 1.346536 1.853761
v 0.222329 1.263962 1.853761
v 0.191232 1.263963 1.854081
v 0.191232 1.346352 1.854081
v 0.191232 1.346352 1.854081
v 0.191232 1.263963 1.854081
v 0.192941 1.263962 1.961938
v 0.192941 1.339188 1.961938
v 1.121329 1.393248 -3.100867
v 1.029489 1.459488 -2.667367
v 1.121329 1.393248 -3.100867
v 1.102133 1.329473 -3.593015
v 1.047371 1.329473 -3.592452
v 1.002110 1.393248 -3.094718
v 1.228823 0.861506 -3.713434
v 1.216757 0.851674 -3.727230
v 1.215303 0.981072 -3.707899
v 1.227181 0.979097 -3.691889
v 1.183760 1.102718 -3.674516
v 1.194686 1.103455 -3.657706
v 1.095509 1.214652 -3.642360
v 1.101536 1.221540 -3.623773
v 0.645261 1.263229 2.196378
v 0.657504 1.248187 2.197481
v 0.994085 1.680022 -0.326413
v 0.794787 1.708102 0.059186
v 0.794721 1.690282 0.052741
v 0.984804 1.642658 -0.039340
v 0.983088 1.682528 -0.035926
v 0.985879 1.317976 0.584322
v 0.975402 1.328397 0.526933
v 0.704241 1.341339 0.576948
v 0.666843 1.329619 0.635748
v 1.209282 1.284505 0.406641
v 1.155287 1.296458 0.429459
v 1.000340 1.669617 -0.156724
v 1.020556 1.639586 -0.087570
v 1.155287 1.296458 0.429459
v 1.209282 1.284505 0.406641
v 1.208854 1.284505 0.365066
v 1.002110 1.393248 -3.094718
v 0.978741 1.455210 -2.705447
v 1.281626 1.256947 0.460575
v 0.925920 1.077917 2.680198
v 1.318926 1.060443 2.652700
v 0.925920 1.077917 2.680198
v 0.921193 1.039521 2.804615
v 1.329459 0.696762 2.625632
v 1.215303 0.981072 -3.707899
v -1.214820 0.981072 -3.682922
v 1.216757 0.851674 -3.727230
v -1.216672 0.851674 -3.702219
v 0.028372 1.339188 1.963630
v 0.192941 1.339188 1.961938
v 0.192941 1.263962 1.961938
v 0.028372 1.263962 1.963630
v 0.925920 1.077917 2.680198
v 1.040081 1.244632 -3.632205
v 1.105824 1.233878 -3.635574
v 1.105824 1.233878 -3.635574
v 1.101536 1.221540 -3.623773
v 1.002244 1.251846 -3.500697
v 1.035446 1.263703 -3.531786
v 1.040081 1.244632 -3.632205
v 1.087575 0.898981 -3.579828
v 1.100885 1.231665 -3.579964
v -1.092907 0.412079 -1.011290
v -1.186402 0.414356 -1.623657
v 1.162589 1.279971 0.353367
v 1.148754 1.284505 -0.992744
v -1.040170 -0.047317 -2.132043
v -1.041057 -0.055848 -2.260670
v -1.041491 0.018755 -2.253659
v -1.040760 0.025716 -2.148441
v -1.041860 -0.024212 -2.385638
v -1.042156 0.044651 -2.355873
v -1.039285 0.000545 -2.012347
v -1.040032 0.064855 -2.050520
v -1.038487 0.083053 -1.913300
v -1.039376 0.132347 -1.969487
v -1.037857 0.192132 -1.844598
v -1.038859 0.221580 -1.913280
v -1.037456 0.317103 -1.812965
v -1.038532 0.323817 -1.887404
v -1.037322 0.445733 -1.821498
v -1.038427 0.429045 -1.894393
v -1.037470 0.565431 -1.869357
v -1.038552 0.526958 -1.933559
v -1.037884 0.664480 -1.951866
v -1.038895 0.607969 -2.001065
v -1.038522 0.733186 -2.060944
v -1.039425 0.664150 -2.090296
v -1.039325 0.764821 -2.185911
v -1.040090 0.690005 -2.192513
v -1.040211 0.756290 -2.314539
v -1.040820 0.683010 -2.297709
v -1.041098 0.708428 -2.434234
v -1.041550 0.643854 -2.395592
v -1.041894 0.625920 -2.533281
v -1.042205 0.576372 -2.476585
v -1.042524 0.516841 -2.601982
v -1.042722 0.487169 -2.532767
v -1.042925 0.391870 -2.633616
v -1.043048 0.384972 -2.558639
v -1.043060 0.263241 -2.625085
v -1.043154 0.279780 -2.551672
v -1.042911 0.143542 -2.577222
v -1.043028 0.181882 -2.512542
v -1.042498 0.044493 -2.494714
v -1.042685 0.100863 -2.445075
v -1.420186 -0.113972 -2.263166
v -1.441716 -0.081537 -2.260288
v -1.442571 -0.047876 -2.393253
v -1.421102 -0.077820 -2.405973
v -1.419171 -0.104223 -2.116177
v -1.440772 -0.072460 -2.123426
v -1.418160 -0.049528 -1.979395
v -1.439831 -0.021534 -1.996071
v -1.417249 0.044758 -1.866208
v -1.438983 0.066256 -1.890684
v -1.416530 0.169408 -1.787701
v -1.438312 0.182315 -1.817586
v -1.416071 0.312219 -1.751550
v -1.437886 0.315285 -1.783926
v -1.415918 0.459211 -1.761300
v -1.437744 0.452148 -1.793004
v -1.416086 0.595996 -1.815993
v -1.437899 0.579508 -1.843931
v -1.416559 0.709185 -1.910282
v -1.438340 0.684897 -1.931719
v -1.417288 0.787698 -2.034927
v -1.439020 0.758000 -2.047777
v -1.418206 0.823850 -2.177736
v -1.439874 0.791660 -2.180743
v -1.419219 0.814101 -2.324726
v -1.440817 0.782584 -2.317604
v -1.420231 0.759406 -2.461507
v -1.441760 0.731658 -2.444960
v -1.421141 0.665120 -2.574693
v -1.442607 0.643868 -2.550346
v -1.421861 0.540470 -2.653202
v -1.443278 0.527808 -2.623447
v -1.422321 0.397660 -2.689351
v -1.443704 0.394839 -2.657104
v -1.422473 0.250667 -2.679603
v -1.443847 0.257976 -2.648026
v -1.422305 0.113882 -2.624906
v -1.443690 0.130616 -2.597101
v -1.421833 0.000693 -2.530622
v -1.443250 0.025227 -2.509313
v -1.041057 -0.055848 -2.260670
v -1.040170 -0.047317 -2.132043
v -1.059569 -0.096720 -2.120712
v -1.060554 -0.106300 -2.265169
v -1.039285 0.000545 -2.012347
v -1.058584 -0.042967 -1.986289
v -1.038487 0.083053 -1.913300
v -1.057696 0.049694 -1.875054
v -1.037857 0.192132 -1.844598
v -1.056991 0.172195 -1.797897
v -1.037456 0.317103 -1.812965
v -1.056538 0.312545 -1.762369
v -1.037322 0.445733 -1.821498
v -1.056382 0.457003 -1.771953
v -1.037470 0.565431 -1.869357
v -1.056536 0.591431 -1.825703
v -1.037884 0.664480 -1.951866
v -1.056989 0.702669 -1.918365
v -1.038522 0.733186 -2.060944
v -1.057693 0.779828 -2.040864
v -1.039325 0.764821 -2.185911
v -1.058581 0.815357 -2.181211
v -1.040211 0.756290 -2.314539
v -1.059563 0.805776 -2.325666
v -1.041098 0.708428 -2.434234
v -1.060549 0.752024 -2.460090
v -1.041894 0.625920 -2.533281
v -1.061437 0.659363 -2.571324
v -1.042524 0.516841 -2.601982
v -1.062142 0.536862 -2.648481
v -1.042925 0.391870 -2.633616
v -1.062595 0.396513 -2.684009
v -1.042925 0.391870 -2.633616
v -1.043060 0.263241 -2.625085
v -1.062753 0.252054 -2.674428
v -1.062595 0.396513 -2.684009
v -1.042911 0.143542 -2.577222
v -1.062596 0.117627 -2.620675
v -1.042498 0.044493 -2.494714
v -1.062145 0.006388 -2.528013
v -1.041860 -0.024212 -2.385638
v -1.061440 -0.070771 -2.405514
v -1.041491 0.018755 -2.253659
v -1.042156 0.044651 -2.355873
v -1.108130 0.099593 -2.331936
v -1.107601 0.078297 -2.247815
v -1.040760 0.025716 -2.148441
v -1.107013 0.084040 -2.161232
v -1.040032 0.064855 -2.050520
v -1.106424 0.116257 -2.080661
v -1.039376 0.132347 -1.969487
v -1.105893 0.171797 -2.013987
v -1.038859 0.221580 -1.913280
v -1.105471 0.245221 -1.967744
v -1.038532 0.323817 -1.887404
v -1.105198 0.329344 -1.946449
v -1.038427 0.429045 -1.894393
v -1.105103 0.415930 -1.952192
v -1.038552 0.526958 -1.933559
v -1.105195 0.496503 -1.984409
v -1.038895 0.607969 -2.001065
v -1.105463 0.563176 -2.039948
v -1.039425 0.664150 -2.090296
v -1.105884 0.609424 -2.113372
v -1.040090 0.690005 -2.192513
v -1.106413 0.630719 -2.197492
v -1.040820 0.683010 -2.297709
v -1.107002 0.624977 -2.284077
v -1.041550 0.643854 -2.395592
v -1.107590 0.592759 -2.364649
v -1.042205 0.576372 -2.476585
v -1.108120 0.537220 -2.431319
v -1.042722 0.487169 -2.532767
v -1.108544 0.463795 -2.477566
v -1.043048 0.384972 -2.558639
v -1.108814 0.379673 -2.498860
v -1.043154 0.279780 -2.551672
v -1.108911 0.293087 -2.493117
v -1.043028 0.181882 -2.512542
v -1.108819 0.212515 -2.460899
v -1.042685 0.100863 -2.445075
v -1.108551 0.145840 -2.405360
v -1.436600 0.081923 -2.245269
v -1.436009 0.087600 -2.159671
v -1.380918 0.145174 -2.173035
v -1.381364 0.140722 -2.240161
v -1.437134 0.102976 -2.328432
v -1.381764 0.157231 -2.305377
v -1.435421 0.119451 -2.080017
v -1.380471 0.170151 -2.110574
v -1.434890 0.174358 -2.014106
v -1.380063 0.213209 -2.058884
v -1.434472 0.246946 -1.968384
v -1.379738 0.270132 -2.023030
v -1.434205 0.330111 -1.947335
v -1.379525 0.335349 -2.006523
v -1.434116 0.415711 -1.953012
v -1.379447 0.402475 -2.010977
v -1.434213 0.495367 -1.984862
v -1.379509 0.464940 -2.035952
v -1.434489 0.561282 -2.039770
v -1.379707 0.516630 -2.079009
v -1.434914 0.607003 -2.112356
v -1.380022 0.552484 -2.135932
v -1.435447 0.628055 -2.195521
v -1.380422 0.568994 -2.201146
v -1.436038 0.622378 -2.281117
v -1.380867 0.564542 -2.268272
v -1.436627 0.590528 -2.360772
v -1.381317 0.539564 -2.330735
v -1.437157 0.535620 -2.426684
v -1.381723 0.496507 -2.382425
v -1.437576 0.463031 -2.472403
v -1.382049 0.439583 -2.418279
v -1.437843 0.379867 -2.493453
v -1.382261 0.374367 -2.434787
v -1.437932 0.294267 -2.487777
v -1.382339 0.307241 -2.430332
v -1.437835 0.214612 -2.455925
v -1.382277 0.244776 -2.405357
v -1.437559 0.148697 -2.401019
v -1.382078 0.193086 -2.362299
v -1.381364 0.140722 -2.240161
v -1.380918 0.145174 -2.173035
v -1.368775 0.230275 -2.192430
v -1.369050 0.227625 -2.232302
v -1.381764 0.157231 -2.305377
v -1.369298 0.237435 -2.271042
v -1.380471 0.170151 -2.110574
v -1.368500 0.245113 -2.155323
v -1.380063 0.213209 -2.058884
v -1.368253 0.270687 -2.124623
v -1.379738 0.270132 -2.023030
v -1.368059 0.304503 -2.103326
v -1.379525 0.335349 -2.006523
v -1.367933 0.343243 -2.093518
v -1.379447 0.402475 -2.010977
v -1.367892 0.383114 -2.096162
v -1.379509 0.464940 -2.035952
v -1.367938 0.420222 -2.111001
v -1.379707 0.516630 -2.079009
v -1.368067 0.450930 -2.136572
v -1.380022 0.552484 -2.135932
v -1.368265 0.472225 -2.170388
v -1.380422 0.568994 -2.201146
v -1.368514 0.482036 -2.209127
v -1.380867 0.564542 -2.268272
v -1.368789 0.479385 -2.248999
v -1.381317 0.539564 -2.330735
v -1.369063 0.464547 -2.286107
v -1.381723 0.496507 -2.382425
v -1.369309 0.438973 -2.316808
v -1.382049 0.439583 -2.418279
v -1.369505 0.405157 -2.338102
v -1.382261 0.374367 -2.434787
v -1.369628 0.366417 -2.347911
v -1.382339 0.307241 -2.430332
v -1.369670 0.326546 -2.345266
v -1.382277 0.244776 -2.405357
v -1.369625 0.289439 -2.330430
v -1.382078 0.193086 -2.362299
v -1.369497 0.258731 -2.304856
v -1.369050 0.227625 -2.232302
v -1.368775 0.230275 -2.192430
v -1.347056 0.308086 -2.210255
v -1.347159 0.307092 -2.225207
v -1.369298 0.237435 -2.271042
v -1.347253 0.310771 -2.239737
v -1.368500 0.245113 -2.155323
v -1.346953 0.313650 -2.196337
v -1.368253 0.270687 -2.124623
v -1.346860 0.323241 -2.184826
v -1.368059 0.304503 -2.103326
v -1.346787 0.335923 -2.176839
v -1.367933 0.343243 -2.093518
v -1.346740 0.350452 -2.173159
v -1.367892 0.383114 -2.096162
v -1.346724 0.365405 -2.174152
v -1.367938 0.420222 -2.111001
v -1.346742 0.379321 -2.179715
v -1.368067 0.450930 -2.136572
v -1.346791 0.390838 -2.189307
v -1.368265 0.472225 -2.170388
v -1.346865 0.398825 -2.201989
v -1.368514 0.482036 -2.209127
v -1.346958 0.402504 -2.216516
v -1.368789 0.479385 -2.248999
v -1.347061 0.401510 -2.231470
v -1.369063 0.464547 -2.286107
v -1.347163 0.395945 -2.245385
v -1.369309 0.438973 -2.316808
v -1.347256 0.386354 -2.256901
v -1.369505 0.405157 -2.338102
v -1.347330 0.373672 -2.264885
v -1.369628 0.366417 -2.347911
v -1.347376 0.359143 -2.268566
v -1.369670 0.326546 -2.345266
v -1.347391 0.344190 -2.267574
v -1.369625 0.289439 -2.330430
v -1.347374 0.330274 -2.262008
v -1.369497 0.258731 -2.304856
v -1.347327 0.318757 -2.252419
v -1.347159 0.307092 -2.225207
v -1.347056 0.308086 -2.210255
v -1.373579 0.318792 -2.212496
v -1.373651 0.318025 -2.224035
v -1.347253 0.310771 -2.239737
v -1.373715 0.320864 -2.235245
v -1.346953 0.313650 -2.196337
v -1.373506 0.323086 -2.201758
v -1.346860 0.323241 -2.184826
v -1.373438 0.330487 -2.192873
v -1.346787 0.335923 -2.176839
v -1.373384 0.340273 -2.186712
v -1.346740 0.350452 -2.173159
v -1.373346 0.351484 -2.183872
v -1.346724 0.365405 -2.174152
v -1.373331 0.363022 -2.184636
v -1.346742 0.379321 -2.179715
v -1.373337 0.373761 -2.188931
v -1.346791 0.390838 -2.189307
v -1.373367 0.382648 -2.196331
v -1.346865 0.398825 -2.201989
v -1.373415 0.388810 -2.206120
v -1.346958 0.402504 -2.216516
v -1.373480 0.391649 -2.217328
v -1.347061 0.401510 -2.231470
v -1.373550 0.390882 -2.228867
v -1.347163 0.395945 -2.245385
v -1.373624 0.386588 -2.239607
v -1.347256 0.386354 -2.256901
v -1.373692 0.379187 -2.248492
v -1.347330 0.373672 -2.264885
v -1.373745 0.369401 -2.254653
v -1.347330 0.373672 -2.264885
v -1.347376 0.359143 -2.268566
v -1.373784 0.358190 -2.257493
v -1.373745 0.369401 -2.254653
v -1.347391 0.344190 -2.267574
v -1.373799 0.346652 -2.256727
v -1.347374 0.330274 -2.262008
v -1.373793 0.335914 -2.252433
v -1.347327 0.318757 -2.252419
v -1.373764 0.327027 -2.245032
v -1.373745 0.369401 -2.254653
v -1.373784 0.358190 -2.257493
v -1.373624 0.386588 -2.239607
v -1.373692 0.379187 -2.248492
v -1.373799 0.346652 -2.256727
v -1.373550 0.390882 -2.228867
v -1.373793 0.335914 -2.252433
v -1.373480 0.391649 -2.217328
v -1.373764 0.327027 -2.245032
v -1.373415 0.388810 -2.206120
v -1.373715 0.320864 -2.235245
v -1.373367 0.382648 -2.196331
v -1.373651 0.318025 -2.224035
v -1.373337 0.373761 -2.188931
v -1.373579 0.318792 -2.212496
v -1.373331 0.363022 -2.184636
v -1.373506 0.323086 -2.201758
v -1.373346 0.351484 -2.183872
v -1.373438 0.330487 -2.192873
v -1.373384 0.340273 -2.186712
v -1.451502 0.070209 -2.155682
v -1.452132 0.064161 -2.246867
v -1.452701 0.086588 -2.335455
v -1.450875 0.104138 -2.070829
v -1.453154 0.135293 -2.412781
v -1.450312 0.162628 -2.000618
v -1.449865 0.239953 -1.951915
v -1.449580 0.328545 -1.929491
v -1.449485 0.419731 -1.935537
v -1.449589 0.504584 -1.969467
v -1.449883 0.574800 -2.027956
v -1.450335 0.623505 -2.105281
v -1.450904 0.645932 -2.193870
v -1.451533 0.639884 -2.285054
v -1.452160 0.605955 -2.369907
v -1.452724 0.547464 -2.440119
v -1.453171 0.470139 -2.488825
v -1.453455 0.381548 -2.511246
v -1.453551 0.290362 -2.505198
v -1.453447 0.205509 -2.471270
v -1.436600 0.081923 -2.245269
v -1.452132 0.064161 -2.246867
v -1.451502 0.070209 -2.155682
v -1.436009 0.087600 -2.159671
v -1.437134 0.102976 -2.328432
v -1.452701 0.086588 -2.335455
v -1.450875 0.104138 -2.070829
v -1.435421 0.119451 -2.080017
v -1.450312 0.162628 -2.000618
v -1.434890 0.174358 -2.014106
v -1.449865 0.239953 -1.951915
v -1.434472 0.246946 -1.968384
v -1.449580 0.328545 -1.929491
v -1.434205 0.330111 -1.947335
v -1.449485 0.419731 -1.935537
v -1.434116 0.415711 -1.953012
v -1.449589 0.504584 -1.969467
v -1.434213 0.495367 -1.984862
v -1.449883 0.574800 -2.027956
v -1.434489 0.561282 -2.039770
v -1.450335 0.623505 -2.105281
v -1.434914 0.607003 -2.112356
v -1.450904 0.645932 -2.193870
v -1.435447 0.628055 -2.195521
v -1.451533 0.639884 -2.285054
v -1.436038 0.622378 -2.281117
v -1.452160 0.605955 -2.369907
v -1.436627 0.590528 -2.360772
v -1.452724 0.547464 -2.440119
v -1.437157 0.535620 -2.426684
v -1.453171 0.470139 -2.488825
v -1.437576 0.463031 -2.472403
v -1.453455 0.381548 -2.511246
v -1.437843 0.379867 -2.493453
v -1.453551 0.290362 -2.505198
v -1.437932 0.294267 -2.487777
v -1.453447 0.205509 -2.471270
v -1.437835 0.214612 -2.455925
v -1.453154 0.135293 -2.412781
v -1.437559 0.148697 -2.401019
v -1.386058 -0.134890 -2.265193
v -1.385102 -0.124708 -2.111677
v -1.419171 -0.104223 -2.116177
v -1.420186 -0.113972 -2.263166
v -1.386901 -0.097132 -2.414345
v -1.421102 -0.077820 -2.405973
v -1.387550 -0.015133 -2.544530
v -1.421833 0.000693 -2.530622
v -1.387938 0.103083 -2.643003
v -1.422305 0.113882 -2.624906
v -1.388032 0.245943 -2.700129
v -1.422473 0.250667 -2.679603
v -1.387821 0.399463 -2.710312
v -1.422321 0.397660 -2.689351
v -1.387323 0.548615 -2.672556
v -1.387821 0.399463 -2.710312
v -1.422321 0.397660 -2.689351
v -1.421861 0.540470 -2.653202
v -1.386590 0.678801 -2.590561
v -1.421141 0.665120 -2.574693
v -1.385691 0.777274 -2.472346
v -1.420231 0.759406 -2.461507
v -1.384717 0.834398 -2.329491
v -1.419219 0.814101 -2.324726
v -1.383762 0.844579 -2.175973
v -1.418206 0.823850 -2.177736
v -1.382919 0.806823 -2.026821
v -1.417288 0.787698 -2.034927
v -1.382270 0.724823 -1.896637
v -1.416559 0.709185 -1.910282
v -1.381880 0.606607 -1.798162
v -1.416086 0.595996 -1.815993
v -1.381786 0.463747 -1.741039
v -1.415918 0.459211 -1.761300
v -1.381998 0.310227 -1.730855
v -1.416071 0.312219 -1.751550
v -1.382495 0.161074 -1.768611
v -1.416530 0.169408 -1.787701
v -1.383229 0.030889 -1.850606
v -1.417249 0.044758 -1.866208
v -1.384127 -0.067584 -1.968818
v -1.418160 -0.049528 -1.979395
v -1.090475 -0.135164 -2.267593
v -1.089441 -0.124983 -2.114076
v -1.091406 -0.097407 -2.416741
v -1.092143 -0.015407 -2.546926
v -1.092611 0.102809 -2.645398
v -1.092768 0.245668 -2.702523
v -1.092595 0.399188 -2.712707
v -1.092113 0.548341 -2.674951
v -1.092595 0.399188 -2.712707
v -1.091364 0.678526 -2.592953
v -1.090427 0.777000 -2.474743
v -1.089389 0.834123 -2.331884
v -1.088354 0.844305 -2.178368
v -1.087423 0.806548 -2.029218
v -1.086687 0.724549 -1.899035
v -1.086219 0.606333 -1.800562
v -1.086061 0.463473 -1.743438
v -1.086234 0.309953 -1.733256
v -1.086717 0.160800 -1.771010
v -1.087465 0.030615 -1.853007
v -1.088402 -0.067859 -1.971218
v 0.128121 1.399185 1.869609
v 0.143613 1.413045 1.869450
v 0.143900 1.413045 1.897416
v 0.128408 1.399185 1.897575
v 0.149284 1.431979 1.869391
v 0.149571 1.431979 1.897358
v 0.143613 1.450912 1.869450
v 0.143900 1.450912 1.897416
v 0.128121 1.464773 1.869609
v 0.128408 1.464773 1.897575
v 0.106959 1.469846 1.869827
v 0.107246 1.469846 1.897793
v 0.085795 1.464773 1.870045
v 0.086083 1.464773 1.898011
v 0.070304 1.450912 1.870203
v 0.070591 1.450912 1.898170
v 0.064634 1.431979 1.870262
v 0.064920 1.431979 1.898228
v 0.070304 1.413045 1.870203
v 0.070591 1.413045 1.898170
v 0.085795 1.399185 1.870045
v 0.086083 1.399185 1.898011
v 0.106959 1.394112 1.869827
v 0.107246 1.394112 1.897793
v 0.128408 1.399185 1.897575
v 0.143900 1.413045 1.897416
v 0.165008 1.402142 1.897200
v 0.140595 1.380300 1.897450
v 0.149571 1.431979 1.897358
v 0.173944 1.431979 1.897108
v 0.143900 1.450912 1.897416
v 0.165008 1.461815 1.897200
v 0.143900 1.450912 1.897416
v 0.128408 1.464773 1.897575
v 0.140595 1.483657 1.897450
v 0.165008 1.461815 1.897200
v 0.128408 1.464773 1.897575
v 0.107246 1.469846 1.897793
v 0.107246 1.491652 1.897793
v 0.140595 1.483657 1.897450
v 0.107246 1.469846 1.897793
v 0.086083 1.464773 1.898011
v 0.073896 1.483657 1.898136
v 0.107246 1.491652 1.897793
v 0.070591 1.450912 1.898170
v 0.049482 1.461815 1.898386
v 0.070591 1.450912 1.898170
v 0.064920 1.431979 1.898228
v 0.040547 1.431979 1.898478
v 0.049482 1.461815 1.898386
v 0.064920 1.431979 1.898228
v 0.070591 1.413045 1.898170
v 0.049482 1.402142 1.898386
v 0.040547 1.431979 1.898478
v 0.086083 1.399185 1.898011
v 0.073896 1.380300 1.898136
v 0.049482 1.402142 1.898386
v 0.107246 1.394112 1.897793
v 0.107246 1.372305 1.897793
v 0.073896 1.380300 1.898136
v 0.140595 1.380300 1.897450
v 0.107246 1.372305 1.897793
v 0.140595 1.380300 1.897450
v 0.165008 1.402142 1.897200
v 0.165636 1.402142 1.958321
v 0.141223 1.380300 1.958572
v 0.173944 1.431979 1.897108
v 0.174573 1.431979 1.958229
v 0.165008 1.461815 1.897200
v 0.165636 1.461815 1.958321
v 0.140595 1.483657 1.897450
v 0.141223 1.483657 1.958572
v 0.107246 1.491652 1.897793
v 0.107874 1.491652 1.958914
v 0.073896 1.483657 1.898136
v 0.074524 1.483657 1.959257
v 0.049482 1.461815 1.898386
v 0.050111 1.461815 1.959508
v 0.040547 1.431979 1.898478
v 0.041175 1.431979 1.959600
v 0.049482 1.402142 1.898386
v 0.050111 1.402142 1.959508
v 0.073896 1.380300 1.898136
v 0.074524 1.380300 1.959257
v 0.107246 1.372305 1.897793
v 0.107874 1.372305 1.958914
v 0.141223 1.380300 1.958572
v 0.165636 1.402142 1.958321
v 0.153759 1.408278 1.958442
v 0.134365 1.390927 1.958642
v 0.174573 1.431979 1.958229
v 0.160857 1.431979 1.958370
v 0.153759 1.408278 1.958442
v 0.165636 1.461815 1.958321
v 0.153759 1.455680 1.958442
v 0.160857 1.431979 1.958370
v 0.165636 1.461815 1.958321
v 0.141223 1.483657 1.958572
v 0.134365 1.473031 1.958642
v 0.153759 1.455680 1.958442
v 0.141223 1.483657 1.958572
v 0.107874 1.491652 1.958914
v 0.107874 1.479381 1.958914
v 0.134365 1.473031 1.958642
v 0.107874 1.491652 1.958914
v 0.074524 1.483657 1.959257
v 0.081383 1.473031 1.959186
v 0.107874 1.479381 1.958914
v 0.050111 1.461815 1.959508
v 0.061989 1.455680 1.959386
v 0.081383 1.473031 1.959186
v 0.041175 1.431979 1.959600
v 0.054891 1.431979 1.959459
v 0.050111 1.402142 1.959508
v 0.061989 1.408278 1.959386
v 0.054891 1.431979 1.959459
v 0.050111 1.402142 1.959508
v 0.074524 1.380300 1.959257
v 0.081383 1.390927 1.959186
v 0.061989 1.408278 1.959386
v 0.074524 1.380300 1.959257
v 0.107874 1.372305 1.958914
v 0.107874 1.384576 1.958914
v 0.081383 1.390927 1.959186
v 0.107874 1.372305 1.958914
v 0.107874 1.384576 1.958914
v 0.134365 1.390927 1.958642
v 0.153759 1.408278 1.958442
v 0.151791 1.409133 1.928101
v 0.133097 1.392408 1.928293
v 0.160857 1.431979 1.958370
v 0.158633 1.431979 1.928032
v 0.153759 1.455680 1.958442
v 0.151791 1.454824 1.928101
v 0.134365 1.473031 1.958642
v 0.133097 1.471549 1.928293
v 0.107874 1.479381 1.958914
v 0.107563 1.477670 1.928556
v 0.081383 1.473031 1.959186
v 0.082026 1.471549 1.928818
v 0.061989 1.455680 1.959386
v 0.063333 1.454824 1.929011
v 0.054891 1.431979 1.959459
v 0.056491 1.431979 1.929082
v 0.061989 1.408278 1.959386
v 0.063333 1.409133 1.929011
v 0.081383 1.390927 1.959186
v 0.082026 1.392408 1.928818
v 0.107874 1.384576 1.958914
v 0.107563 1.386287 1.928556
v -0.956520 0.377704 -2.246860
v -0.956019 0.368501 -2.198226
v 0.015526 0.678126 -2.208210
v 0.015026 0.687329 -2.256844
v 0.015026 0.610342 -2.256844
v 0.015526 0.621661 -2.208210
v -0.956019 0.339564 -2.198226
v -0.956520 0.328246 -2.246860
v -0.956019 0.339564 -2.198226
v 0.015526 0.621661 -2.208210
v 0.015526 0.678126 -2.208210
v -0.956019 0.368501 -2.198226
v 0.015026 0.687329 -2.256844
v 0.015026 0.610342 -2.256844
v -0.956520 0.328246 -2.246860
v -0.956520 0.377704 -2.246860
v 0.986571 0.328246 -2.266830
v 0.986571 0.377704 -2.266830
v 0.986571 0.328246 -2.266830
v 0.987072 0.339564 -2.218196
v 0.987072 0.339564 -2.218196
v 0.987072 0.368501 -2.218196
v 0.987072 0.368501 -2.218196
v 0.986571 0.377704 -2.266830
v 1.391397 0.434701 -2.266493
v 1.401790 0.434701 -2.266600
v 1.401739 0.419572 -2.271620
v 1.391345 0.419572 -2.271513
v 1.391345 0.419572 -2.271513
v 1.401739 0.419572 -2.271620
v 1.401847 0.407660 -2.261029
v 1.391454 0.407660 -2.260922
v 1.391454 0.407660 -2.260922
v 1.401847 0.407660 -2.261029
v 1.402008 0.410877 -2.245417
v 1.391615 0.410877 -2.245310
v 1.391615 0.410877 -2.245310
v 1.402008 0.410877 -2.245417
v 1.402059 0.426006 -2.240398
v 1.391666 0.426006 -2.240292
v 1.391666 0.426006 -2.240292
v 1.402059 0.426006 -2.240398
v 1.401951 0.437918 -2.250989
v 1.391557 0.437918 -2.250883
v 1.391557 0.437918 -2.250883
v 1.401951 0.437918 -2.250989
v 1.401790 0.434701 -2.266600
v 1.391397 0.434701 -2.266493
v 1.401951 0.437918 -2.250989
v 1.401847 0.407660 -2.261029
v 1.401739 0.419572 -2.271620
v 1.401790 0.434701 -2.266600
v 1.402059 0.426006 -2.240398
v 1.402008 0.410877 -2.245417
v 1.391312 0.296643 -2.274716
v 1.401706 0.296643 -2.274823
v 1.401611 0.309662 -2.284021
v 1.391217 0.309662 -2.283914
v 1.391217 0.309662 -2.283914
v 1.401611 0.309662 -2.284021
v 1.401448 0.308206 -2.299892
v 1.391055 0.308206 -2.299786
v 1.391055 0.308206 -2.299786
v 1.401448 0.308206 -2.299892
v 1.401380 0.293731 -2.306568
v 1.390986 0.293731 -2.306461
v 1.390986 0.293731 -2.306461
v 1.401380 0.293731 -2.306568
v 1.401475 0.280712 -2.297370
v 1.391081 0.280712 -2.297263
v 1.391081 0.280712 -2.297263
v 1.401475 0.280712 -2.297370
v 1.401637 0.282168 -2.281498
v 1.391243 0.282168 -2.281391
v 1.391243 0.282168 -2.281391
v 1.401637 0.282168 -2.281498
v 1.401706 0.296643 -2.274823
v 1.391312 0.296643 -2.274716
v 1.401637 0.282168 -2.281498
v 1.401475 0.280712 -2.297370
v 1.401611 0.309662 -2.284021
v 1.401706 0.296643 -2.274823
v 1.401380 0.293731 -2.306568
v 1.401448 0.308206 -2.299892
v -1.217400 1.304371 0.250055
v -1.238013 1.288767 0.247371
v -1.421834 1.313303 0.209555
v -1.439122 1.333595 0.205440
v -1.443448 1.416031 0.200334
v -1.424745 1.432433 0.202645
v -1.222524 1.405259 0.243780
v -1.207318 1.384521 0.247563
v -0.143159 0.515560 1.095014
v -0.134633 0.515560 1.924491
v -0.221176 0.690397 2.100226
v -0.221176 0.914659 2.100226
v -0.231498 0.914659 1.095921
v 0.330410 0.914659 1.090146
v 0.340732 0.914659 2.094451
v 0.340732 0.690397 2.094451
v 0.250597 0.515560 1.920532
v 0.242071 0.515560 1.091054
vn -0.5594 0.1679 0.8117
vn -0.5914 -0.0567 0.8044
vn -0.5180 0.1110 0.8482
vn 0.5321 -0.0115 0.8466
vn 0.5915 -0.2485 0.7671
vn 0.6774 0.1188 0.7260
vn -0.0103 -0.0000 -0.9999
vn -0.2291 0.5521 -0.8017
vn -0.8062 0.5521 -0.2126
vn -0.1158 0.9868 -0.1134
vn -0.1134 0.9868 0.1158
vn -0.8017 0.5521 0.2291
vn -0.2125 0.5519 0.8063
vn 0.2126 0.5521 -0.8062
vn 0.1134 0.9868 -0.1158
vn 0.8017 0.5521 -0.2290
vn 0.8063 0.5521 0.2126
vn 0.1158 0.9868 0.1135
vn 0.2291 0.5519 0.8018
vn 0.0103 -0.0000 0.9999
vn -0.9999 -0.0001 0.0103
vn -0.9999 -0.0001 0.0120
vn 1.0000 -0.0002 -0.0049
vn 0.9999 -0.0002 -0.0103
vn -0.9999 -0.0000 0.0103
vn -0.9999 -0.0000 0.0121
vn 1.0000 0.0001 -0.0046
vn -0.9999 -0.0000 0.0102
vn 1.0000 -0.0001 -0.0045
vn 0.9999 -0.0002 -0.0156
vn -1.0000 -0.0000 0.0084
vn -1.0000 -0.0000 0.0085
vn -1.0000 -0.0001 0.0085
vn -0.0000 1.0000 -0.0000
vn -0.0001 1.0000 -0.0000
vn -0.4915 -0.8701 -0.0363
vn -0.4912 -0.8704 -0.0332
vn -0.4678 -0.8750 0.1246
vn 0.5718 -0.8192 -0.0440
vn 0.5716 -0.8194 -0.0440
vn 0.4866 -0.8732 -0.0263
vn -0.0474 0.1482 -0.9878
vn -0.1361 0.0277 -0.9903
vn -0.0350 0.3748 -0.9265
vn 0.0038 0.3769 -0.9263
vn 0.1081 0.0293 -0.9937
vn 0.0213 0.1495 -0.9885
vn 0.5863 -0.8072 0.0681
vn 0.5730 -0.8186 -0.0396
vn 0.5728 -0.8187 -0.0407
vn -0.4480 -0.8939 -0.0148
vn -0.4918 -0.8698 -0.0411
vn -0.4919 -0.8697 -0.0412
vn 0.0238 -0.1183 -0.9927
vn 0.1095 -0.0358 -0.9933
vn 0.0119 -0.2276 -0.9737
vn -0.1348 -0.0388 -0.9901
vn -0.0410 -0.1200 -0.9919
vn -0.0246 -0.2301 -0.9728
vn -0.7008 -0.2433 -0.6706
vn -0.9564 -0.1563 -0.2466
vn -0.4591 -0.0000 -0.8884
vn -0.0093 -0.4201 -0.9074
vn -0.0095 -0.3832 -0.9236
vn 0.6868 -0.2434 -0.6848
vn 0.9999 -0.0000 -0.0103
vn 0.9512 -0.1563 -0.2662
vn 0.4407 -0.0003 -0.8977
vn 0.0798 -0.9794 0.1857
vn 0.0008 -0.9969 0.0793
vn 0.0695 -0.9953 0.0678
vn 0.4040 -0.9066 0.1220
vn 0.2476 -0.9608 0.1249
vn 0.1956 -0.9727 0.1246
vn 0.6045 -0.7852 0.1343
vn 0.5136 -0.8301 0.2172
vn 0.9982 -0.0580 0.0125
vn 0.9994 -0.0350 0.0035
vn 0.9961 -0.0800 0.0371
vn 0.9962 -0.0835 0.0259
vn 0.9904 -0.0520 0.1282
vn 0.1422 -0.9208 -0.3632
vn -0.8793 0.4763 -0.0051
vn -0.9639 0.2640 -0.0340
vn -0.9820 0.1842 0.0424
vn -0.9946 0.0666 -0.0799
vn -0.9713 0.2326 -0.0493
vn -0.9534 0.2948 -0.0649
vn -0.9422 0.3349 0.0036
vn -0.9719 0.2270 0.0622
vn -0.9195 0.3896 0.0519
vn -0.9582 0.2861 0.0038
vn -0.7012 0.7107 0.0567
vn -0.7726 0.6277 -0.0955
vn -0.8123 0.5805 -0.0560
vn -0.8438 -0.5335 -0.0577
vn -0.9857 -0.1669 0.0245
vn -0.8530 -0.5215 0.0190
vn -0.9929 -0.1129 0.0369
vn -0.8359 -0.5476 -0.0377
vn -0.8362 -0.5477 0.0281
vn 0.0298 -0.9893 0.1426
vn -0.0705 -0.7468 0.6613
vn -0.0526 -0.8151 0.5770
vn -0.9959 0.0585 -0.0684
vn -0.9020 -0.2138 -0.3751
vn -0.9971 -0.0323 -0.0683
vn 0.9891 0.0928 -0.1146
vn 0.9962 0.0054 -0.0872
vn 0.9892 0.0876 -0.1179
vn 0.9962 -0.0003 -0.0872
vn -0.7991 -0.5340 -0.2760
vn -0.9951 0.0634 -0.0755
vn -0.3953 0.9185 0.0067
vn -0.8191 0.5734 0.0201
vn -0.3584 0.9336 0.0037
vn -0.8003 -0.0831 -0.5939
vn -0.6449 -0.3742 -0.6664
vn -0.8000 -0.0837 -0.5941
vn -0.0002 -1.0000 0.0084
vn -0.0181 0.9994 0.0303
vn -0.9961 0.0842 -0.0245
vn 0.2917 0.1659 -0.9420
vn -0.0486 0.2103 -0.9764
vn 0.0790 0.2198 -0.9723
vn -0.9894 0.1070 0.0985
vn -0.9860 -0.1640 0.0286
vn 0.0003 -1.0000 -0.0052
vn 0.0002 -1.0000 -0.0054
vn 0.0007 -1.0000 -0.0063
vn -0.8099 0.5849 -0.0447
vn -0.7013 0.7093 0.0717
vn -0.9925 0.1131 0.0458
vn -0.0282 0.9995 0.0141
vn -0.0496 0.9986 0.0183
vn -0.0108 0.9999 0.0110
vn 0.0791 0.9945 -0.0686
vn 0.0001 -1.0000 -0.0065
vn -0.0000 -1.0000 -0.0062
vn 0.9953 0.0011 -0.0966
vn 0.9964 0.0004 -0.0851
vn 0.9962 0.0005 -0.0871
vn 0.9892 0.1170 -0.0883
vn -0.9921 0.0895 0.0885
vn -0.9889 0.0176 0.1473
vn -0.0090 0.9999 0.0082
vn -0.0091 0.9999 0.0085
vn -0.0003 1.0000 -0.0008
vn -0.0000 1.0000 -0.0006
vn 0.0113 0.9984 0.0552
vn 0.0189 0.9982 0.0562
vn 0.0451 0.9984 0.0341
vn 0.0109 0.0011 0.9999
vn 0.0128 0.0080 0.9999
vn 0.0141 0.0134 0.9998
vn 0.0018 0.9983 0.0585
vn -0.0143 0.9989 0.0444
vn -0.0760 -0.9794 0.1873
vn -0.0681 -0.9953 0.0692
vn -0.4014 -0.9066 0.1303
vn -0.1930 -0.9727 0.1286
vn -0.2449 -0.9608 0.1300
vn -0.5090 -0.8301 0.2277
vn -0.6016 -0.7852 0.1467
vn -0.9846 -0.1720 -0.0308
vn -0.9948 -0.1004 0.0181
vn -0.9881 -0.1339 0.0762
vn -0.9985 -0.0452 0.0304
vn -0.9996 -0.0204 0.0183
vn -0.9912 -0.1094 0.0750
vn -0.9875 -0.0520 0.1485
vn -0.1496 -0.9208 -0.3602
vn 0.8790 0.4763 -0.0232
vn 0.9826 0.1842 0.0222
vn 0.9630 0.2640 -0.0538
vn 0.9927 0.0666 -0.1003
vn 0.9518 0.2948 -0.0844
vn 0.9701 0.2326 -0.0692
vn 0.9421 0.3349 -0.0158
vn 0.9204 0.3896 0.0330
vn 0.9730 0.2270 0.0422
vn 0.7023 0.7107 0.0423
vn 0.9581 0.2861 -0.0159
vn 0.7704 0.6277 -0.1114
vn 0.8110 0.5805 -0.0727
vn 0.8425 -0.5335 -0.0750
vn 0.8533 -0.5215 0.0015
vn 0.9860 -0.1669 0.0042
vn 0.9935 -0.1129 0.0164
vn 0.8366 -0.5477 0.0110
vn 0.8350 -0.5476 -0.0548
vn -0.0269 -0.9893 0.1432
vn 0.0644 -0.8151 0.5757
vn 0.0841 -0.7468 0.6597
vn 0.9943 0.0585 -0.0888
vn 0.9955 -0.0323 -0.0888
vn 0.8941 -0.2138 -0.3935
vn -0.9912 0.0928 -0.0943
vn -0.9914 0.0876 -0.0976
vn -0.9978 0.0053 -0.0668
vn -0.9978 -0.0003 -0.0667
vn 0.7933 -0.5341 -0.2923
vn 0.9934 0.0634 -0.0960
vn 0.3953 0.9185 -0.0014
vn 0.3584 0.9336 -0.0037
vn 0.8193 0.5734 0.0033
vn 0.7879 -0.0831 -0.6102
vn 0.7876 -0.0837 -0.6104
vn 0.6311 -0.3742 -0.6795
vn 0.0003 -1.0000 0.0084
vn 0.0187 0.9994 0.0299
vn 0.9954 0.0842 -0.0450
vn -0.3111 0.1659 -0.9358
vn -0.0989 0.2198 -0.9705
vn 0.0285 0.2103 -0.9772
vn 0.9912 0.1070 0.0782
vn 0.9864 -0.1640 0.0084
vn -0.0004 -1.0000 -0.0052
vn -0.0008 -1.0000 -0.0062
vn -0.0003 -1.0000 -0.0054
vn 0.8088 0.5849 -0.0613
vn 0.9932 0.1134 0.0257
vn 0.7026 0.7093 0.0572
vn 0.0285 0.9995 0.0135
vn 0.0111 0.9999 0.0108
vn 0.0500 0.9986 0.0173
vn -0.0805 0.9945 -0.0670
vn -0.0002 -1.0000 -0.0065
vn -0.0001 -1.0000 -0.0062
vn -0.9971 0.0011 -0.0762
vn -0.9978 0.0005 -0.0666
vn -0.9979 0.0004 -0.0649
vn -0.9908 0.1170 -0.0680
vn 0.9937 0.0895 0.0681
vn 0.9917 0.0176 0.1270
vn 0.0092 0.9999 0.0081
vn 0.0003 1.0000 -0.0008
vn 0.0092 0.9999 0.0083
vn -0.0101 0.9984 0.0554
vn -0.0444 0.9984 0.0350
vn -0.0177 0.9982 0.0566
vn 0.0097 0.0011 1.0000
vn 0.0065 0.0133 0.9999
vn 0.0078 0.0080 0.9999
vn -0.0006 0.9983 0.0585
vn 0.0152 0.9989 0.0441
vn -0.2189 0.9753 0.0300
vn -0.2059 0.9778 0.0379
vn -0.1609 0.9868 0.0203
vn -0.4026 0.3771 0.8341
vn -0.1899 0.7220 0.6653
vn -0.9860 -0.0335 0.1634
vn -0.9809 0.0126 -0.1941
vn -0.9782 0.0042 -0.2075
vn -0.9799 0.0094 -0.1991
vn -0.3463 0.9263 -0.1487
vn -0.3764 0.9195 -0.1129
vn -0.2786 0.9444 -0.1747
vn -0.0601 0.9982 -0.0033
vn -0.0614 0.9981 0.0007
vn -0.0615 0.9981 0.0009
vn -0.7749 0.6164 -0.1399
vn -0.8125 0.5799 -0.0594
vn -0.8115 0.5811 -0.0618
vn -0.6705 0.6883 0.2769
vn -0.7570 0.6201 0.2059
vn -0.7471 0.6291 0.2148
vn -0.0695 0.9975 0.0085
vn -0.6726 0.7398 0.0139
vn -0.6698 0.7419 -0.0323
vn 0.1250 0.9822 0.1404
vn -0.0867 0.9955 0.0394
vn -0.0034 0.9963 0.0857
vn -0.0065 0.9215 0.3883
vn -0.4917 0.8409 0.2261
vn -0.0853 0.9692 0.2308
vn -0.0615 0.9785 0.1970
vn -0.0319 0.9607 0.2759
vn 0.1396 0.9671 0.2128
vn -0.0576 0.9492 0.3092
vn 0.0264 0.9777 0.2083
vn -0.0541 0.9949 0.0850
vn -0.0229 0.9991 0.0351
vn -0.1736 0.9760 0.1312
vn -0.0248 0.9298 0.3673
vn -0.0238 0.9280 0.3719
vn 0.0051 0.8671 0.4982
vn 0.0314 0.9280 0.3713
vn 0.0323 0.9298 0.3667
vn -0.3275 0.3721 0.8685
vn -0.0677 0.0427 0.9968
vn -0.0922 0.3764 0.9219
vn -0.0036 0.9380 -0.3465
vn -0.0036 0.9381 -0.3465
vn -0.0727 0.6297 0.7734
vn -0.0307 0.5227 0.8519
vn -0.0133 0.5131 0.8582
vn -0.2260 0.9338 0.2775
vn -0.4886 0.8675 -0.0933
vn -0.5008 0.8611 -0.0876
vn -0.5027 0.8601 -0.0867
vn -0.0185 0.9996 0.0213
vn -0.0311 0.9990 0.0324
vn -0.0300 0.9989 0.0351
vn -0.0071 0.0203 0.9998
vn 0.0103 0.0031 0.9999
vn 0.0277 0.0203 0.9994
vn -0.7046 0.7084 -0.0427
vn 0.0054 0.5544 0.8323
vn -0.0828 0.4673 0.8802
vn -0.0368 0.9321 0.3603
vn -0.0425 0.9936 0.1049
vn -0.0745 0.9548 0.2879
vn 0.2195 0.9753 0.0255
vn 0.1613 0.9868 0.0170
vn 0.2066 0.9778 0.0337
vn 0.4196 0.3770 0.8257
vn 0.9891 -0.0335 0.1431
vn 0.2035 0.7220 0.6613
vn 0.9767 0.0126 -0.2143
vn 0.9756 0.0094 -0.2192
vn 0.9738 0.0042 -0.2276
vn 0.3431 0.9263 -0.1557
vn 0.2749 0.9444 -0.1804
vn 0.3740 0.9196 -0.1206
vn 0.0600 0.9982 -0.0045
vn 0.0615 0.9981 -0.0004
vn 0.0613 0.9981 -0.0006
vn 0.7719 0.6163 -0.1558
vn 0.8101 0.5811 -0.0785
vn 0.8111 0.5799 -0.0761
vn 0.6760 0.6883 0.2630
vn 0.7513 0.6291 0.1994
vn 0.7611 0.6201 0.1903
vn 0.0697 0.9975 0.0071
vn 0.6690 0.7419 -0.0461
vn 0.6728 0.7398 0.0001
vn -0.1221 0.9822 0.1429
vn 0.0052 0.9963 0.0856
vn 0.0875 0.9955 0.0376
vn 0.0145 0.9215 0.3881
vn 0.0900 0.9693 0.2290
vn 0.4963 0.8409 0.2159
vn 0.0656 0.9785 0.1958
vn -0.1352 0.9671 0.2156
vn 0.0376 0.9607 0.2752
vn 0.0639 0.9492 0.3080
vn -0.0221 0.9777 0.2088
vn 0.0558 0.9949 0.0838
vn 0.1762 0.9760 0.1276
vn 0.0236 0.9991 0.0346
vn 0.3453 0.3721 0.8616
vn 0.1111 0.3764 0.9198
vn 0.0882 0.0427 0.9952
vn 0.0885 0.6297 0.7717
vn 0.0309 0.5131 0.8578
vn 0.0482 0.5227 0.8511
vn 0.2316 0.9338 0.2728
vn 0.4866 0.8675 -0.1033
vn 0.5009 0.8601 -0.0970
vn 0.4989 0.8611 -0.0979
vn 0.0189 0.9996 0.0209
vn 0.0307 0.9989 0.0345
vn 0.0317 0.9990 0.0317
vn 0.7035 0.7084 -0.0572
vn 0.0117 0.5543 0.8322
vn 0.1009 0.4673 0.8783
vn 0.0442 0.9321 0.3594
vn 0.0804 0.9548 0.2863
vn 0.0448 0.9936 0.1040
vn -0.9993 -0.0376 -0.0043
vn -0.9944 -0.1051 -0.0097
vn 0.9949 -0.1004 -0.0024
vn 0.9990 -0.0378 -0.0248
vn 0.9940 -0.1050 -0.0301
vn 0.9838 -0.1720 -0.0510
vn 0.9894 -0.1339 0.0558
vn 0.9950 -0.0994 -0.0021
vn -0.9949 -0.0995 0.0184
vn 0.5235 -0.2334 0.8195
vn 0.5648 -0.0948 0.8197
vn -0.3861 0.3248 0.8634
vn -0.3591 0.3318 0.8723
vn 0.8493 -0.5277 0.0129
vn 0.9164 -0.4003 0.0035
vn 0.4529 -0.3730 -0.8098
vn 0.4484 -0.3751 -0.8113
vn -0.4879 0.2100 -0.8473
vn -0.5416 0.0328 -0.8400
vn -0.8403 0.5400 0.0488
vn -0.9221 0.3851 0.0383
vn -0.9221 0.3851 0.0384
vn -0.8403 0.5399 0.0488
vn 0.5900 -0.0350 0.8067
vn -0.4241 0.3032 0.8533
vn 0.9381 -0.3447 -0.0337
vn 0.4507 -0.3764 -0.8094
vn -0.5059 -0.0821 -0.8587
vn -0.9627 0.2697 -0.0210
vn -0.5211 0.8534 0.0099
vn 0.1444 0.9895 0.0037
vn 0.0609 0.3866 0.9203
vn -0.2102 0.3416 0.9160
vn -0.2290 0.3511 -0.9079
vn 0.0429 0.3960 -0.9173
vn 0.1446 0.9895 0.0038
vn -0.5211 0.8534 0.0098
vn 0.3312 -0.5171 -0.7892
vn -0.0734 -0.6014 -0.7955
vn 0.5435 -0.8393 -0.0099
vn -0.0975 -0.9952 -0.0040
vn 0.3473 -0.5252 0.7769
vn -0.0577 -0.6095 0.7907
vn 0.3362 0.9418 0.0012
vn 0.1660 0.4366 0.8842
vn 0.1488 0.4452 -0.8830
vn -0.1928 -0.5336 -0.8234
vn -0.3250 -0.9457 -0.0014
vn -0.1769 -0.5420 0.8215
vn -0.0048 0.8854 -0.4649
vn -0.0103 0.0400 -0.9991
vn -0.0104 0.0401 -0.9991
vn -0.0103 0.0401 -0.9991
vn -0.0055 -0.8453 -0.5343
vn 0.0048 -0.8854 0.4649
vn 0.0103 -0.0399 0.9991
vn 0.0102 -0.0402 0.9991
vn 0.0101 -0.0405 0.9991
vn 0.0055 0.8453 0.5343
vn -0.9999 -0.0000 0.0104
vn -0.0102 0.0933 -0.9956
vn -0.0102 0.0934 -0.9956
vn -0.0059 -0.8156 -0.5786
vn 0.0043 -0.9089 0.4170
vn 0.0102 -0.0934 0.9956
vn 0.0059 0.8156 0.5786
vn 0.0060 0.8156 0.5786
vn -0.0043 0.9089 -0.4170
vn 0.8401 -0.5423 -0.0086
vn 0.8402 -0.5422 -0.0086
vn 0.8401 0.5423 -0.0086
vn 0.8402 0.5422 -0.0086
vn -0.8402 0.5423 0.0086
vn -0.8402 -0.5423 0.0086
vn -0.8402 -0.5422 0.0086
vn -0.0000 -1.0000 -0.0000
vn 0.0103 -0.0001 0.9999
vn 0.0103 0.0001 0.9999
vn -0.0088 0.5076 -0.8616
vn -0.0089 0.5076 -0.8616
vn -0.0089 -0.4924 -0.8703
vn -0.0001 -1.0000 -0.0088
vn 0.0089 -0.5076 0.8616
vn 0.0089 -0.5076 0.8615
vn 0.0090 0.4924 0.8703
vn 0.0089 0.4924 0.8703
vn 0.0001 1.0000 0.0088
vn 0.9999 -0.0000 -0.0102
vn -0.0099 -0.2524 -0.9676
vn -0.0027 -0.9642 -0.2652
vn 0.0072 -0.7117 0.7024
vn 0.0072 -0.7118 0.7024
vn 0.0099 0.2525 0.9676
vn 0.0099 0.2524 0.9676
vn 0.0027 0.9642 0.2652
vn -0.0072 0.7118 -0.7024
vn 0.9999 -0.0001 -0.0103
vn 0.8402 -0.5423 -0.0087
vn 0.8401 0.5423 -0.0087
vn 0.0103 -0.0002 0.9999
vn 0.8401 -0.5423 -0.0087
vn 0.8402 0.5423 -0.0087
vn -0.8402 0.5422 0.0086
vn 0.9999 -0.0000 -0.0104
vn 0.0097 0.3322 0.9432
vn -0.0098 -0.2913 -0.9566
vn -0.0103 0.0136 -0.9999
vn -0.0053 -0.8592 -0.5116
vn 0.0050 -0.8727 0.4882
vn 0.0103 -0.0135 0.9999
vn 0.0052 0.8592 0.5117
vn 0.0053 0.8592 0.5117
vn -0.0050 0.8727 -0.4882
vn 0.8402 -0.5422 -0.0087
vn -0.8401 0.5423 0.0087
vn -0.8401 -0.5423 0.0086
vn -0.8402 -0.5422 0.0087
vn 0.1105 0.0304 0.9934
vn 0.1103 0.1518 0.9822
vn -0.7493 0.3857 0.5384
vn -0.7037 0.4799 0.5239
vn 0.7864 -0.4290 0.4445
vn 0.8468 -0.2382 0.4757
vn 0.7589 -0.4895 -0.4295
vn 0.7872 -0.4070 -0.4633
vn 0.0134 -0.1066 -0.9942
vn -0.0619 -0.1939 -0.9791
vn -0.7806 0.4194 -0.4633
vn -0.8692 0.2124 -0.4465
vn -0.8692 0.2125 -0.4465
vn -0.7807 0.4194 -0.4633
vn 0.8815 -0.1892 0.4326
vn 0.0849 0.2022 0.9757
vn 0.7500 -0.3818 -0.5402
vn -0.0990 -0.2132 -0.9720
vn -0.8619 0.1260 -0.4911
vn -0.8099 0.3432 0.4756
vn -0.4194 0.7145 0.5600
vn 0.1661 0.8167 0.5527
vn -0.0205 -0.1553 0.9877
vn 0.0926 -0.1217 0.9882
vn -0.4309 0.7147 -0.5510
vn 0.1551 0.8165 -0.5561
vn 0.0725 -0.1219 -0.9899
vn -0.0404 -0.1552 -0.9871
vn 0.1551 0.8166 -0.5560
vn -0.4307 0.7148 -0.5510
vn 0.4809 -0.7615 -0.4345
vn -0.1333 -0.8974 -0.4206
vn 0.4896 -0.7614 0.4249
vn -0.1247 -0.8974 0.4231
vn 0.3258 0.8098 -0.4880
vn 0.3357 0.8098 0.4811
vn -0.0240 -0.0400 -0.9989
vn -0.3324 -0.8296 -0.4485
vn -0.3231 -0.8297 0.4553
vn -0.0034 -0.0399 0.9992
vn 0.0013 -0.9921 0.1257
vn 0.0095 -0.3871 0.9220
vn 0.0096 -0.3871 0.9220
vn 0.0082 0.6049 0.7963
vn -0.0013 0.9921 -0.1257
vn -0.0095 0.3872 -0.9219
vn -0.0096 0.3872 -0.9219
vn -0.0082 -0.6049 -0.7962
vn -0.9999 -0.0000 0.0101
vn -0.9999 0.0001 0.0103
vn -0.5651 -0.3116 0.7639
vn 0.0630 -0.3064 -0.9498
vn 0.1280 -0.2384 -0.9627
vn -0.5769 -0.3322 0.7462
vn 0.0631 -0.3062 -0.9499
vn 0.6586 0.6129 -0.4367
vn 0.6631 0.6379 -0.3917
vn 0.1282 -0.2381 -0.9628
vn 0.0939 0.5050 0.8580
vn 0.1981 0.5950 0.7790
vn -0.0066 0.7632 -0.6461
vn 0.0064 0.7858 0.6185
vn 0.0063 0.7858 0.6185
vn -0.0067 0.7632 -0.6461
vn -0.0064 -0.7856 -0.6186
vn 0.0066 -0.7634 0.6459
vn 0.0068 -0.7634 0.6459
vn -0.0063 -0.7856 -0.6186
vn 0.0067 -0.7635 0.6458
vn 0.0066 -0.7635 0.6458
vn 0.0063 0.7859 0.6184
vn 0.0064 0.7859 0.6184
vn -0.0064 -0.7859 -0.6184
vn -0.0063 -0.7859 -0.6184
vn -0.0066 0.7635 -0.6458
vn -0.0067 0.7635 -0.6458
vn -0.0090 0.4933 -0.8698
vn -0.0089 0.4933 -0.8698
vn -0.9379 -0.3058 -0.1638
vn -0.6388 -0.6720 -0.3745
vn -0.2718 0.1679 -0.9476
vn -0.3972 0.3194 -0.8603
vn -0.9856 0.1423 0.0908
vn -0.4183 0.5057 -0.7545
vn -0.7693 0.5523 0.3211
vn -0.3295 0.6766 -0.6585
vn -0.3468 0.8143 0.4654
vn -0.1546 0.7864 -0.5980
vn 0.1686 0.8582 0.4849
vn 0.0595 0.8057 -0.5893
vn 0.6388 0.6720 0.3745
vn 0.2556 0.7294 -0.6346
vn 0.9379 0.3058 0.1638
vn 0.3810 0.5778 -0.7218
vn 0.9856 -0.1423 -0.0908
vn 0.4021 0.3915 -0.8277
vn 0.7693 -0.5523 -0.3211
vn 0.3133 0.2206 -0.9237
vn 0.3468 -0.8144 -0.4654
vn 0.1384 0.1108 -0.9842
vn -0.1686 -0.8582 -0.4849
vn -0.0758 0.0915 -0.9929
vn 0.3640 0.7955 -0.4844
vn 0.5408 0.5821 -0.6072
vn 0.5707 0.3197 -0.7563
vn 0.4458 0.0789 -0.8916
vn 0.1995 -0.0760 -0.9769
vn -0.1022 -0.1034 -0.9894
vn -0.3784 0.0040 -0.9256
vn -0.5553 0.2175 -0.8027
vn -0.5852 0.4798 -0.6537
vn -0.4603 0.7207 -0.5184
vn -0.2140 0.8756 -0.4331
vn 0.0877 0.9030 -0.4207
vn 0.6300 0.6783 0.3782
vn 0.9339 0.3151 0.1691
vn 0.9875 -0.1324 -0.0853
vn 0.7766 -0.5446 -0.3168
vn 0.3576 -0.8108 -0.4634
vn -0.1573 -0.8598 -0.4859
vn -0.6299 -0.6784 -0.3782
vn -0.9338 -0.3152 -0.1691
vn -0.9875 0.1324 0.0852
vn -0.7766 0.5446 0.3168
vn -0.3576 0.8108 0.4634
vn 0.1572 0.8597 0.4859
vn 0.9338 0.3152 0.1691
vn 0.6299 0.6783 0.3782
vn 0.3784 -0.0040 0.9256
vn 0.5551 -0.2173 0.8029
vn 0.5853 -0.4796 0.6538
vn 0.7766 -0.5445 -0.3168
vn 0.4605 -0.7205 0.5185
vn 0.3576 -0.8108 -0.4635
vn 0.2143 -0.8755 0.4331
vn -0.1572 -0.8597 -0.4859
vn -0.0874 -0.9030 0.4206
vn -0.6299 -0.6783 -0.3782
vn -0.3637 -0.7957 0.4843
vn -0.5407 -0.5823 0.6071
vn -0.9875 0.1324 0.0853
vn -0.5708 -0.3200 0.7562
vn -0.4460 -0.0791 0.8915
vn -0.1998 0.0760 0.9769
vn 0.1573 0.8597 0.4859
vn 0.1019 0.1035 0.9894
vn -0.2556 -0.7294 0.6346
vn -0.3809 -0.5778 0.7219
vn -0.4021 -0.3916 0.8277
vn -0.3133 -0.2206 0.9237
vn -0.1384 -0.1108 0.9842
vn 0.0758 -0.0915 0.9929
vn 0.2718 -0.1678 0.9476
vn 0.3972 -0.3194 0.8603
vn 0.4184 -0.5057 0.7545
vn 0.3296 -0.6766 0.6585
vn 0.1546 -0.7864 0.5980
vn -0.0595 -0.8058 0.5892
vn -0.6389 -0.6720 -0.3745
vn -0.9856 0.1424 0.0908
vn -0.7693 0.5524 0.3211
vn 0.1686 0.8581 0.4849
vn 0.6389 0.6720 0.3745
vn 0.7693 -0.5524 -0.3211
vn -0.7138 0.0364 -0.6994
vn -0.6994 0.0364 0.7139
vn -0.6993 0.0364 0.7139
vn -0.7139 0.0364 -0.6993
vn 0.6993 0.0364 -0.7139
vn 0.7137 0.0363 0.6995
vn 0.7137 0.0364 0.6995
vn 0.6994 0.0364 -0.7138
vn 0.7140 0.0364 0.6992
vn 0.7140 0.0363 0.6992
vn -0.5129 -0.2579 0.8188
vn 0.3892 0.2846 0.8761
vn 0.3945 0.2777 0.8759
vn -0.5454 -0.0529 0.8365
vn -0.8627 -0.5053 0.0187
vn -0.9417 -0.3363 0.0107
vn -0.4984 -0.3437 -0.7959
vn -0.4382 -0.3246 -0.8382
vn 0.4442 0.1996 -0.8734
vn 0.5780 0.0163 -0.8159
vn 0.8580 0.5131 0.0242
vn 0.9467 0.3120 0.0795
vn 0.9467 0.3120 0.0796
vn 0.4404 0.2774 0.8539
vn -0.5588 -0.0164 0.8292
vn -0.9463 -0.3173 -0.0621
vn -0.3586 -0.3112 -0.8801
vn 0.6115 -0.0119 -0.7911
vn 0.9646 0.2591 0.0480
vn 0.9646 0.2592 0.0480
vn 0.5272 0.8497 0.0047
vn 0.2293 0.3361 0.9135
vn -0.0324 0.3748 0.9265
vn -0.1113 0.9937 0.0132
vn 0.2105 0.3577 -0.9098
vn 0.5273 0.8497 0.0047
vn -0.1111 0.9937 0.0132
vn -0.0534 0.3965 -0.9165
vn -0.3567 -0.5080 -0.7840
vn 0.0297 -0.6003 -0.7992
vn -0.5594 -0.8289 -0.0039
vn 0.0610 -0.9981 -0.0121
vn -0.3406 -0.5263 0.7791
vn 0.0472 -0.6186 0.7843
vn -0.1470 0.4311 0.8903
vn -0.3361 0.9417 0.0141
vn -0.3360 0.9417 0.0141
vn -0.1676 0.4508 -0.8768
vn 0.1751 -0.5282 -0.8309
vn 0.3248 -0.9457 -0.0144
vn 0.1944 -0.5474 0.8140
vn -0.3796 0.9252 0.0039
vn -0.3795 0.9252 0.0039
vn -0.9993 0.0353 0.0103
vn -0.9993 0.0351 0.0103
vn -0.5714 -0.8206 0.0059
vn -0.5714 -0.8206 0.0058
vn -0.5715 -0.8206 0.0059
vn -0.5716 -0.8205 0.0059
vn 0.3796 -0.9251 -0.0039
vn 0.3795 -0.9252 -0.0039
vn 0.9993 -0.0355 -0.0103
vn 0.9993 -0.0352 -0.0103
vn 0.5714 0.8206 -0.0059
vn 0.5715 0.8206 -0.0059
vn 0.0102 0.0001 0.9999
vn 0.0100 -0.0001 1.0000
vn 0.0085 0.5648 0.8252
vn 0.0099 0.2822 0.9593
vn -0.0081 0.6103 -0.7921
vn -0.0029 0.9594 -0.2822
vn 0.0034 0.9420 0.3356
vn -0.0097 0.3356 -0.9419
vn 0.4719 -0.8816 0.0072
vn 0.4718 -0.8817 0.0072
vn 0.9973 0.0667 0.0302
vn 0.9973 0.0668 0.0302
vn 0.4845 0.8745 0.0212
vn 0.4845 0.8746 0.0212
vn 0.4844 0.8746 0.0212
vn -0.4719 0.8816 -0.0072
vn -0.4719 0.8816 -0.0073
vn -0.9973 -0.0668 -0.0301
vn -0.9973 -0.0670 -0.0302
vn -0.9973 -0.0665 -0.0301
vn -0.4845 -0.8745 -0.0212
vn -0.4846 -0.8745 -0.0211
vn -0.0296 -0.0077 0.9995
vn -0.0297 -0.0077 0.9995
vn -0.0298 -0.0077 0.9995
vn -0.0298 -0.0076 0.9995
vn -0.9588 -0.2446 -0.1447
vn -0.2483 -0.9686 0.0150
vn -0.2389 -0.9709 0.0164
vn -0.9612 -0.2342 -0.1461
vn -0.4113 -0.4801 0.7748
vn -0.2909 -0.6072 0.7394
vn 0.0242 0.9985 -0.0485
vn -0.9657 0.1951 -0.1710
vn -0.9676 0.1856 -0.1711
vn 0.0324 0.9984 -0.0473
vn -0.2900 0.6304 0.7200
vn -0.0790 0.7982 0.5971
vn 0.9809 0.1057 0.1633
vn 0.2316 0.9727 -0.0143
vn 0.2227 0.9748 -0.0160
vn 0.9787 0.1273 0.1612
vn 0.1740 0.7928 0.5842
vn 0.1022 0.7990 0.5926
vn -0.0396 -0.9980 0.0490
vn 0.9195 -0.3503 0.1787
vn 0.9116 -0.3705 0.1779
vn -0.0491 -0.9977 0.0472
vn -0.0661 -0.6695 0.7399
vn -0.1036 -0.6407 0.7608
vn -0.0396 -0.9980 0.0488
vn -0.0490 -0.9977 0.0472
vn 0.1701 -0.0531 -0.9840
vn 0.1898 -0.0574 -0.9801
vn 0.1701 -0.0532 -0.9840
vn 0.1695 -0.0533 -0.9841
vn 0.1698 -0.0529 -0.9841
vn 0.1699 -0.0530 -0.9840
vn 0.1883 -0.0572 -0.9804
vn 0.1883 -0.0572 -0.9805
vn 0.1882 -0.0573 -0.9805
vn 0.1696 -0.0532 -0.9841
vn 0.1697 -0.0531 -0.9841
vn -0.9053 0.2941 -0.3064
vn 0.0764 0.9822 -0.1718
vn 0.0739 0.9823 -0.1724
vn -0.9057 0.2931 -0.3064
vn 0.2459 0.9590 -0.1409
vn 0.2435 0.9596 -0.1412
vn 0.9775 0.2091 0.0262
vn 0.9774 0.2097 0.0261
vn 0.9882 -0.1467 0.0433
vn 0.9884 -0.1459 0.0433
vn -0.0299 -0.9964 -0.0799
vn -0.0320 -0.9963 -0.0802
vn -0.1932 -0.9751 -0.1088
vn -0.1951 -0.9747 -0.1092
vn -0.9535 -0.0684 -0.2936
vn -0.9534 -0.0694 -0.2935
vn -0.0760 0.0195 0.9969
vn 0.7144 0.4928 0.4968
vn 0.7549 0.4175 0.5058
vn -0.0796 0.1675 0.9827
vn -0.7627 -0.4544 0.4602
vn -0.8381 -0.2547 0.4824
vn -0.7536 -0.5166 -0.4065
vn -0.7875 -0.4355 -0.4360
vn -0.0372 -0.1267 -0.9912
vn 0.0876 -0.1949 -0.9769
vn 0.7532 0.4247 -0.5023
vn 0.8701 0.2580 -0.4200
vn 0.7143 0.4929 0.4968
vn -0.1019 0.2006 0.9744
vn -0.8721 -0.2370 0.4281
vn -0.7552 -0.4287 -0.4959
vn 0.1167 -0.2103 -0.9707
vn 0.8719 0.2168 -0.4390
vn 0.7754 0.4117 0.4788
vn 0.4382 0.7276 0.5277
vn -0.0695 -0.0898 0.9935
vn 0.0225 -0.1173 0.9928
vn -0.1166 0.8288 0.5473
vn 0.4270 0.7020 -0.5700
vn 0.4382 0.7276 0.5278
vn -0.1166 0.8287 0.5474
vn -0.1254 0.8021 -0.5839
vn -0.0849 -0.1344 -0.9873
vn 0.0060 -0.1631 -0.9866
vn -0.4966 -0.7664 -0.4075
vn 0.0882 -0.9031 -0.4203
vn -0.4892 -0.7455 0.4527
vn 0.0959 -0.8831 0.4593
vn -0.2874 0.8170 0.4998
vn -0.2955 0.7946 -0.5304
vn 0.0121 -0.0836 -0.9964
vn 0.2891 -0.8482 -0.4439
vn 0.2959 -0.8267 0.4786
vn 0.0269 -0.0381 0.9989
vn -0.2876 0.8170 0.4999
vn -0.0150 0.5097 -0.8602
vn 0.8402 0.5422 -0.0087
vn 0.7198 0.6942 -0.0074
vn 0.7197 0.6943 -0.0074
vn -0.3361 0.9418 0.0034
vn -0.9735 0.2284 0.0100
vn -0.9735 0.2283 0.0100
vn -0.9736 0.2282 0.0100
vn -0.7197 -0.6942 0.0074
vn -0.7197 -0.6943 0.0074
vn 0.3361 -0.9418 -0.0035
vn 0.3360 -0.9418 -0.0035
vn 0.9735 -0.2284 -0.0100
vn 0.9735 -0.2285 -0.0100
vn 0.9735 -0.2283 -0.0101
vn 0.9735 -0.2286 -0.0101
vn 0.0104 0.0001 0.9999
vn 0.0102 -0.0000 0.9999
vn 0.8689 -0.4950 -0.0090
vn 0.8689 -0.4949 -0.0090
vn 0.8689 0.4949 -0.0090
vn 0.8689 0.4950 -0.0090
vn -0.8689 0.4949 0.0090
vn -0.8689 0.4950 0.0090
vn -0.8689 0.4949 0.0089
vn -0.8689 -0.4949 0.0089
vn -0.8689 -0.4950 0.0089
vn -0.8689 -0.4949 0.0090
vn -0.9937 -0.1113 0.0102
vn -0.7940 -0.0893 0.6014
vn -0.7940 0.0893 0.6014
vn -0.9937 0.1113 0.0102
vn -0.0615 0.9981 0.0008
vn -0.0028 0.2086 0.9780
vn 0.0229 0.2086 0.9777
vn 0.0615 0.9981 -0.0006
vn 0.9937 0.1113 -0.0104
vn 0.8061 0.0893 0.5849
vn 0.8062 -0.0893 0.5849
vn 0.9937 -0.1113 -0.0102
vn 0.0612 -0.9981 -0.0006
vn 0.0228 -0.2086 0.9777
vn -0.0028 -0.2086 0.9780
vn -0.0615 -0.9981 0.0006
vn 0.0228 -0.2085 0.9778
vn 0.0611 -0.9981 -0.0003
vn 0.0229 -0.2085 0.9778
vn 0.8063 -0.0894 0.5848
vn 0.8063 0.0895 0.5847
vn 0.0228 0.2085 0.9778
vn -0.7941 -0.0895 0.6012
vn -0.0027 -0.2085 0.9780
vn -0.0028 0.2085 0.9780
vn -0.7941 0.0894 0.6012
vn -0.0010 0.9953 -0.0971
vn -0.0032 0.9509 -0.3096
vn -0.0032 0.9508 -0.3096
vn -0.0050 0.8723 -0.4889
vn 0.0053 0.8546 0.5193
vn -0.0049 0.8770 -0.4804
vn -0.0049 0.8771 -0.4804
vn -0.0102 0.0225 -0.9997
vn -0.0103 0.0225 -0.9997
vn -0.0053 -0.8546 -0.5193
vn 0.0049 -0.8770 0.4804
vn 0.0103 -0.0225 0.9997
vn -0.2809 0.9541 0.1042
vn -0.2830 0.9541 -0.0984
vn 0.2830 0.9541 0.0984
vn 0.2809 0.9541 -0.1042
vn 0.0099 0.1909 0.9816
vn 0.0104 0.1932 0.9811
vn 0.0110 0.1953 0.9807
vn 0.0009 0.9994 0.0354
vn -0.0012 0.9997 0.0258
vn -0.0012 0.9997 0.0257
vn -0.0032 0.9999 0.0161
vn -0.0113 0.1185 -0.9929
vn -0.0102 0.1185 -0.9929
vn -0.0102 0.1184 -0.9929
vn -0.0091 0.1185 -0.9929
vn -0.6456 0.7614 -0.0584
vn -0.6457 0.7614 -0.0584
vn -0.0866 0.9949 -0.0519
vn -0.9617 0.2705 -0.0447
vn -0.6488 0.7556 -0.0903
vn 0.6443 0.7614 -0.0716
vn 0.9606 0.2704 -0.0645
vn 0.0855 0.9949 -0.0537
vn 0.6468 0.7556 -0.1036
vn -0.0176 0.1003 -0.9948
vn -0.1124 0.0270 -0.9933
vn -0.9617 0.2705 -0.0446
vn -0.0866 0.9949 -0.0517
vn 0.0920 0.0270 -0.9954
vn -0.0029 0.1003 -0.9950
vn 0.0855 0.9949 -0.0535
vn 0.9606 0.2705 -0.0643
vn -0.9864 0.1646 0.0035
vn -0.9879 0.1551 0.0008
vn -0.9879 0.1550 0.0008
vn -0.9865 0.1640 0.0034
vn -0.0009 0.9963 -0.0862
vn -0.0013 0.9917 -0.1285
vn -0.0009 0.9963 -0.0863
vn 0.9863 0.1640 -0.0169
vn 0.9877 0.1550 -0.0195
vn 0.9862 0.1646 -0.0168
vn -0.1427 0.0254 -0.9894
vn -0.9808 0.1876 -0.0531
vn 0.9795 0.1876 -0.0732
vn 0.1224 0.0254 -0.9922
vn -0.9617 0.2703 -0.0446
vn -0.9808 0.1876 -0.0533
vn 0.0854 0.9949 -0.0536
vn -0.0865 0.9949 -0.0518
vn 0.9795 0.1876 -0.0734
vn 0.9606 0.2703 -0.0644
vn -0.1977 0.5953 -0.7788
vn -0.1846 0.6043 0.7751
vn 0.0067 0.7543 0.6564
vn -0.0069 0.7454 -0.6666
vn -0.0081 -0.6274 -0.7787
vn 0.0081 -0.6060 0.7954
vn 0.2153 -0.7180 0.6619
vn 0.2065 -0.7342 -0.6468
vn 0.2154 -0.7181 0.6618
vn 0.0082 -0.6063 0.7952
vn 0.0068 0.7545 0.6563
vn -0.1847 0.6046 0.7748
vn -0.0069 0.7455 -0.6665
vn -0.0080 -0.6274 -0.7787
vn 0.2065 -0.7343 -0.6467
vn -0.1978 0.5953 -0.7788
vn -0.2198 -0.7343 -0.6423
vn 0.1817 0.5953 -0.7827
vn -0.2197 -0.7342 -0.6424
vn -0.2016 -0.7180 0.6662
vn -0.2016 -0.7181 0.6660
vn 0.2006 0.6046 0.7709
vn 0.2005 0.6043 0.7711
vn 0.0067 0.7578 0.6525
vn -0.0034 0.9440 -0.3300
vn -0.0101 0.1862 -0.9825
vn -0.0067 -0.7578 -0.6525
vn 0.0034 -0.9440 0.3300
vn 0.0101 -0.1862 0.9825
vn 0.0101 -0.1861 0.9825
vn 0.8402 -0.5423 -0.0086
vn 0.0104 -0.0000 0.9999
vn 0.0104 -0.0001 0.9999
vn -0.0875 -0.3959 0.9141
vn -0.1706 -0.5020 0.8478
vn -0.3363 -0.9417 0.0035
vn -0.2377 -0.9713 0.0024
vn -0.0326 0.9995 0.0003
vn -0.0009 0.3254 0.9456
vn 0.0741 0.3543 0.9322
vn 0.1789 0.9839 -0.0018
vn 0.9388 -0.3444 -0.0096
vn 0.6275 -0.2274 0.7446
vn 0.0740 -0.3542 0.9322
vn 0.1787 -0.9839 -0.0018
vn 0.1785 -0.9839 -0.0018
vn 0.0739 -0.3543 0.9322
vn -0.0009 -0.3254 0.9456
vn -0.0326 -0.9995 0.0003
vn 0.0739 0.3540 0.9323
vn 0.0739 -0.3540 0.9323
vn 0.6278 -0.2276 0.7444
vn 0.6278 0.2275 0.7444
vn -0.0874 -0.3955 0.9143
vn -0.0009 -0.3251 0.9457
vn -0.0009 0.3251 0.9457
vn -0.0874 0.3955 0.9143
vn -0.2377 0.9713 0.0024
vn -0.0875 0.3959 0.9141
vn -0.1706 -0.5021 0.8478
vn -0.1706 0.5021 0.8478
vn 0.6275 0.2274 0.7446
vn 0.9388 0.3444 -0.0097
vn -0.3363 0.9417 0.0035
vn -0.3820 0.9242 0.0039
vn -0.3820 -0.9242 0.0039
vn -0.1337 -0.0000 0.9910
vn -0.1336 -0.0000 0.9910
vn 0.5407 -0.8412 0.0059
vn 0.5407 -0.8412 0.0060
vn 0.9890 0.1459 0.0242
vn 0.9890 0.1458 0.0242
vn 0.9890 0.1462 0.0241
vn 0.9890 0.1463 0.0241
vn 0.4133 0.9104 0.0168
vn -0.5407 0.8412 -0.0060
vn -0.5408 0.8411 -0.0060
vn -0.9890 -0.1463 -0.0242
vn -0.9889 -0.1463 -0.0242
vn -0.9890 -0.1462 -0.0241
vn -0.9890 -0.1461 -0.0241
vn -0.4134 -0.9104 -0.0168
vn -0.4133 -0.9104 -0.0168
vn -0.0231 -0.0079 0.9997
vn -0.0232 -0.0079 0.9997
vn -0.0232 -0.0078 0.9997
vn -0.0233 -0.0078 0.9997
vn -0.0233 -0.0079 0.9997
vn -0.0231 -0.0077 0.9997
vn -0.6634 -0.3710 -0.6499
vn -0.6497 -0.3709 0.6635
vn -0.6806 -0.2319 0.6950
vn -0.6948 -0.2319 -0.6807
vn -0.4029 0.8258 -0.3947
vn -0.3947 0.8258 0.4028
vn 0.4029 0.8258 0.3946
vn 0.3947 0.8258 -0.4029
vn 0.6807 -0.2319 -0.6949
vn 0.6948 -0.2319 0.6807
vn 0.6634 -0.3710 0.6499
vn 0.6499 -0.3710 -0.6634
vn -0.6500 -0.3709 0.6632
vn -0.6809 -0.2320 0.6947
vn -0.6697 0.2895 0.6839
vn -0.6838 0.2892 -0.6699
vn 0.6838 0.2892 0.6699
vn -0.6700 0.2896 0.6836
vn 0.6699 0.2892 -0.6838
vn -0.6838 0.2895 -0.6698
vn -0.6698 0.2895 0.6837
vn 0.6838 0.2895 0.6698
vn 0.6699 0.2895 -0.6837
vn -0.0060 0.8114 -0.5845
vn -0.0102 -0.1005 -0.9949
vn -0.0042 -0.9119 -0.4104
vn 0.0060 -0.8114 0.5845
vn 0.0102 0.1005 0.9949
vn 0.0102 0.1006 0.9949
vn 0.0042 0.9119 0.4104
vn 0.0965 0.0195 0.9951
vn 0.0998 0.1675 0.9808
vn -0.7443 0.4175 0.5212
vn -0.7040 0.4929 0.5113
vn 0.7720 -0.4544 0.4444
vn 0.8478 -0.2547 0.4651
vn 0.7451 -0.5166 -0.4219
vn 0.7784 -0.4355 -0.4521
vn 0.0168 -0.1267 -0.9918
vn -0.1077 -0.1949 -0.9749
vn -0.7634 0.4247 -0.4867
vn -0.8785 0.2580 -0.4020
vn 0.8807 -0.2370 0.4101
vn 0.1219 0.2006 0.9721
vn 0.7449 -0.4287 -0.5113
vn -0.1367 -0.2102 -0.9680
vn -0.8808 0.2168 -0.4210
vn -0.7654 0.4117 0.4946
vn -0.7654 0.4117 0.4947
vn -0.4273 0.7276 0.5367
vn 0.1279 0.8288 0.5448
vn -0.0021 -0.1173 0.9931
vn 0.0899 -0.0898 0.9919
vn -0.4386 0.7020 -0.5611
vn 0.1133 0.8021 -0.5864
vn 0.1278 0.8287 0.5449
vn 0.0646 -0.1344 -0.9888
vn -0.0263 -0.1631 -0.9863
vn 0.4882 -0.7664 -0.4176
vn -0.0968 -0.9031 -0.4184
vn 0.4984 -0.7455 0.4425
vn -0.0864 -0.8831 0.4611
vn 0.2845 0.7946 -0.5363
vn 0.2978 0.8170 0.4938
vn -0.0326 -0.0837 -0.9960
vn -0.2981 -0.8482 -0.4379
vn -0.2859 -0.8267 0.4846
vn -0.0064 -0.0381 0.9993
vn -0.5066 -0.2334 0.8300
vn 0.3770 0.3318 0.8647
vn 0.4038 0.3248 0.8553
vn -0.5479 -0.0948 0.8312
vn -0.8489 -0.5277 0.0303
vn -0.9161 -0.4003 0.0223
vn -0.4695 -0.3730 -0.8003
vn -0.4650 -0.3751 -0.8019
vn 0.4703 0.2101 -0.8571
vn 0.5243 0.0328 -0.8509
vn 0.8411 0.5400 0.0315
vn 0.9227 0.3851 0.0193
vn 0.9227 0.3851 0.0194
vn 0.8411 0.5399 0.0315
vn 0.4416 0.3032 0.8444
vn -0.5733 -0.0350 0.8186
vn -0.9386 -0.3447 -0.0144
vn -0.4672 -0.3764 -0.8000
vn 0.4881 -0.0821 -0.8689
vn 0.9621 0.2697 -0.0408
vn 0.9621 0.2698 -0.0408
vn 0.5212 0.8535 -0.0008
vn 0.2290 0.3416 0.9115
vn -0.0420 0.3866 0.9213
vn -0.1445 0.9895 0.0067
vn 0.2103 0.3511 -0.9124
vn 0.5212 0.8535 -0.0009
vn -0.1443 0.9895 0.0068
vn -0.0617 0.3960 -0.9162
vn -0.3473 -0.5171 -0.7823
vn 0.0571 -0.6015 -0.7969
vn -0.5436 -0.8393 0.0013
vn 0.0975 -0.9952 -0.0060
vn -0.3313 -0.5252 0.7839
vn 0.0739 -0.6094 0.7894
vn -0.1477 0.4366 0.8874
vn -0.3361 0.9418 0.0081
vn -0.1670 0.4452 -0.8797
vn 0.1758 -0.5336 -0.8272
vn 0.3248 -0.9458 -0.0074
vn 0.1938 -0.5420 0.8177
vn -0.0030 0.9558 -0.2940
vn -0.0051 0.8698 -0.4934
vn -0.0067 0.7570 -0.6534
vn -0.0283 0.4875 -0.8727
vn -0.0283 0.4876 -0.8726
vn 0.0025 0.9703 0.2419
vn -0.0074 0.6946 -0.7193
vn 0.0025 0.9703 0.2418
vn -0.0099 -0.2757 -0.9612
vn -0.0099 -0.2756 -0.9612
vn -0.0025 -0.9703 -0.2419
vn -0.0026 -0.9703 -0.2419
vn 0.0074 -0.6947 0.7193
vn 0.0099 0.2757 0.9612
vn 0.0099 0.2756 0.9612
vn 0.0073 -0.7071 0.7071
vn 0.9970 -0.0619 -0.0461
vn 0.9464 0.2195 0.2368
vn 0.9458 0.2917 -0.1424
vn 0.9924 -0.0738 -0.0988
vn 0.0199 0.9949 -0.0993
vn 0.0291 0.9898 -0.1396
vn -0.9420 0.2354 0.2392
vn -0.9972 -0.0181 -0.0731
vn -0.9963 -0.0151 -0.0851
vn -0.9337 0.3351 -0.1261
vn 0.6254 0.1042 0.7733
vn 0.5894 0.2173 0.7781
vn 0.0249 0.4768 0.8787
vn 0.0102 0.1110 0.9938
vn 0.3065 -0.4205 -0.8539
vn 0.8784 -0.2085 -0.4300
vn 0.9070 -0.1947 -0.3735
vn 0.2987 -0.4487 -0.8423
vn 0.9069 -0.1947 -0.3735
vn 0.4374 0.8794 0.1881
vn 0.4956 0.7898 -0.3614
vn 0.2357 0.8668 -0.4395
vn 0.0793 0.9249 0.3717
vn -0.8871 -0.2085 -0.4119
vn -0.9144 -0.1947 -0.3548
vn 0.9461 0.2205 0.2371
vn 0.9042 0.1216 0.4095
vn 0.0193 0.2894 0.9570
vn 0.0507 0.4184 0.9069
vn -0.9419 0.2353 0.2396
vn -0.9024 0.1167 0.4148
vn -0.8865 -0.1482 -0.4383
vn 0.3531 -0.2956 -0.8876
vn 0.8675 -0.1565 -0.4721
vn 0.8675 -0.1565 -0.4722
vn 0.8899 0.1368 0.4353
vn 0.0216 0.2157 0.9762
vn -0.8830 0.1233 0.4530
vn -0.9159 0.0070 -0.4013
vn 0.8963 0.0011 -0.4434
vn 0.3956 -0.0941 -0.9136
vn 0.0377 0.2842 0.9580
vn -0.0322 0.4184 0.9077
vn 0.0766 0.2161 0.9734
vn -0.2342 0.8412 -0.4874
vn -0.5270 0.7963 -0.2969
vn -0.4348 0.8863 0.1595
vn -0.0625 0.9336 0.3530
vn -0.8865 -0.1483 -0.4383
vn -0.4222 -0.0997 -0.9010
vn -0.3743 -0.2954 -0.8790
vn -0.8871 -0.2085 -0.4118
vn -0.3239 -0.4205 -0.8475
vn -0.3160 -0.4487 -0.8360
vn -0.0068 0.4768 0.8790
vn -0.5733 0.2172 0.7901
vn -0.6093 0.1043 0.7860
vn -0.0220 0.9949 -0.0988
vn -0.0320 0.9898 -0.1389
vn -0.2799 0.2679 0.9219
vn 0.0099 0.2753 0.9613
vn 0.0094 0.4099 0.9121
vn -0.2854 0.3937 0.8738
vn 0.0102 0.1455 0.9893
vn -0.2659 0.1536 0.9517
vn 0.0489 0.8411 -0.5387
vn -0.0052 0.8604 -0.5096
vn 0.0063 0.7967 0.6043
vn -0.0861 0.7526 0.6529
vn 0.0681 -0.1090 -0.9917
vn 0.0521 -0.3353 -0.9407
vn -0.0096 -0.3371 -0.9414
vn -0.0102 -0.0961 -0.9953
vn 0.0367 -0.4457 -0.8944
vn -0.0092 -0.4463 -0.8948
vn 0.0349 -0.4708 -0.8815
vn -0.0091 -0.4715 -0.8818
vn -0.0168 0.3786 0.9254
vn 0.0096 0.3597 0.9330
vn -0.0887 0.9927 -0.0814
vn -0.0009 0.9964 -0.0847
vn -0.0012 0.9930 -0.1182
vn -0.1031 0.9878 -0.1165
vn -0.0551 -0.4457 -0.8935
vn -0.0530 -0.4710 -0.8805
vn -0.0723 -0.3350 -0.9394
vn -0.0875 -0.1130 -0.9897
vn -0.0555 0.8474 -0.5281
vn 0.0949 0.7574 0.6460
vn 0.2855 0.1537 0.9460
vn 0.2988 0.2679 0.9160
vn 0.3033 0.3937 0.8678
vn 0.0870 0.9927 -0.0832
vn 0.1007 0.9878 -0.1186
vn 0.0359 0.3786 0.9249
vn 0.8634 0.3151 0.3941
vn 0.5893 0.2174 0.7781
vn 0.6253 0.1043 0.7734
vn 0.9450 0.1114 0.3075
vn 0.0249 0.4769 0.8786
vn 0.0714 0.9576 0.2791
vn 0.0027 0.9661 0.2581
vn -0.0905 0.9634 0.2522
vn 0.0957 0.9634 0.2502
vn -0.8551 0.3151 0.4117
vn -0.5732 0.2174 0.7901
vn -0.0068 0.4769 0.8789
vn -0.0656 0.9576 0.2805
vn -0.9385 0.1115 0.3267
vn -0.6093 0.1042 0.7861
vn 0.9458 0.3063 -0.1077
vn 0.9975 -0.0231 -0.0671
vn 0.0674 0.9845 -0.1622
vn -0.0017 0.9864 -0.1642
vn -0.1137 0.9804 -0.1612
vn 0.1103 0.9804 -0.1635
vn -0.9406 0.3316 -0.0734
vn -0.0708 0.9845 -0.1606
vn -0.9995 0.0126 -0.0283
vn -0.0012 0.9928 -0.1197
vn -0.1120 0.9869 -0.1166
vn 0.9165 0.3998 0.0097
vn 0.0793 0.9924 -0.0941
vn 0.9977 0.0537 0.0411
vn -0.9966 0.0538 0.0617
vn -0.9162 0.3998 0.0286
vn -0.0812 0.9924 -0.0925
vn 0.1096 0.9868 -0.1188
vn 0.9987 0.0197 -0.0460
vn 0.9988 0.0196 -0.0460
vn 0.9987 0.0198 -0.0460
vn 0.9987 0.0199 -0.0460
vn 0.3919 0.9188 -0.0474
vn 0.3924 0.9186 -0.0474
vn 0.3920 0.9187 -0.0473
vn 0.3921 0.9187 -0.0473
vn -0.5595 0.8288 -0.0012
vn -0.5594 0.8289 -0.0012
vn -0.9987 -0.0196 0.0460
vn -0.9987 -0.0197 0.0460
vn -0.3920 -0.9187 0.0473
vn 0.5594 -0.8289 0.0012
vn 0.0454 0.0320 0.9985
vn 0.0453 0.0320 0.9985
vn 0.0457 0.0322 0.9984
vn 0.0454 0.0319 0.9985
vn 0.0085 -0.5569 0.8305
vn 0.0086 -0.5570 0.8305
vn 0.0092 0.4408 0.8976
vn 0.0007 0.9977 0.0671
vn -0.0085 0.5570 -0.8305
vn -0.0092 -0.4408 -0.8976
vn -0.0007 -0.9977 -0.0671
vn 0.9999 -0.0001 -0.0102
vn -0.0103 0.0228 -0.9997
vn -0.0053 -0.8544 -0.5196
vn -0.0053 -0.8544 -0.5195
vn 0.0049 -0.8772 0.4801
vn 0.0102 -0.0228 0.9997
vn 0.0103 -0.0228 0.9997
vn 0.0053 0.8544 0.5196
vn -0.0049 0.8772 -0.4801
vn 0.9846 0.1097 0.1358
vn 0.9851 0.0594 0.1611
vn 0.9998 0.0013 -0.0178
vn 0.9999 -0.0009 -0.0166
vn 0.9855 0.0038 0.1697
vn 0.9998 0.0037 -0.0183
vn 0.9840 0.1498 0.0960
vn 0.9999 -0.0025 -0.0148
vn 0.9834 0.1756 0.0457
vn 0.9999 -0.0036 -0.0127
vn 0.9828 0.1845 -0.0101
vn 0.9999 -0.0040 -0.0103
vn 0.9823 0.1756 -0.0659
vn 1.0000 -0.0036 -0.0079
vn 0.9819 0.1498 -0.1162
vn 1.0000 -0.0026 -0.0057
vn 0.9816 0.1098 -0.1560
vn 1.0000 -0.0009 -0.0039
vn 0.9816 0.0594 -0.1814
vn 1.0000 0.0013 -0.0027
vn 0.9818 0.0038 -0.1899
vn 1.0000 0.0037 -0.0022
vn 0.9822 -0.0517 -0.1808
vn 1.0000 0.0063 -0.0025
vn 0.9827 -0.1016 -0.1551
vn 1.0000 0.0086 -0.0036
vn 0.9832 -0.1411 -0.1154
vn 0.9999 0.0104 -0.0054
vn 0.9839 -0.1664 -0.0654
vn 0.9999 0.0117 -0.0077
vn 0.9845 -0.1752 -0.0101
vn 0.9999 0.0121 -0.0103
vn 0.9850 -0.1665 0.0452
vn 0.9998 0.0116 -0.0128
vn 0.9854 -0.1411 0.0952
vn 0.9998 0.0104 -0.0151
vn 0.9856 -0.1016 0.1349
vn 0.9998 0.0086 -0.0169
vn 0.9857 -0.0517 0.1606
vn 0.9998 0.0062 -0.0180
vn -0.6702 0.2248 0.7073
vn -0.9745 0.0629 0.2154
vn -0.9741 -0.0038 0.2260
vn -0.6674 -0.0028 0.7447
vn -0.6734 0.4294 0.6018
vn -0.9751 0.1231 0.1847
vn -0.6767 0.5914 0.4386
vn -0.9757 0.1708 0.1369
vn -0.6799 0.6951 0.2338
vn -0.9765 0.2015 0.0767
vn -0.6826 0.7308 0.0070
vn -0.9772 0.2120 0.0100
vn -0.6845 0.6951 -0.2197
vn -0.9779 0.2014 -0.0566
vn -0.6856 0.5913 -0.4246
vn -0.9784 0.1708 -0.1168
vn -0.6856 0.4294 -0.5879
vn -0.9787 0.1231 -0.1646
vn -0.6846 0.2248 -0.6934
vn -0.9787 0.0629 -0.1953
vn -0.6826 -0.0028 -0.7308
vn -0.9786 -0.0038 -0.2059
vn -0.6799 -0.2311 -0.6959
vn -0.9782 -0.0705 -0.1954
vn -0.6767 -0.4378 -0.5919
vn -0.9776 -0.1308 -0.1648
vn -0.6734 -0.6023 -0.4287
vn -0.9769 -0.1786 -0.1170
vn -0.6701 -0.7082 -0.2223
vn -0.9762 -0.2093 -0.0567
vn -0.6674 -0.7447 0.0069
vn -0.9755 -0.2199 0.0100
vn -0.6654 -0.7082 0.2361
vn -0.9748 -0.2093 0.0768
vn -0.6644 -0.6023 0.4425
vn -0.9743 -0.1786 0.1370
vn -0.6644 -0.4378 0.6057
vn -0.9740 -0.1308 0.1848
vn -0.6654 -0.2311 0.7098
vn -0.9740 -0.0705 0.2154
vn 0.9851 0.0595 0.1615
vn 0.9846 0.1100 0.1361
vn 0.8390 0.3260 0.4356
vn 0.8405 0.1729 0.5134
vn 0.9840 0.1501 0.0962
vn 0.8372 0.4476 0.3143
vn 0.9833 0.1759 0.0458
vn 0.8353 0.5257 0.1612
vn 0.9827 0.1848 -0.0101
vn 0.8334 0.5526 -0.0086
vn 0.9822 0.1759 -0.0660
vn 0.8318 0.5257 -0.1783
vn 0.9818 0.1501 -0.1164
vn 0.8306 0.4476 -0.3314
vn 0.9816 0.1100 -0.1563
vn 0.8299 0.3260 -0.4528
vn 0.9815 0.0595 -0.1817
vn 0.8298 0.1729 -0.5306
vn 0.9817 0.0038 -0.1903
vn 0.8303 0.0032 -0.5572
vn 0.9821 -0.0518 -0.1812
vn 0.8314 -0.1663 -0.5302
vn 0.9826 -0.1018 -0.1554
vn 0.8329 -0.3190 -0.4522
vn 0.9832 -0.1414 -0.1156
vn 0.8347 -0.4402 -0.3308
vn 0.9838 -0.1668 -0.0655
vn 0.8367 -0.5180 -0.1780
vn 0.9844 -0.1755 -0.0101
vn 0.8385 -0.5448 -0.0086
vn 0.9850 -0.1668 0.0452
vn 0.8401 -0.5180 0.1607
vn 0.9850 -0.1668 0.0453
vn 0.9853 -0.1414 0.0954
vn 0.8414 -0.4402 0.3136
vn 0.8401 -0.5180 0.1608
vn 0.9856 -0.1019 0.1352
vn 0.8420 -0.3190 0.4349
vn 0.9856 -0.0518 0.1610
vn 0.8421 -0.1663 0.5130
vn 0.9854 0.0038 0.1700
vn 0.8416 0.0032 0.5401
vn 0.6630 -0.2270 -0.7134
vn 0.6617 0.0026 -0.7498
vn 0.6630 -0.2269 -0.7134
vn 0.6649 -0.4340 -0.6078
vn 0.6649 -0.4340 -0.6079
vn 0.6673 -0.5983 -0.4435
vn 0.6699 -0.7038 -0.2364
vn 0.6724 -0.7402 -0.0069
vn 0.6746 -0.7038 0.2226
vn 0.6763 -0.5983 0.4297
vn 0.6773 -0.4340 0.5940
vn 0.6773 -0.4340 0.5941
vn 0.6775 -0.2270 0.6996
vn 0.6775 -0.2269 0.6996
vn 0.6770 0.0026 0.7360
vn 0.6757 0.2322 0.6997
vn 0.6756 0.2322 0.6997
vn 0.6737 0.4393 0.5942
vn 0.6737 0.4394 0.5942
vn 0.6714 0.6037 0.4299
vn 0.6713 0.6038 0.4299
vn 0.6688 0.7093 0.2228
vn 0.6688 0.7093 0.2227
vn 0.6663 0.7457 -0.0068
vn 0.6663 0.7457 -0.0069
vn 0.6641 0.7093 -0.2365
vn 0.6624 0.6037 -0.4436
vn 0.6613 0.4393 -0.6079
vn 0.6614 0.4394 -0.6079
vn 0.6611 0.2322 -0.7135
vn 0.6611 0.2322 -0.7134
vn -0.7374 -0.2134 -0.6409
vn -0.7356 -0.4035 -0.5441
vn -0.7355 -0.4037 -0.5440
vn -0.7373 -0.2137 -0.6408
vn -0.7387 -0.0027 -0.6741
vn -0.7386 -0.0030 -0.6742
vn -0.7334 -0.5544 -0.3933
vn -0.7334 -0.5546 -0.3932
vn -0.7310 -0.6514 -0.2033
vn -0.7310 -0.6514 -0.2032
vn -0.7287 -0.6848 0.0075
vn -0.7267 -0.6514 0.2182
vn -0.7267 -0.6514 0.2181
vn -0.7251 -0.5545 0.4084
vn -0.7252 -0.5546 0.4082
vn -0.7242 -0.4035 0.5592
vn -0.7243 -0.4037 0.5590
vn -0.7240 -0.2134 0.6559
vn -0.7241 -0.2137 0.6558
vn -0.7246 -0.0027 0.6892
vn -0.7247 -0.0030 0.6891
vn -0.7258 0.2079 0.6557
vn -0.7259 0.2076 0.6557
vn -0.7276 0.3978 0.5588
vn -0.7277 0.3976 0.5589
vn -0.7298 0.5485 0.4080
vn -0.7299 0.5484 0.4081
vn -0.7322 0.6452 0.2181
vn -0.7345 0.6785 0.0075
vn -0.7366 0.6452 -0.2030
vn -0.7365 0.6452 -0.2031
vn -0.7381 0.5485 -0.3929
vn -0.7381 0.5484 -0.3931
vn -0.7390 0.3978 -0.5437
vn -0.7390 0.3976 -0.5439
vn -0.7392 0.2079 -0.6406
vn -0.7391 0.2076 -0.6407
vn -0.9916 -0.0465 -0.1207
vn -0.9912 -0.0850 -0.1012
vn -0.9912 -0.0848 -0.1013
vn -0.9916 -0.0463 -0.1206
vn -0.9919 -0.0040 -0.1273
vn -0.9919 -0.0038 -0.1272
vn -0.9908 -0.1155 -0.0708
vn -0.9908 -0.1154 -0.0709
vn -0.9903 -0.1351 -0.0324
vn -0.9903 -0.1351 -0.0325
vn -0.9898 -0.1419 0.0102
vn -0.9894 -0.1351 0.0528
vn -0.9891 -0.1155 0.0912
vn -0.9891 -0.1155 0.0913
vn -0.9889 -0.0849 0.1215
vn -0.9889 -0.0849 0.1217
vn -0.9889 -0.0465 0.1410
vn -0.9889 -0.0464 0.1411
vn -0.9890 -0.0040 0.1476
vn -0.9890 -0.0038 0.1477
vn -0.9893 0.0384 0.1407
vn -0.9893 0.0386 0.1407
vn -0.9897 0.0766 0.1211
vn -0.9897 0.0768 0.1211
vn -0.9901 0.1069 0.0907
vn -0.9901 0.1070 0.0907
vn -0.9906 0.1263 0.0525
vn -0.9911 0.1330 0.0102
vn -0.9915 0.1263 -0.0321
vn -0.9918 0.1069 -0.0704
vn -0.9918 0.1069 -0.0702
vn -0.9920 0.0766 -0.1008
vn -0.9920 0.0767 -0.1006
vn -0.9920 0.0384 -0.1204
vn -0.9920 0.0386 -0.1203
vn -0.9671 -0.0848 -0.2398
vn -0.9665 -0.1580 -0.2025
vn -0.9664 -0.1580 -0.2025
vn -0.9675 -0.0036 -0.2527
vn -0.9656 -0.2161 -0.1444
vn -0.9647 -0.2534 -0.0712
vn -0.9639 -0.2662 0.0099
vn -0.9631 -0.2534 0.0910
vn -0.9625 -0.2161 0.1642
vn -0.9625 -0.2161 0.1643
vn -0.9621 -0.1580 0.2223
vn -0.9620 -0.0848 0.2596
vn -0.9621 -0.0037 0.2725
vn -0.9622 -0.0037 0.2725
vn -0.9626 0.0775 0.2596
vn -0.9633 0.1507 0.2223
vn -0.9641 0.2088 0.1643
vn -0.9650 0.2461 0.0910
vn -0.9658 0.2589 0.0099
vn -0.9666 0.2461 -0.0712
vn -0.9672 0.2088 -0.1444
vn -0.9676 0.1507 -0.2025
vn -0.9677 0.0775 -0.2398
vn -0.3677 0.2849 0.8852
vn -0.3699 0.5433 0.7536
vn -0.3700 0.5433 0.7536
vn -0.3677 0.2848 0.8852
vn -0.3662 -0.0014 0.9305
vn -0.3663 -0.0016 0.9305
vn -0.3727 0.7484 0.5486
vn -0.3728 0.7483 0.5487
vn -0.3758 0.8801 0.2903
vn -0.3759 0.8800 0.2903
vn -0.3789 0.9254 0.0039
vn -0.3817 0.8801 -0.2825
vn -0.3817 0.8800 -0.2825
vn -0.3839 0.7484 -0.5409
vn -0.3839 0.7483 -0.5410
vn -0.3854 0.5434 -0.7458
vn -0.3853 0.5433 -0.7459
vn -0.3858 0.2849 -0.8775
vn -0.3857 0.2848 -0.8775
vn -0.3853 -0.0014 -0.9228
vn -0.3852 -0.0016 -0.9228
vn -0.3839 -0.2878 -0.8774
vn -0.3838 -0.2880 -0.8774
vn -0.3816 -0.5461 -0.7457
vn -0.3815 -0.5463 -0.7456
vn -0.3788 -0.7511 -0.5407
vn -0.3757 -0.8827 -0.2825
vn -0.3756 -0.8827 -0.2824
vn -0.3726 -0.9280 0.0036
vn -0.3726 -0.9280 0.0040
vn -0.3698 -0.8827 0.2901
vn -0.3676 -0.7511 0.5484
vn -0.3676 -0.7511 0.5483
vn -0.3661 -0.5462 0.7534
vn -0.3662 -0.5462 0.7533
vn -0.3657 -0.2879 0.8851
vn -0.3658 -0.2880 0.8850
vn -0.9999 -0.0043 0.0103
vn -0.9999 -0.0044 0.0103
vn -0.9999 -0.0045 0.0103
vn -0.9999 -0.0042 0.0104
vn -0.9999 -0.0046 0.0103
vn -0.9999 -0.0046 0.0102
vn -0.9968 0.0392 0.0694
vn -0.9966 0.0188 0.0798
vn -0.9965 -0.0038 0.0833
vn -0.9970 0.0554 0.0532
vn -0.9965 -0.0264 0.0798
vn -0.9973 0.0658 0.0328
vn -0.9975 0.0694 0.0103
vn -0.9978 0.0658 -0.0123
vn -0.9979 0.0554 -0.0327
vn -0.9980 0.0392 -0.0489
vn -0.9981 0.0188 -0.0593
vn -0.9980 -0.0038 -0.0628
vn -0.9979 -0.0264 -0.0593
vn -0.9977 -0.0467 -0.0489
vn -0.9975 -0.0629 -0.0327
vn -0.9972 -0.0733 -0.0123
vn -0.9970 -0.0768 0.0102
vn -0.9968 -0.0733 0.0328
vn -0.9966 -0.0629 0.0532
vn -0.9965 -0.0467 0.0694
vn -0.7611 -0.2056 -0.6153
vn -0.7611 -0.2051 -0.6154
vn -0.7590 -0.3881 -0.5228
vn -0.7590 -0.3884 -0.5226
vn -0.7626 -0.0031 -0.6469
vn -0.7626 -0.0027 -0.6468
vn -0.7566 -0.5336 -0.3780
vn -0.7566 -0.5337 -0.3778
vn -0.7541 -0.6271 -0.1951
vn -0.7541 -0.6271 -0.1950
vn -0.7518 -0.6593 0.0077
vn -0.7519 -0.6593 0.0077
vn -0.7500 -0.6270 0.2106
vn -0.7500 -0.6271 0.2105
vn -0.7486 -0.5336 0.3935
vn -0.7486 -0.5338 0.3932
vn -0.7481 -0.3881 0.5383
vn -0.7481 -0.3884 0.5380
vn -0.7483 -0.2051 0.6309
vn -0.7483 -0.2056 0.6308
vn -0.7492 -0.0026 0.6624
vn -0.7492 -0.0031 0.6624
vn -0.7508 0.1994 0.6297
vn -0.7508 0.1990 0.6299
vn -0.7529 0.3814 0.5364
vn -0.7529 0.3811 0.5366
vn -0.7552 0.5256 0.3916
vn -0.7552 0.5255 0.3918
vn -0.7577 0.6181 0.2095
vn -0.7577 0.6180 0.2096
vn -0.7600 0.6499 0.0078
vn -0.7618 0.6181 -0.1939
vn -0.7618 0.6181 -0.1940
vn -0.7631 0.5256 -0.3760
vn -0.7631 0.5254 -0.3762
vn -0.7638 0.3814 -0.5208
vn -0.7638 0.3811 -0.5210
vn -0.7636 0.1994 -0.6142
vn -0.7635 0.1990 -0.6143
vn -0.0505 0.3084 0.9499
vn -0.0527 0.5867 0.8081
vn -0.6730 0.4296 0.6020
vn -0.6699 0.2249 0.7076
vn -0.0491 -0.0000 0.9988
vn -0.6671 -0.0027 0.7449
vn -0.0488 -0.3085 0.9500
vn -0.6652 -0.2312 0.7100
vn -0.0494 -0.5868 0.8082
vn -0.6641 -0.4380 0.6059
vn -0.0511 -0.8077 0.5874
vn -0.6641 -0.6025 0.4426
vn -0.0535 -0.9495 0.3092
vn -0.6652 -0.7083 0.2362
vn -0.0566 -0.9984 0.0006
vn -0.0535 -0.9496 0.3090
vn -0.6652 -0.7084 0.2360
vn -0.6671 -0.7449 0.0069
vn -0.0599 -0.9495 -0.3079
vn -0.6699 -0.7084 -0.2224
vn -0.0631 -0.8077 -0.5862
vn -0.6730 -0.6026 -0.4289
vn -0.0660 -0.5868 -0.8070
vn -0.6764 -0.4380 -0.5921
vn -0.0683 -0.3085 -0.9488
vn -0.6796 -0.2312 -0.6962
vn -0.0697 -0.0001 -0.9976
vn -0.6823 -0.0028 -0.7311
vn -0.0700 0.3084 -0.9487
vn -0.6843 0.2249 -0.6937
vn -0.0693 0.5867 -0.8069
vn -0.6853 0.4296 -0.5881
vn -0.0676 0.8075 -0.5860
vn -0.6853 0.5915 -0.4248
vn -0.0652 0.9492 -0.3078
vn -0.6843 0.6953 -0.2198
vn -0.0622 0.9981 0.0006
vn -0.6823 0.7310 0.0070
vn -0.0588 0.9492 0.3091
vn -0.6796 0.6953 0.2338
vn -0.0556 0.8075 0.5873
vn -0.6764 0.5916 0.4388
vn 0.0902 0.3082 0.9470
vn 0.0880 0.5864 0.8052
vn 0.0915 0.0002 0.9958
vn 0.0917 -0.3078 0.9470
vn 0.0910 -0.5856 0.8054
vn 0.0893 -0.8061 0.5849
vn 0.0868 -0.9477 0.3072
vn 0.0837 -0.9965 -0.0008
vn 0.0868 -0.9477 0.3070
vn 0.0805 -0.9477 -0.3088
vn 0.0773 -0.8061 -0.5867
vn 0.0744 -0.5856 -0.8071
vn 0.0723 -0.3078 -0.9487
vn 0.0710 0.0002 -0.9975
vn 0.0707 0.3082 -0.9487
vn 0.0714 0.5860 -0.8071
vn 0.0732 0.8065 -0.5866
vn 0.0756 0.9481 -0.3088
vn 0.0787 0.9969 -0.0008
vn 0.0820 0.9481 0.3071
vn 0.0852 0.8066 0.5850
vn 0.9988 0.0485 -0.0103
vn 0.8391 0.5439 -0.0086
vn 0.9988 0.0485 -0.0102
vn 0.4589 0.8885 -0.0047
vn -0.4589 0.8885 0.0047
vn -0.8391 0.5439 0.0086
vn -0.9988 0.0486 0.0103
vn -0.9988 0.0485 0.0103
vn -0.0103 0.0001 -0.9999
vn 0.7071 0.7071 -0.0073
vn 0.9238 0.3827 -0.0095
vn -0.9238 0.3827 0.0095
vn -0.7071 0.7071 0.0073
vn 0.0030 0.9550 0.2964
vn 0.0030 0.9550 0.2965
vn -0.0070 0.7343 -0.6788
vn -0.0070 0.7342 -0.6788
vn -0.0100 -0.2207 -0.9753
vn -0.0100 -0.2208 -0.9753
vn -0.0030 -0.9550 -0.2964
vn 0.0070 -0.7343 0.6788
vn 0.0069 -0.7343 0.6788
vn 0.0100 0.2209 0.9753
vn 0.0100 0.2209 0.9752
vn 0.0100 0.2208 0.9753
vn -0.0707 0.6983 -0.7123
vn -0.0722 0.5113 -0.8564
vn 0.0586 0.6988 -0.7129
vn 0.0522 0.5118 -0.8575
vn 0.9977 -0.0488 -0.0477
vn 0.0063 0.7934 0.6087
vn -0.0063 -0.7933 -0.6087
vn -0.9813 -0.0113 0.1923
vn -1.0000 0.0035 0.0049
vn -1.0000 0.0059 0.0054
vn -0.9816 -0.0661 0.1789
vn -0.9999 0.0080 0.0066
vn -0.9822 -0.1139 0.1493
vn -0.9811 0.0450 0.1881
vn -1.0000 0.0010 0.0052
vn -0.9812 0.0972 0.1666
vn -1.0000 -0.0012 0.0061
vn -0.9816 0.1402 0.1299
vn -1.0000 -0.0030 0.0077
vn -0.9821 0.1698 0.0817
vn -0.9999 -0.0043 0.0097
vn -0.9828 0.1828 0.0267
vn -0.9999 -0.0049 0.0121
vn -0.9836 0.1782 -0.0295
vn -0.9999 -0.0048 0.0145
vn -0.9843 0.1564 -0.0815
vn -0.9999 -0.0039 0.0169
vn -0.9850 0.1196 -0.1242
vn -0.9998 -0.0024 0.0188
vn -0.9856 0.0716 -0.1533
vn -0.9998 -0.0003 0.0202
vn -0.9860 0.0169 -0.1662
vn -0.9998 0.0022 0.0209
vn -0.9861 -0.0389 -0.1616
vn -0.9998 0.0048 0.0207
vn -0.9860 -0.0906 -0.1400
vn -0.9998 0.0072 0.0198
vn -0.9857 -0.1332 -0.1037
vn -0.9998 0.0092 0.0181
vn -0.9851 -0.1625 -0.0559
vn -0.9998 0.0105 0.0159
vn -0.9844 -0.1757 -0.0015
vn -0.9998 0.0111 0.0134
vn -0.9837 -0.1715 0.0544
vn -0.9999 0.0108 0.0108
vn -0.9829 -0.1502 0.1064
vn -0.9999 0.0098 0.0085
vn 0.6843 -0.2840 0.6716
vn 0.6808 -0.4813 0.5522
vn 0.9780 -0.1431 0.1517
vn 0.9786 -0.0855 0.1869
vn 0.9790 -0.0198 0.2027
vn 0.6870 -0.0599 0.7242
vn 0.9792 0.0475 0.1973
vn 0.6885 0.1693 0.7052
vn 0.9790 0.1099 0.1715
vn 0.6886 0.3812 0.6168
vn 0.9786 0.1611 0.1277
vn 0.6875 0.5557 0.4676
vn 0.9780 0.1965 0.0701
vn 0.6851 0.6758 0.2720
vn 0.9772 0.2123 0.0044
vn 0.6817 0.7300 0.0489
vn 0.9763 0.2070 -0.0629
vn 0.6777 0.7129 -0.1804
vn 0.9754 0.1812 -0.1253
vn 0.6734 0.6259 -0.3935
vn 0.9746 0.1374 -0.1767
vn 0.6692 0.4771 -0.5697
vn 0.9740 0.0798 -0.2120
vn 0.6656 0.2808 -0.6915
vn 0.9736 0.0141 -0.2279
vn 0.6630 0.0560 -0.7466
vn 0.9734 -0.0533 -0.2226
vn 0.6614 -0.1750 -0.7293
vn 0.9736 -0.1158 -0.1967
vn 0.6613 -0.3896 -0.6411
vn 0.9740 -0.1672 -0.1528
vn 0.6624 -0.5662 -0.4905
vn 0.9746 -0.2025 -0.0952
vn 0.6649 -0.6873 -0.2925
vn 0.9754 -0.2183 -0.0295
vn 0.6683 -0.7409 -0.0668
vn 0.9763 -0.2130 0.0379
vn 0.6723 -0.7219 0.1641
vn 0.9772 -0.1871 0.1003
vn 0.6766 -0.6323 0.3774
vn -0.9816 -0.0662 0.1793
vn -0.8299 -0.2076 0.5178
vn -0.8288 -0.0407 0.5580
vn -0.9812 -0.0113 0.1927
vn -0.8284 0.1306 0.5447
vn -0.9811 0.0451 0.1884
vn -0.8287 0.2895 0.4790
vn -0.9812 0.0974 0.1669
vn -0.8297 0.4202 0.3675
vn -0.9815 0.1405 0.1301
vn -0.8314 0.5100 0.2209
vn -0.9820 0.1701 0.0818
vn -0.8334 0.5500 0.0538
vn -0.9827 0.1832 0.0267
vn -0.8358 0.5364 -0.1175
vn -0.9835 0.1785 -0.0296
vn -0.8381 0.4705 -0.2761
vn -0.9843 0.1567 -0.0817
vn -0.8402 0.3588 -0.4065
vn -0.9850 0.1199 -0.1244
vn -0.8419 0.2124 -0.4960
vn -0.9855 0.0717 -0.1536
vn -0.8431 0.0455 -0.5359
vn -0.9859 0.0170 -0.1665
vn -0.8435 -0.1255 -0.5223
vn -0.9860 -0.0390 -0.1619
vn -0.8432 -0.2839 -0.4565
vn -0.9859 -0.0908 -0.1403
vn -0.8422 -0.4142 -0.3452
vn -0.9856 -0.1335 -0.1039
vn -0.8405 -0.5039 -0.1990
vn -0.9851 -0.1628 -0.0561
vn -0.9851 -0.1628 -0.0560
vn -0.8385 -0.5440 -0.0323
vn -0.9844 -0.1761 -0.0015
vn -0.8362 -0.5307 0.1387
vn -0.9836 -0.1718 0.0545
vn -0.8338 -0.4652 0.2972
vn -0.9828 -0.1505 0.1065
vn -0.8317 -0.3539 0.4279
vn -0.9821 -0.1142 0.1495
vn -0.6773 0.2863 -0.6777
vn -0.6751 0.4845 -0.5563
vn -0.6787 0.0603 -0.7319
vn -0.6792 -0.1714 -0.7137
vn -0.6787 -0.3861 -0.6247
vn -0.6773 -0.5628 -0.4738
vn -0.6751 -0.6843 -0.2757
vn -0.6724 -0.7385 -0.0497
vn -0.6724 -0.7386 -0.0497
vn -0.6693 -0.7204 0.1820
vn -0.6663 -0.6315 0.3967
vn -0.6663 -0.6314 0.3967
vn -0.6635 -0.4806 0.5734
vn -0.6635 -0.4805 0.5735
vn -0.6613 -0.2824 0.6949
vn -0.6599 -0.0564 0.7492
vn -0.6599 -0.0563 0.7492
vn -0.6594 0.1754 0.7310
vn -0.6599 0.3902 0.6421
vn -0.6613 0.5670 0.4911
vn -0.6635 0.6885 0.2929
vn -0.6662 0.7427 0.0669
vn -0.6693 0.7245 -0.1649
vn -0.6693 0.7245 -0.1648
vn -0.6723 0.6355 -0.3796
vn -0.6724 0.6355 -0.3796
vn 0.7243 0.2589 -0.6391
vn 0.7242 0.2586 -0.6393
vn 0.7229 0.0512 -0.6891
vn 0.7229 0.0515 -0.6890
vn 0.7263 0.4406 -0.5276
vn 0.7262 0.4405 -0.5278
vn 0.7224 -0.1614 -0.6724
vn 0.7224 -0.1612 -0.6724
vn 0.7228 -0.3585 -0.5908
vn 0.7229 -0.3584 -0.5908
vn 0.7241 -0.5207 -0.4522
vn 0.7262 -0.6321 -0.2704
vn 0.7261 -0.6322 -0.2703
vn 0.7287 -0.6819 -0.0630
vn 0.7287 -0.6820 -0.0628
vn 0.7315 -0.6652 0.1496
vn 0.7315 -0.6652 0.1499
vn 0.7344 -0.5835 0.3467
vn 0.7343 -0.5834 0.3469
vn 0.7370 -0.4450 0.5088
vn 0.7369 -0.4448 0.5090
vn 0.7390 -0.2632 0.6202
vn 0.7389 -0.2629 0.6203
vn 0.7403 -0.0558 0.6699
vn 0.7403 -0.0556 0.6700
vn 0.7408 0.1568 0.6532
vn 0.7408 0.1570 0.6532
vn 0.7404 0.3538 0.5716
vn 0.7403 0.3539 0.5716
vn 0.7391 0.5159 0.4331
vn 0.7370 0.6274 0.2513
vn 0.7371 0.6273 0.2514
vn 0.7345 0.6772 0.0440
vn 0.7345 0.6771 0.0442
vn 0.7316 0.6605 -0.1686
vn 0.7317 0.6605 -0.1683
vn 0.7288 0.5789 -0.3656
vn 0.7289 0.5790 -0.3653
vn 0.9889 0.0496 -0.1399
vn 0.9889 0.0497 -0.1398
vn 0.9887 0.0079 -0.1500
vn 0.9886 0.0078 -0.1501
vn 0.9893 0.0863 -0.1173
vn 0.9894 0.0863 -0.1171
vn 0.9885 -0.0351 -0.1468
vn 0.9885 -0.0352 -0.1468
vn 0.9886 -0.0750 -0.1303
vn 0.9886 -0.0751 -0.1303
vn 0.9889 -0.1079 -0.1023
vn 0.9893 -0.1305 -0.0655
vn 0.9893 -0.1304 -0.0655
vn 0.9898 -0.1405 -0.0235
vn 0.9898 -0.1404 -0.0236
vn 0.9904 -0.1370 0.0195
vn 0.9904 -0.1369 0.0193
vn 0.9910 -0.1203 0.0593
vn 0.9910 -0.1203 0.0591
vn 0.9915 -0.0922 0.0919
vn 0.9915 -0.0923 0.0917
vn 0.9919 -0.0554 0.1142
vn 0.9919 -0.0556 0.1140
vn 0.9922 -0.0137 0.1240
vn 0.9922 -0.0138 0.1239
vn 0.9923 0.0290 0.1205
vn 0.9923 0.0289 0.1204
vn 0.9922 0.0686 0.1040
vn 0.9922 0.0685 0.1040
vn 0.9920 0.1011 0.0762
vn 0.9916 0.1235 0.0397
vn 0.9915 0.1235 0.0396
vn 0.9910 0.1335 -0.0019
vn 0.9910 0.1336 -0.0020
vn 0.9905 0.1303 -0.0446
vn 0.9905 0.1304 -0.0448
vn 0.9899 0.1141 -0.0843
vn 0.9899 0.1141 -0.0845
vn 0.9620 0.0977 -0.2549
vn 0.9616 0.0178 -0.2740
vn 0.9615 0.0178 -0.2741
vn 0.9628 0.1678 -0.2119
vn 0.9614 -0.0641 -0.2676
vn 0.9616 -0.1400 -0.2362
vn 0.9621 -0.2024 -0.1828
vn 0.9628 -0.2454 -0.1128
vn 0.9638 -0.2646 -0.0329
vn 0.9638 -0.2645 -0.0329
vn 0.9649 -0.2581 0.0490
vn 0.9659 -0.2267 0.1248
vn 0.9659 -0.2267 0.1249
vn 0.9669 -0.1733 0.1874
vn 0.9676 -0.1033 0.2303
vn 0.9681 -0.0234 0.2495
vn 0.9683 0.0585 0.2430
vn 0.9681 0.1344 0.2116
vn 0.9676 0.1969 0.1583
vn 0.9668 0.2398 0.0882
vn 0.9658 0.2590 0.0083
vn 0.9648 0.2526 -0.0736
vn 0.9637 0.2211 -0.1494
vn 0.9637 0.2211 -0.1495
vn 0.3518 -0.3607 0.8638
vn 0.3519 -0.3608 0.8637
vn 0.3535 -0.0748 0.9324
vn 0.3534 -0.0747 0.9325
vn 0.3492 -0.6114 0.7101
vn 0.3539 0.2183 0.9094
vn 0.3532 0.4900 0.7969
vn 0.3514 0.7137 0.6060
vn 0.3514 0.7136 0.6060
vn 0.3487 0.8673 0.3553
vn 0.3453 0.9359 0.0694
vn 0.3415 0.9129 -0.2237
vn 0.3416 0.9129 -0.2236
vn 0.3378 0.8003 -0.4954
vn 0.3379 0.8003 -0.4953
vn 0.3345 0.6093 -0.7189
vn 0.3319 0.3586 -0.8725
vn 0.3302 0.0726 -0.9411
vn 0.3303 0.0727 -0.9411
vn 0.3298 -0.2204 -0.9180
vn 0.3298 -0.2203 -0.9180
vn 0.3304 -0.4919 -0.8055
vn 0.3305 -0.4919 -0.8055
vn 0.3323 -0.7154 -0.6147
vn 0.3323 -0.7156 -0.6145
vn 0.3323 -0.7156 -0.6144
vn 0.3350 -0.8691 -0.3640
vn 0.3384 -0.9377 -0.0782
vn 0.3384 -0.9377 -0.0781
vn 0.3422 -0.9147 0.2148
vn 0.3421 -0.9148 0.2149
vn 0.3459 -0.8023 0.4865
vn 0.3459 -0.8023 0.4866
vn 0.9999 -0.0034 -0.0129
vn 0.9999 -0.0032 -0.0131
vn 0.9999 -0.0034 -0.0132
vn 0.9999 -0.0033 -0.0131
vn 0.9999 -0.0033 -0.0132
vn 0.9999 -0.0034 -0.0131
vn 0.9999 -0.0032 -0.0130
vn 0.9999 -0.0034 -0.0133
vn 0.9982 -0.0086 0.0602
vn 0.9980 -0.0308 0.0548
vn 0.9978 -0.0503 0.0429
vn 0.9982 0.0142 0.0584
vn 0.9975 -0.0652 0.0255
vn 0.9981 0.0353 0.0496
vn 0.9980 0.0527 0.0348
vn 0.9978 0.0647 0.0153
vn 0.9975 0.0700 -0.0070
vn 0.9972 0.0682 -0.0298
vn 0.9969 0.0595 -0.0509
vn 0.9967 0.0446 -0.0683
vn 0.9965 0.0251 -0.0802
vn 0.9963 0.0029 -0.0855
vn 0.9963 -0.0199 -0.0837
vn 0.9963 -0.0410 -0.0750
vn 0.9965 -0.0584 -0.0601
vn 0.9967 -0.0704 -0.0407
vn 0.9970 -0.0757 -0.0184
vn 0.9973 -0.0739 0.0044
vn 0.7484 0.2484 -0.6150
vn 0.7468 0.0491 -0.6632
vn 0.7468 0.0495 -0.6632
vn 0.7484 0.2488 -0.6148
vn 0.7508 0.4232 -0.5072
vn 0.7508 0.4228 -0.5075
vn 0.7461 -0.1555 -0.6475
vn 0.7461 -0.1552 -0.6475
vn 0.7463 -0.3451 -0.5692
vn 0.7463 -0.3450 -0.5692
vn 0.7475 -0.5013 -0.4359
vn 0.7495 -0.6085 -0.2608
vn 0.7495 -0.6086 -0.2607
vn 0.7521 -0.6562 -0.0612
vn 0.7521 -0.6562 -0.0610
vn 0.7551 -0.6397 0.1432
vn 0.7551 -0.6397 0.1436
vn 0.7582 -0.5609 0.3324
vn 0.7582 -0.5607 0.3328
vn 0.7610 -0.4275 0.4879
vn 0.7610 -0.4272 0.4882
vn 0.7633 -0.2528 0.5945
vn 0.7633 -0.2523 0.5947
vn 0.7650 -0.0537 0.6418
vn 0.7650 -0.0533 0.6419
vn 0.7657 0.1501 0.6255
vn 0.7657 0.1504 0.6254
vn 0.7654 0.3389 0.5471
vn 0.7654 0.3390 0.5470
vn 0.7643 0.4942 0.4143
vn 0.7623 0.6010 0.2401
vn 0.7623 0.6010 0.2402
vn 0.7597 0.6490 0.0415
vn 0.7597 0.6490 0.0417
vn 0.7567 0.6333 -0.1624
vn 0.7567 0.6334 -0.1620
vn 0.7536 0.5554 -0.3516
vn 0.7536 0.5556 -0.3512
vn 0.0697 -0.3821 0.9215
vn 0.6841 -0.2841 0.6718
vn 0.6867 -0.0599 0.7245
vn 0.0713 -0.0784 0.9944
vn 0.0672 -0.6484 0.7584
vn 0.6805 -0.4815 0.5524
vn 0.0639 -0.8512 0.5209
vn 0.6763 -0.6325 0.3775
vn 0.0601 -0.9708 0.2324
vn 0.6720 -0.7221 0.1641
vn 0.0563 -0.9953 -0.0790
vn 0.6679 -0.7412 -0.0669
vn 0.0527 -0.9224 -0.3826
vn 0.6646 -0.6876 -0.2925
vn 0.0499 -0.7591 -0.6490
vn 0.6622 -0.5664 -0.4907
vn 0.6646 -0.6875 -0.2927
vn 0.0528 -0.9223 -0.3828
vn 0.0480 -0.5216 -0.8518
vn 0.6610 -0.3897 -0.6413
vn 0.0471 -0.2330 -0.9713
vn 0.6612 -0.1751 -0.7295
vn 0.0475 0.0784 -0.9958
vn 0.6627 0.0561 -0.7468
vn 0.0490 0.3821 -0.9228
vn 0.6653 0.2809 -0.6917
vn 0.0516 0.6483 -0.7596
vn 0.6689 0.4773 -0.5699
vn 0.0549 0.8511 -0.5221
vn 0.6731 0.6261 -0.3936
vn 0.0586 0.9706 -0.2336
vn 0.6774 0.7132 -0.1804
vn 0.0625 0.9950 0.0777
vn 0.6814 0.7303 0.0489
vn 0.0660 0.9221 0.3813
vn 0.6848 0.6760 0.2721
vn 0.0688 0.7589 0.6476
vn 0.6872 0.5559 0.4678
vn 0.0708 0.5214 0.8504
vn 0.6883 0.3814 0.6171
vn 0.0716 0.2329 0.9699
vn 0.6882 0.1693 0.7055
vn -0.0710 -0.3809 0.9219
vn -0.0695 -0.0781 0.9945
vn -0.0734 -0.6468 0.7591
vn -0.0766 -0.8494 0.5221
vn -0.0803 -0.9689 0.2340
vn -0.0841 -0.9935 -0.0770
vn -0.0876 -0.9207 -0.3804
vn -0.0904 -0.7577 -0.6463
vn -0.0875 -0.9206 -0.3806
vn -0.0924 -0.5204 -0.8489
vn -0.0932 -0.2322 -0.9682
vn -0.0929 0.0788 -0.9925
vn -0.0914 0.3821 -0.9196
vn -0.0890 0.6479 -0.7565
vn -0.0858 0.8503 -0.5193
vn -0.0821 0.9694 -0.2313
vn -0.0784 0.9937 0.0795
vn -0.0749 0.9209 0.3825
vn -0.0720 0.7580 0.6483
vn -0.0701 0.5210 0.8507
vn -0.0692 0.2331 0.9700
vn -0.9559 -0.2937 0.0098
vn -0.9558 -0.2937 0.0098
vn -0.9559 -0.2935 0.0098
vn -0.1262 -0.9920 0.0013
vn -0.1261 -0.9920 0.0013
vn 0.7650 -0.6440 -0.0078
vn 0.7654 -0.6436 -0.0079
vn 0.7650 -0.6440 -0.0079
vn 0.9558 0.2939 -0.0098
vn 0.9558 0.2937 -0.0098
vn 0.1262 0.9920 -0.0013
vn -0.7650 0.6440 0.0079
vn -0.7650 0.6439 0.0079
vn 0.0101 0.0001 0.9999
vn 0.0105 -0.0000 0.9999
vn 0.0005 -0.9986 0.0529
vn 0.0005 -0.9986 0.0528
vn 0.0092 -0.4535 0.8912
vn 0.0093 -0.4535 0.8912
vn 0.0087 0.5450 0.8384
vn -0.0005 0.9986 -0.0528
vn -0.0092 0.4536 -0.8912
vn -0.0091 0.4536 -0.8912
vn -0.0093 0.4536 -0.8911
vn -0.0086 -0.5451 -0.8383
vn -0.0087 -0.5451 -0.8383
vn -0.9999 -0.0001 0.0102
vn 0.5828 0.4413 0.6824
vn 0.5685 -0.4191 -0.7079
vn 0.5763 -0.4162 -0.7033
vn 0.5907 0.4382 0.6776
vn -0.5764 0.4383 0.6897
vn -0.5906 -0.4162 -0.6913
vn -0.5829 -0.4191 -0.6961
vn -0.5685 0.4414 0.6943
vn -0.5686 0.4411 0.6943
vn -0.5766 0.4383 0.6895
vn 0.0070 0.7329 0.6803
vn 0.0089 0.4991 0.8665
vn -0.0080 0.6294 -0.7770
vn -0.0023 0.9747 -0.2236
vn -0.0080 0.6295 -0.7770
vn 0.0027 0.9661 0.2583
vn 0.0027 0.9660 0.2583
vn -0.0099 0.2584 -0.9660
vn 0.5296 -0.2579 0.8081
vn 0.5625 -0.0529 0.8251
vn -0.3765 0.2777 0.8838
vn -0.3711 0.2846 0.8839
vn 0.8629 -0.5053 0.0010
vn 0.9417 -0.3363 -0.0086
vn 0.4816 -0.3442 -0.8060
vn 0.4209 -0.3246 -0.8471
vn -0.4621 0.1996 -0.8641
vn -0.5946 0.0163 -0.8038
vn -0.8573 0.5131 0.0418
vn -0.9449 0.3120 0.0989
vn -0.9449 0.3120 0.0991
vn 0.5757 -0.0164 0.8175
vn -0.4227 0.2774 0.8627
vn 0.9448 -0.3173 -0.0815
vn 0.3405 -0.3112 -0.8873
vn -0.6276 -0.0119 -0.7784
vn -0.9634 0.2592 0.0678
vn -0.5270 0.8497 0.0155
vn 0.1114 0.9937 0.0109
vn 0.0514 0.3748 0.9257
vn -0.2105 0.3361 0.9180
vn -0.2292 0.3577 -0.9053
vn 0.0345 0.3965 -0.9174
vn 0.1115 0.9937 0.0109
vn 0.3405 -0.5080 -0.7912
vn -0.0461 -0.6004 -0.7984
vn 0.5592 -0.8289 -0.0152
vn -0.0613 -0.9981 -0.0108
vn 0.3565 -0.5264 0.7719
vn -0.0311 -0.6186 0.7851
vn 0.3362 0.9418 0.0072
vn 0.1653 0.4311 0.8871
vn 0.1496 0.4508 -0.8800
vn 0.3362 0.9418 0.0071
vn -0.1922 -0.5282 -0.8271
vn -0.3251 -0.9456 -0.0080
vn -0.1777 -0.5474 0.8178
vn 0.8402 -0.5421 -0.0087
vn -0.8401 0.5423 0.0086
vn -0.0066 -0.7856 -0.6187
vn 0.0067 -0.7634 0.6459
vn -0.0063 -0.7856 -0.6187
vn -0.0053 0.8569 -0.5155
vn -0.0103 -0.0182 -0.9998
vn -0.0104 -0.0182 -0.9998
vn -0.0050 -0.8749 -0.4843
vn 0.0053 -0.8569 0.5155
vn 0.0103 0.0181 0.9998
vn 0.0050 0.8749 0.4842
vn -0.9846 0.1121 -0.1340
vn -0.9999 -0.0059 0.0128
vn -0.9999 -0.0076 0.0110
vn -0.9844 0.1497 -0.0921
vn -0.9999 -0.0087 0.0088
vn -0.9842 0.1725 -0.0406
vn -0.9847 0.0632 -0.1622
vn -0.9999 -0.0037 0.0139
vn -0.9847 0.0079 -0.1739
vn -0.9999 -0.0014 0.0144
vn -0.9846 -0.0483 -0.1679
vn -0.9999 0.0010 0.0141
vn -0.9844 -0.0999 -0.1447
vn -0.9999 0.0033 0.0131
vn -0.9842 -0.1416 -0.1067
vn -0.9999 0.0051 0.0116
vn -0.9838 -0.1695 -0.0576
vn -0.9999 0.0063 0.0094
vn -0.9835 -0.1808 -0.0024
vn -1.0000 0.0069 0.0071
vn -0.9832 -0.1745 0.0536
vn -1.0000 0.0068 0.0046
vn -0.9829 -0.1513 0.1047
vn -1.0000 0.0058 0.0022
vn -0.9827 -0.1134 0.1462
vn -1.0000 0.0042 0.0003
vn -0.9826 -0.0646 0.1739
vn -1.0000 0.0020 -0.0011
vn -0.9826 -0.0098 0.1852
vn -1.0000 -0.0006 -0.0016
vn -0.9827 0.0459 0.1792
vn -1.0000 -0.0032 -0.0014
vn -0.9829 0.0969 0.1562
vn -1.0000 -0.0055 -0.0003
vn -0.9832 0.1385 0.1187
vn -1.0000 -0.0074 0.0015
vn -0.9835 0.1666 0.0702
vn -1.0000 -0.0086 0.0037
vn -0.9839 0.1783 0.0153
vn -0.9999 -0.0091 0.0063
vn 0.6733 0.6171 -0.4073
vn 0.6730 0.7128 -0.1974
vn 0.9758 0.2094 -0.0629
vn 0.9754 0.1817 -0.1245
vn 0.9752 0.1363 -0.1746
vn 0.6736 0.4617 -0.5772
vn 0.9750 0.0777 -0.2081
vn 0.6741 0.2618 -0.6907
vn 0.9750 0.0116 -0.2219
vn 0.6747 0.0369 -0.7372
vn 0.9751 -0.0555 -0.2146
vn 0.6753 -0.1913 -0.7123
vn 0.9754 -0.1171 -0.1870
vn 0.6759 -0.4008 -0.6184
vn 0.9757 -0.1672 -0.1417
vn 0.6764 -0.5714 -0.4647
vn 0.9761 -0.2008 -0.0831
vn 0.6768 -0.6866 -0.2657
vn 0.9765 -0.2147 -0.0170
vn 0.6770 -0.7349 -0.0405
vn 0.9770 -0.2074 0.0502
vn 0.6770 -0.7113 0.1889
vn 0.9773 -0.1798 0.1118
vn 0.6769 -0.6178 0.4001
vn 0.9776 -0.1345 0.1619
vn 0.6765 -0.4633 0.5724
vn 0.9778 -0.0758 0.1956
vn 0.6760 -0.2627 0.6885
vn 0.9778 -0.0097 0.2095
vn 0.6754 -0.0358 0.7365
vn 0.9776 0.0575 0.2022
vn 0.6748 0.1950 0.7118
vn 0.9774 0.1193 0.1745
vn 0.6742 0.4066 0.6166
vn 0.9771 0.1694 0.1291
vn 0.6737 0.5781 0.4604
vn 0.9767 0.2030 0.0704
vn 0.6733 0.6926 0.2589
vn 0.9762 0.2167 0.0043
vn 0.6731 0.7389 0.0321
vn -0.9844 0.1500 -0.0923
vn -0.8383 0.4586 -0.2949
vn -0.8389 0.3434 -0.4223
vn -0.9846 0.1123 -0.1343
vn -0.8392 0.1944 -0.5079
vn -0.9847 0.0633 -0.1626
vn -0.8392 0.0262 -0.5432
vn -0.9847 0.0079 -0.1743
vn -0.8389 -0.1447 -0.5247
vn -0.9846 -0.0484 -0.1682
vn -0.8383 -0.3015 -0.4543
vn -0.9844 -0.1001 -0.1450
vn -0.8375 -0.4287 -0.3388
vn -0.9841 -0.1419 -0.1069
vn -0.8365 -0.5141 -0.1897
vn -0.9838 -0.1699 -0.0577
vn -0.8355 -0.5491 -0.0216
vn -0.9834 -0.1812 -0.0024
vn -0.8345 -0.5304 0.1491
vn -0.9831 -0.1749 0.0536
vn -0.8337 -0.4599 0.3056
vn -0.9829 -0.1516 0.1049
vn -0.8331 -0.3446 0.4326
vn -0.9827 -0.1136 0.1465
vn -0.8328 -0.1957 0.5178
vn -0.9826 -0.0648 0.1742
vn -0.8328 -0.0278 0.5529
vn -0.9826 -0.0098 0.1856
vn -0.8331 0.1426 0.5344
vn -0.9827 0.0460 0.1795
vn -0.8337 0.2990 0.4642
vn -0.9829 0.0971 0.1566
vn -0.9829 0.0972 0.1565
vn -0.8337 0.2991 0.4641
vn -0.8345 0.4262 0.3491
vn -0.9831 0.1388 0.1190
vn -0.8355 0.5117 0.2004
vn -0.9835 0.1669 0.0703
vn -0.8365 0.5470 0.0325
vn -0.9838 0.1787 0.0153
vn -0.8375 0.5287 -0.1382
vn -0.9841 0.1729 -0.0407
vn -0.6661 -0.6225 0.4109
vn -0.6674 -0.7177 0.1989
vn -0.6652 -0.4664 0.5831
vn -0.6647 -0.2647 0.6987
vn -0.6646 -0.0372 0.7463
vn -0.6650 0.1938 0.7212
vn -0.6659 0.4058 0.6261
vn -0.6658 0.4058 0.6261
vn -0.6670 0.5780 0.4700
vn -0.6670 0.5781 0.4700
vn -0.6684 0.6937 0.2684
vn -0.6699 0.7413 0.0409
vn -0.6713 0.7163 -0.1901
vn -0.6713 0.7163 -0.1902
vn -0.6726 0.6212 -0.4022
vn -0.6735 0.4651 -0.5745
vn -0.6740 0.2634 -0.6901
vn -0.6740 0.2634 -0.6902
vn -0.6741 0.0359 -0.7378
vn -0.6737 -0.1952 -0.7128
vn -0.6728 -0.4073 -0.6175
vn -0.6717 -0.5796 -0.4615
vn -0.6703 -0.6952 -0.2597
vn -0.6703 -0.6952 -0.2598
vn -0.6688 -0.7428 -0.0322
vn 0.7346 -0.5699 0.3682
vn 0.7345 -0.5698 0.3685
vn 0.7354 -0.4266 0.5265
vn 0.7354 -0.4268 0.5263
vn 0.7335 -0.6571 0.1736
vn 0.7334 -0.6571 0.1739
vn 0.7358 -0.2416 0.6326
vn 0.7359 -0.2417 0.6325
vn 0.7359 -0.0328 0.6763
vn 0.7359 -0.0329 0.6763
vn 0.7355 0.1793 0.6534
vn 0.7348 0.3739 0.5660
vn 0.7347 0.3740 0.5660
vn 0.7337 0.5319 0.4228
vn 0.7337 0.5321 0.4227
vn 0.7325 0.6380 0.2377
vn 0.7324 0.6381 0.2375
vn 0.7311 0.6816 0.0290
vn 0.7311 0.6817 0.0287
vn 0.7299 0.6586 -0.1831
vn 0.7298 0.6586 -0.1834
vn 0.7288 0.5713 -0.3776
vn 0.7287 0.5712 -0.3779
vn 0.7279 0.4281 -0.5356
vn 0.7279 0.4279 -0.5358
vn 0.7275 0.2431 -0.6416
vn 0.7274 0.2429 -0.6417
vn 0.7274 0.0343 -0.6853
vn 0.7274 0.0342 -0.6853
vn 0.7278 -0.1777 -0.6624
vn 0.7285 -0.3722 -0.5751
vn 0.7286 -0.3721 -0.5751
vn 0.7296 -0.5303 -0.4319
vn 0.7296 -0.5301 -0.4320
vn 0.7308 -0.6363 -0.2469
vn 0.7309 -0.6362 -0.2471
vn 0.7322 -0.6801 -0.0382
vn 0.7322 -0.6800 -0.0384
vn 0.9911 -0.1141 0.0690
vn 0.9911 -0.1141 0.0688
vn 0.9912 -0.0854 0.1008
vn 0.9912 -0.0853 0.1010
vn 0.9909 -0.1316 0.0297
vn 0.9909 -0.1316 0.0295
vn 0.9913 -0.0480 0.1224
vn 0.9913 -0.0479 0.1225
vn 0.9913 -0.0058 0.1314
vn 0.9913 -0.0057 0.1314
vn 0.9912 0.0371 0.1268
vn 0.9911 0.0766 0.1091
vn 0.9911 0.0765 0.1091
vn 0.9909 0.1085 0.0800
vn 0.9909 0.1084 0.0801
vn 0.9906 0.1299 0.0425
vn 0.9906 0.1297 0.0426
vn 0.9904 0.1385 0.0003
vn 0.9904 0.1384 0.0004
vn 0.9901 0.1337 -0.0425
vn 0.9901 0.1336 -0.0423
vn 0.9899 0.1159 -0.0816
vn 0.9899 0.1159 -0.0814
vn 0.9898 0.0870 -0.1133
vn 0.9898 0.0870 -0.1131
vn 0.9897 0.0497 -0.1345
vn 0.9897 0.0498 -0.1344
vn 0.9897 0.0077 -0.1432
vn 0.9897 0.0078 -0.1431
vn 0.9898 -0.0348 -0.1385
vn 0.9899 -0.0739 -0.1210
vn 0.9901 -0.1056 -0.0923
vn 0.9901 -0.1057 -0.0923
vn 0.9904 -0.1270 -0.0552
vn 0.9903 -0.1272 -0.0551
vn 0.9906 -0.1360 -0.0133
vn 0.9906 -0.1361 -0.0131
vn 0.9661 -0.2188 0.1373
vn 0.9664 -0.1637 0.1982
vn 0.9664 -0.1636 0.1982
vn 0.9656 -0.2525 0.0623
vn 0.9666 -0.0924 0.2390
vn 0.9666 -0.0119 0.2559
vn 0.9666 -0.0120 0.2559
vn 0.9665 0.0697 0.2470
vn 0.9662 0.1446 0.2134
vn 0.9658 0.2055 0.1582
vn 0.9653 0.2464 0.0870
vn 0.9647 0.2632 0.0066
vn 0.9647 0.2632 0.0065
vn 0.9642 0.2544 -0.0752
vn 0.9637 0.2207 -0.1501
vn 0.9634 0.1656 -0.2110
vn 0.9632 0.0943 -0.2518
vn 0.9631 0.0138 -0.2687
vn 0.9631 0.0139 -0.2687
vn 0.9633 -0.0678 -0.2598
vn 0.9636 -0.1427 -0.2262
vn 0.9640 -0.2036 -0.1710
vn 0.9645 -0.2445 -0.0997
vn 0.9651 -0.2613 -0.0193
vn 0.3413 0.7858 -0.5158
vn 0.3414 0.7858 -0.5157
vn 0.3400 0.5887 -0.7334
vn 0.3400 0.5886 -0.7334
vn 0.3430 0.9060 -0.2480
vn 0.3431 0.9060 -0.2479
vn 0.3393 0.3340 -0.8794
vn 0.3392 0.3339 -0.8794
vn 0.3391 0.0466 -0.9396
vn 0.3396 -0.2454 -0.9080
vn 0.3407 -0.5132 -0.7877
vn 0.3407 -0.5132 -0.7878
vn 0.3422 -0.7309 -0.5905
vn 0.3422 -0.7308 -0.5906
vn 0.3441 -0.8768 -0.3359
vn 0.3461 -0.9369 -0.0484
vn 0.3462 -0.9369 -0.0485
vn 0.3481 -0.9053 0.2435
vn 0.3482 -0.9053 0.2434
vn 0.3498 -0.7849 0.5113
vn 0.3499 -0.7850 0.5112
vn 0.3512 -0.5878 0.7289
vn 0.3512 -0.5878 0.7288
vn 0.3519 -0.3331 0.8747
vn 0.3520 -0.3332 0.8747
vn 0.3521 -0.0458 0.9348
vn 0.3521 -0.0459 0.9348
vn 0.3516 0.2458 0.9033
vn 0.3516 0.2462 0.9032
vn 0.3516 0.2461 0.9032
vn 0.3506 0.5138 0.7830
vn 0.3490 0.7313 0.5860
vn 0.3490 0.7314 0.5859
vn 0.3471 0.8773 0.3314
vn 0.3471 0.8774 0.3313
vn 0.3451 0.9375 0.0440
vn 0.3450 0.9376 0.0440
vn 1.0000 0.0011 -0.0060
vn 1.0000 0.0011 -0.0061
vn 1.0000 0.0011 -0.0059
vn 1.0000 0.0012 -0.0060
vn 1.0000 0.0012 -0.0059
vn 1.0000 0.0012 -0.0061
vn 0.9969 0.0468 -0.0636
vn 0.9970 0.0622 -0.0466
vn 0.9971 0.0715 -0.0257
vn 0.9968 0.0270 -0.0750
vn 0.9973 0.0740 -0.0030
vn 0.9968 0.0046 -0.0796
vn 0.9969 -0.0182 -0.0772
vn 0.9969 -0.0390 -0.0678
vn 0.9971 -0.0560 -0.0525
vn 0.9972 -0.0674 -0.0326
vn 0.9973 -0.0720 -0.0102
vn 0.9975 -0.0696 0.0125
vn 0.9976 -0.0602 0.0334
vn 0.9977 -0.0448 0.0503
vn 0.9978 -0.0250 0.0617
vn 0.9978 -0.0026 0.0664
vn 0.9978 0.0201 0.0639
vn 0.9977 0.0410 0.0545
vn 0.9976 0.0579 0.0392
vn 0.9974 0.0693 0.0194
vn 0.7584 -0.5475 0.3537
vn 0.7588 -0.4101 0.5060
vn 0.7588 -0.4104 0.5057
vn 0.7584 -0.5477 0.3534
vn 0.7577 -0.6311 0.1662
vn 0.7577 -0.6309 0.1666
vn 0.7590 -0.2323 0.6083
vn 0.7590 -0.2326 0.6082
vn 0.7588 -0.0315 0.6505
vn 0.7588 -0.0316 0.6505
vn 0.7584 0.1726 0.6286
vn 0.7584 0.1726 0.6285
vn 0.7577 0.3599 0.5444
vn 0.7577 0.3600 0.5443
vn 0.7569 0.5118 0.4064
vn 0.7569 0.5120 0.4062
vn 0.7560 0.6135 0.2283
vn 0.7560 0.6137 0.2279
vn 0.7550 0.6551 0.0275
vn 0.7550 0.6551 0.0270
vn 0.7542 0.6326 -0.1761
vn 0.7542 0.6325 -0.1766
vn 0.7535 0.5483 -0.3627
vn 0.7535 0.5481 -0.3631
vn 0.7531 0.4106 -0.5141
vn 0.7531 0.4103 -0.5143
vn 0.7529 0.2331 -0.6154
vn 0.7529 0.2328 -0.6156
vn 0.7531 0.0330 -0.6571
vn 0.7531 0.0328 -0.6571
vn 0.7535 -0.1702 -0.6351
vn 0.7542 -0.3566 -0.5514
vn 0.7542 -0.3565 -0.5515
vn 0.7550 -0.5082 -0.4143
vn 0.7550 -0.5080 -0.4146
vn 0.7559 -0.6102 -0.2371
vn 0.7559 -0.6101 -0.2375
vn 0.7569 -0.6525 -0.0370
vn 0.7569 -0.6525 -0.0374
vn 0.0546 0.8355 -0.5468
vn 0.6730 0.6174 -0.4074
vn 0.6733 0.4619 -0.5773
vn 0.0530 0.6257 -0.7782
vn 0.0567 0.9634 -0.2619
vn 0.6728 0.7130 -0.1975
vn 0.0590 0.9971 0.0486
vn 0.6728 0.7392 0.0321
vn 0.0614 0.9331 0.3543
vn 0.6730 0.6928 0.2590
vn 0.0635 0.7778 0.6253
vn 0.6734 0.5783 0.4605
vn 0.0653 0.5465 0.8349
vn 0.6739 0.4069 0.6167
vn 0.0665 0.2614 0.9629
vn 0.6745 0.1950 0.7120
vn 0.6739 0.4067 0.6168
vn 0.0653 0.5463 0.8351
vn 0.0670 -0.0491 0.9965
vn 0.6751 -0.0358 0.7368
vn 0.0667 -0.3549 0.9325
vn 0.6757 -0.2628 0.6887
vn 0.0657 -0.6258 0.7772
vn 0.6762 -0.4635 0.5726
vn 0.0642 -0.8355 0.5457
vn 0.6766 -0.6181 0.4003
vn 0.0621 -0.9634 0.2608
vn 0.6767 -0.7116 0.1889
vn 0.0597 -0.9970 -0.0497
vn 0.6767 -0.7351 -0.0406
vn 0.0574 -0.9330 -0.3553
vn 0.6765 -0.6868 -0.2658
vn 0.0552 -0.7776 -0.6263
vn 0.6762 -0.5716 -0.4648
vn 0.0534 -0.5462 -0.8359
vn 0.6756 -0.4010 -0.6187
vn 0.0523 -0.2613 -0.9638
vn 0.6750 -0.1914 -0.7125
vn 0.0518 0.0490 -0.9975
vn 0.6744 0.0369 -0.7374
vn 0.0521 0.3548 -0.9335
vn 0.6738 0.2619 -0.6909
vn -0.0860 0.8339 -0.5452
vn -0.0877 0.6248 -0.7758
vn -0.0839 0.9617 -0.2608
vn -0.0815 0.9955 0.0492
vn -0.0791 0.9317 0.3545
vn -0.0769 0.7767 0.6252
vn -0.0751 0.5455 0.8348
vn -0.0739 0.2609 0.9625
vn -0.0751 0.5453 0.8349
vn -0.0734 -0.0493 0.9961
vn -0.0737 -0.3546 0.9321
vn -0.0747 -0.6252 0.7769
vn -0.0764 -0.8345 0.5457
vn -0.0785 -0.9621 0.2611
vn -0.0809 -0.9955 -0.0489
vn -0.0834 -0.9315 -0.3540
vn -0.0856 -0.7764 -0.6244
vn -0.0874 -0.5454 -0.8336
vn -0.0886 -0.2610 -0.9613
vn -0.0890 0.0488 -0.9948
vn -0.0887 0.3539 -0.9310
vn 0.8402 0.5421 -0.0086
vn -0.3259 -0.0000 -0.9454
vn -0.9519 -0.0000 -0.3064
vn -0.8062 0.5521 -0.2125
vn -0.9454 -0.0000 0.3260
vn -0.3064 -0.0000 0.9519
vn -0.2125 0.5520 0.8063
vn 0.9454 -0.0000 -0.3259
vn 0.3065 -0.0000 -0.9519
vn 0.8062 0.5521 0.2125
vn 0.2289 0.5521 0.8018
vn 0.3259 -0.0000 0.9454
vn 0.9519 -0.0000 0.3064
vn 0.3257 -0.0000 0.9455
vn 0.2292 0.5521 0.8017
vn -0.0901 0.0305 0.9955
vn 0.7143 0.4799 0.5093
vn 0.7602 0.3857 0.5229
vn -0.0901 0.1518 0.9843
vn -0.7771 -0.4290 0.4606
vn -0.8368 -0.2382 0.4930
vn -0.7675 -0.4895 -0.4138
vn -0.7966 -0.4070 -0.4470
vn -0.0339 -0.1065 -0.9937
vn 0.0418 -0.1939 -0.9801
vn 0.7710 0.4194 -0.4793
vn 0.8598 0.2125 -0.4643
vn 0.8598 0.2124 -0.4643
vn -0.0648 0.2022 0.9772
vn -0.8724 -0.1892 0.4507
vn -0.7609 -0.3818 -0.5247
vn 0.0789 -0.2131 -0.9738
vn 0.8517 0.1260 -0.5087
vn 0.8516 0.1260 -0.5087
vn 0.8195 0.3432 0.4589
vn 0.4308 0.7145 0.5513
vn -0.0723 -0.1217 0.9899
vn 0.0407 -0.1553 0.9870
vn -0.1547 0.8167 0.5560
vn 0.4194 0.7147 -0.5597
vn -0.1665 0.8165 -0.5528
vn -0.0928 -0.1219 -0.9882
vn -0.1665 0.8166 -0.5527
vn 0.0201 -0.1552 -0.9877
vn -0.4897 -0.7615 -0.4245
vn 0.1246 -0.8974 -0.4233
vn -0.4808 -0.7614 0.4349
vn 0.1335 -0.8974 0.4205
vn -0.3258 0.8098 0.4879
vn -0.3357 0.8098 -0.4812
vn 0.0034 -0.0400 -0.9992
vn 0.3231 -0.8296 -0.4553
vn 0.3324 -0.8297 0.4485
vn 0.0240 -0.0399 0.9989
vn 0.0102 -0.0960 0.9953
vn 0.0059 0.8140 0.5808
vn 0.0060 0.8140 0.5808
vn -0.0043 0.9100 -0.4145
vn -0.0042 0.9100 -0.4145
vn -0.0102 0.0960 -0.9953
vn -0.0060 -0.8140 -0.5808
vn 0.0043 -0.9100 0.4146
vn -0.9978 -0.0619 -0.0256
vn -0.9942 -0.0738 -0.0784
vn -0.9486 0.2917 -0.1229
vn -0.9414 0.2196 0.2562
vn 0.9467 0.2354 0.2198
vn 0.9309 0.3351 -0.1452
vn 0.9943 -0.0151 -0.1056
vn 0.9954 -0.0180 -0.0937
vn -0.6093 0.1042 0.7860
vn 0.0103 0.1110 0.9938
vn -0.5733 0.2172 0.7900
vn -0.3240 -0.4205 -0.8475
vn -0.3159 -0.4487 -0.8360
vn -0.4335 0.8794 0.1970
vn -0.0716 0.9249 0.3733
vn -0.2447 0.8668 -0.4345
vn -0.5029 0.7898 -0.3512
vn -0.9413 0.2195 0.2566
vn 0.0004 0.2894 0.9572
vn -0.8955 0.1216 0.4280
vn 0.9466 0.2353 0.2202
vn 0.8773 -0.1482 -0.4565
vn 0.9107 0.1167 0.3961
vn -0.3713 -0.2956 -0.8802
vn -0.8770 -0.1565 -0.4542
vn -0.0014 0.2157 0.9765
vn -0.8807 0.1368 0.4535
vn 0.9075 0.0070 -0.4200
vn 0.8921 0.1233 0.4347
vn -0.9052 0.0012 -0.4249
vn -0.4142 -0.0941 -0.9053
vn -0.9052 0.0011 -0.4249
vn -0.0180 0.2841 0.9586
vn 0.0508 0.4184 0.9069
vn -0.0567 0.2161 0.9747
vn 0.2241 0.8412 -0.4921
vn 0.0697 0.9336 0.3516
vn 0.4379 0.8863 0.1506
vn 0.5207 0.7963 -0.3077
vn 0.3561 -0.2954 -0.8865
vn 0.4036 -0.0997 -0.9095
vn 0.9075 0.0070 -0.4201
vn 0.6253 0.1042 0.7734
vn 0.5894 0.2172 0.7781
vn 0.0199 0.9949 -0.0992
vn 0.0101 0.1455 0.9893
vn 0.2854 0.1536 0.9460
vn -0.0599 0.8411 -0.5375
vn 0.0995 0.7526 0.6510
vn 0.0062 0.7968 0.6043
vn -0.0053 0.8604 -0.5096
vn -0.0885 -0.1089 -0.9901
vn -0.0097 -0.3371 -0.9414
vn -0.0714 -0.3353 -0.9394
vn -0.0092 -0.4463 -0.8949
vn 0.0358 0.3786 0.9248
vn 0.0530 -0.3350 -0.9407
vn 0.0672 -0.1130 -0.9913
vn -0.0816 0.7574 0.6478
vn 0.0447 0.8474 -0.5291
vn -0.2660 0.1536 0.9517
vn -0.2854 0.3933 0.8740
vn -0.1032 0.9878 -0.1165
vn -0.8551 0.3151 0.4118
vn -0.9385 0.1114 0.3268
vn -0.5732 0.2174 0.7900
vn -0.0656 0.9576 0.2806
vn -0.0906 0.9634 0.2521
vn 0.9451 0.1115 0.3073
vn -0.9986 -0.0232 -0.0466
vn -0.9479 0.3063 -0.0882
vn -0.0707 0.9845 -0.1608
vn 0.1104 0.9804 -0.1635
vn 0.0675 0.9845 -0.1620
vn 0.9389 0.3316 -0.0927
vn 0.9987 0.0126 -0.0488
vn 0.1096 0.9869 -0.1188
vn -0.0012 0.9928 -0.1198
vn -0.9161 0.3998 0.0285
vn -0.9966 0.0537 0.0617
vn 0.9977 0.0538 0.0411
vn 0.0793 0.9924 -0.0942
vn 0.0607 0.6846 0.7264
vn 0.6582 0.2105 0.7228
vn 0.6283 0.2486 0.7372
vn 0.1008 0.6659 0.7392
vn 0.6236 0.7818 -0.0064
vn 0.6235 0.7818 -0.0064
vn -0.6432 0.2105 0.7362
vn -0.0458 0.6846 0.7275
vn -0.0856 0.6659 0.7411
vn -0.6130 0.2485 0.7499
vn -0.6235 0.7818 0.0064
vn 0.6967 0.1572 0.6999
vn -0.6822 0.1572 0.7141
vn 0.9749 0.2223 -0.0100
vn -0.9749 0.2223 0.0100
vn -0.9967 0.0807 0.0103
vn -0.9200 -0.0000 0.3920
vn -0.9140 0.0583 0.4016
vn -0.7320 0.6813 0.0075
vn -0.6542 0.6234 0.4283
vn -0.3987 0.9171 0.0041
vn -0.3671 0.8530 0.3709
vn 0.7322 0.6810 -0.0075
vn 0.3989 0.9170 -0.0041
vn 0.3747 0.8528 0.3639
vn 0.6628 0.6232 0.4150
vn 0.9967 0.0808 -0.0103
vn 0.9220 0.0583 0.3827
vn 0.9278 -0.0000 0.3731
vn -0.9967 0.0808 0.0103
vn -0.9199 -0.0000 0.3921
vn -0.7320 0.6813 0.0076
vn -0.3671 0.8530 0.3710
vn 0.7321 0.6811 -0.0075
vn 0.6628 0.6232 0.4151
vn 0.9967 0.0807 -0.0103
vn -0.9967 0.0808 0.0102
vn 0.7321 0.6811 -0.0076
vn -0.9405 -0.0000 -0.3398
vn -0.9968 0.0798 0.0102
vn -0.9352 0.0597 -0.3489
vn 0.9279 0.0597 -0.3681
vn 0.9968 0.0799 -0.0102
vn 0.9333 -0.0000 -0.3590
vn -0.3791 0.8641 -0.3311
vn -0.6740 0.6340 -0.3793
vn -0.7316 0.6817 0.0075
vn 0.6660 0.6338 -0.3934
vn 0.7317 0.6816 -0.0075
vn 0.3723 0.8638 -0.3393
vn -0.9982 0.0582 0.0103
vn -0.9982 0.0583 0.0103
vn -0.7530 0.6580 0.0077
vn -0.4284 0.9036 0.0044
vn 0.7530 0.6580 -0.0077
vn 0.4283 0.9036 -0.0044
vn 0.4284 0.9036 -0.0044
vn 0.9982 0.0583 -0.0103
vn -0.9982 0.0583 0.0102
vn -0.4283 0.9036 0.0044
vn 0.7530 0.6580 -0.0078
vn 0.9982 0.0583 -0.0102
vn -0.7530 0.6579 0.0077
vn 0.7530 0.6579 -0.0077
vn -0.9966 0.0821 0.0102
vn -0.8976 -0.0000 0.4408
vn -0.8908 0.0561 0.4509
vn -0.7325 0.6808 0.0076
vn -0.6347 0.6059 0.4796
vn -0.3585 0.8344 0.4186
vn 0.7325 0.6807 -0.0077
vn 0.3671 0.8341 0.4118
vn 0.6444 0.6057 0.4668
vn 0.9966 0.0820 -0.0103
vn 0.8999 0.0561 0.4325
vn 0.9065 -0.0000 0.4223
vn -0.0102 -0.0000 -0.9999
vn 0.8976 -0.0000 -0.4408
vn 0.8908 0.0560 -0.4509
vn 0.6347 0.6056 -0.4800
vn 0.3586 0.8340 -0.4193
vn -0.3670 0.8344 -0.4111
vn -0.6444 0.6059 -0.4665
vn -0.8999 0.0561 -0.4325
vn -0.9065 -0.0000 -0.4222
vn 0.9140 0.0583 -0.4016
vn 0.9199 -0.0000 -0.3921
vn 0.6542 0.6232 -0.4286
vn 0.3672 0.8527 -0.3716
vn -0.6628 0.6234 -0.4148
vn -0.3746 0.8530 -0.3633
vn -0.9220 0.0583 -0.3827
vn -0.9278 -0.0000 -0.3731
vn 0.9200 -0.0000 -0.3920
vn 0.3672 0.8527 -0.3715
vn -0.6628 0.6234 -0.4147
vn -0.3747 0.8530 -0.3633
vn -0.9278 -0.0000 -0.3730
vn 0.3792 0.8638 0.3316
vn 0.6740 0.6338 0.3796
vn 0.9352 0.0598 0.3489
vn 0.9405 -0.0000 0.3397
vn -0.9333 -0.0000 0.3591
vn -0.9279 0.0597 0.3681
vn -0.6660 0.6340 0.3930
vn -0.3723 0.8641 0.3388
vn -0.0103 -0.0004 -0.9999
vn -0.9999 -0.0020 0.0099
vn -0.9999 -0.0017 0.0102
vn -0.9999 -0.0013 0.0101
vn -0.9999 -0.0025 0.0102
vn 0.9999 -0.0051 -0.0087
vn 0.9999 -0.0051 -0.0102
vn -0.9999 -0.0006 0.0108
vn -0.9999 -0.0000 0.0123
vn -0.9999 -0.0006 0.0107
vn 1.0000 -0.0051 -0.0082
vn 1.0000 -0.0052 -0.0083
vn -0.9999 -0.0026 0.0103
vn 0.9999 -0.0077 -0.0103
vn 0.9999 -0.0076 -0.0103
vn -0.9999 -0.0025 0.0103
vn 0.9999 -0.0052 -0.0123
vn 0.9999 -0.0053 -0.0124
vn -0.9999 -0.0019 0.0098
vn -1.0000 -0.0017 0.0096
vn 0.9999 -0.0050 -0.0118
vn 0.9999 -0.0051 -0.0118
vn -0.9999 -0.0022 0.0109
vn -0.9999 -0.0018 0.0108
vn -0.0000 1.0000 -0.0001
vn 0.0743 0.9941 -0.0794
vn 0.1040 0.9913 -0.0803
vn -0.1334 0.9880 -0.0784
vn -0.1055 0.9914 -0.0780
vn -0.5106 0.8538 -0.1015
vn -0.4710 0.8767 -0.0975
vn -0.9917 -0.0336 -0.1245
vn -0.9917 -0.0336 -0.1244
vn 0.9501 -0.2948 -0.1020
vn 0.5280 0.8422 -0.1088
vn 0.4666 0.8784 -0.1030
vn 0.9500 -0.2952 -0.1020
vn 0.0748 -0.3829 0.9207
vn 0.0574 -0.3876 0.9201
vn -0.0517 -0.3899 0.9194
vn -0.0693 -0.3860 0.9199
vn -0.2083 -0.3510 0.9129
vn -0.2083 -0.3508 0.9130
vn 0.2094 -0.3424 0.9159
vn 0.2096 -0.3423 0.9159
vn 0.2957 -0.1224 0.9474
vn 0.2455 -0.1009 0.9641
vn -0.2343 -0.0661 0.9699
vn -0.2906 -0.0812 0.9534
vn -0.1305 -0.0595 0.9897
vn -0.0907 -0.0427 0.9950
vn 0.1101 -0.0207 0.9937
vn 0.1723 -0.0336 0.9845
vn -0.4945 -0.1194 0.8610
vn -0.5023 -0.1255 0.8555
vn -0.2959 -0.0847 0.9514
vn -0.2805 -0.0975 0.9549
vn 0.5179 -0.2303 0.8239
vn 0.5136 -0.2298 0.8267
vn 0.3449 -0.1285 0.9298
vn 0.3329 -0.0896 0.9387
vn -0.1200 -0.9894 0.0815
vn -0.0832 -0.9934 0.0785
vn 0.1216 -0.9895 0.0785
vn 0.1555 -0.9845 0.0810
vn -0.2198 0.9738 0.0577
vn 0.1799 0.9819 0.0596
vn 0.1819 0.9815 0.0597
vn -0.2175 0.9744 0.0576
vn 0.3775 -0.9202 0.1032
vn 0.4208 -0.9005 0.1100
vn 0.9133 -0.3678 0.1747
vn 0.4120 0.9087 0.0674
vn -0.4491 -0.8860 0.1151
vn -0.3744 -0.9212 0.1060
vn -0.0836 -0.9934 0.0786
vn -0.1203 -0.9894 0.0815
vn -0.9891 0.0169 0.1461
vn -0.4936 0.8674 0.0633
vn -0.4939 0.8672 0.0633
vn -0.9106 0.4132 -0.0039
vn -0.9108 0.4129 -0.0039
vn 0.0103 -0.0254 0.9996
vn 0.9442 0.3287 -0.0203
vn 0.9441 0.3290 -0.0202
vn 0.9441 0.3291 -0.0202
vn -0.0103 0.0153 -0.9998
vn -0.0104 0.0154 -0.9998
vn -0.0103 0.0152 -0.9998
vn 0.0043 -0.9944 0.1057
vn 0.0049 -0.9997 -0.0229
vn 0.0049 -0.9997 -0.0230
vn 0.0049 -0.9997 -0.0231
vn 0.0050 -0.9997 -0.0233
vn -0.0624 0.9980 0.0006
vn 0.0624 0.9980 -0.0006
vn 0.0625 0.9980 -0.0006
vn -0.0624 0.9980 0.0007
vn -0.7530 0.6580 0.0078
vn 0.7530 0.6579 -0.0078
vn -0.9999 -0.0022 0.0103
vn -0.9995 0.0298 0.0103
vn -0.0322 0.9995 0.0003
vn 0.0322 0.9995 -0.0003
vn 0.9995 0.0298 -0.0103
vn 0.9999 -0.0022 -0.0103
vn -0.7747 0.6323 0.0080
vn 0.7747 0.6323 -0.0080
vn 0.6322 0.0017 -0.7748
vn 0.6313 -0.0108 -0.7754
vn 0.0029 -0.6391 -0.7691
vn -0.0187 -0.6391 -0.7689
vn -0.6472 -0.0108 -0.7623
vn -0.6481 0.0017 -0.7616
vn 0.4679 -0.3513 -0.8110
vn -0.4844 -0.3513 -0.8012
vn -0.4844 -0.3514 -0.8012
vn -0.0103 -0.0003 -0.9999
vn -0.0103 -0.0002 -0.9999
vn 0.0100 -0.2177 0.9760
vn 0.0070 0.7364 0.6765
vn 0.0069 0.7364 0.6765
vn -0.0031 0.9541 -0.2994
vn -0.0031 0.9541 -0.2995
vn -0.0100 0.2177 -0.9760
vn -0.0069 -0.7364 -0.6765
vn 0.0031 -0.9541 0.2995
vn 0.9994 0.0315 -0.0104
vn 0.9994 0.0316 -0.0103
vn 0.0103 0.0315 0.9995
vn 0.0102 0.0315 0.9995
vn -0.9995 0.0315 0.0101
vn -0.9995 0.0315 0.0100
vn -0.0102 0.0313 -0.9995
vn -0.0103 0.0312 -0.9995
vn -0.0101 0.0317 -0.9994
vn -0.0720 0.5418 -0.8374
vn -0.0730 0.3295 -0.9413
vn 0.0573 0.5424 -0.8382
vn 0.0513 0.3302 -0.9425
vn 0.9978 -0.0553 -0.0372
vn 0.0045 0.8990 0.4379
vn -0.0045 -0.8990 -0.4379
vn -0.0091 0.4657 -0.8849
vn -0.0091 0.4658 -0.8849
vn 0.7232 0.5454 0.4237
vn 0.9860 0.0457 0.1604
vn 0.9849 0.0539 0.1647
vn 0.7281 0.5588 0.3971
vn 0.8950 -0.4369 -0.0901
vn 0.8906 -0.4366 -0.1273
vn 0.3374 -0.8906 -0.3049
vn 0.3830 -0.8637 -0.3276
vn -0.0637 -0.9412 -0.3319
vn -0.1249 -0.9276 -0.3520
vn -0.0638 -0.9411 -0.3319
vn -0.6450 -0.7273 -0.2345
vn -0.7068 -0.6718 -0.2219
vn -0.1252 -0.9276 -0.3519
vn -0.9799 -0.1976 0.0267
vn -0.9812 -0.1917 0.0234
vn -0.8825 0.3391 0.3258
vn -0.8827 0.3540 0.3090
vn -0.4150 0.7356 0.5355
vn -0.4167 0.7519 0.5109
vn 0.1937 0.8025 0.5644
vn 0.1940 0.8190 0.5400
vn 0.9914 0.0790 0.1039
vn 0.7327 0.5733 0.3667
vn 0.8781 -0.4465 -0.1719
vn 0.3952 -0.8451 -0.3601
vn -0.1669 -0.9111 -0.3768
vn -0.7400 -0.6362 -0.2182
vn -0.1673 -0.9111 -0.3768
vn -0.9830 -0.1822 0.0209
vn -0.8830 0.3699 0.2890
vn -0.4181 0.7700 0.4820
vn 0.1943 0.8373 0.5111
vn 0.3544 0.7034 -0.6161
vn 0.4825 0.4588 -0.7461
vn 0.4825 0.4588 -0.7462
vn 0.4232 0.1936 -0.8851
vn 0.1993 0.0091 -0.9799
vn -0.1036 -0.0243 -0.9943
vn -0.1039 -0.0242 -0.9943
vn -0.3702 0.1064 -0.9228
vn -0.4983 0.3510 -0.7928
vn -0.4390 0.6162 -0.6539
vn -0.4390 0.6162 -0.6538
vn -0.2151 0.8007 -0.5590
vn 0.0879 0.8340 -0.5447
vn 0.0879 0.8340 -0.5446
vn 0.7336 0.6045 0.3106
vn 0.9929 0.1091 0.0472
vn 0.7326 0.6229 0.2744
vn 0.8730 -0.4279 -0.2342
vn 0.8719 -0.4087 -0.2698
vn 0.4196 -0.8015 -0.4261
vn 0.4189 -0.7820 -0.4616
vn -0.1939 -0.8690 -0.4553
vn -0.1941 -0.8494 -0.4908
vn -0.1943 -0.8689 -0.4553
vn -0.7336 -0.6045 -0.3106
vn -0.7334 -0.5851 -0.3461
vn -0.1945 -0.8493 -0.4907
vn -0.9929 -0.1091 -0.0472
vn -0.9925 -0.0901 -0.0831
vn -0.8730 0.4279 0.2341
vn -0.8726 0.4464 0.1981
vn -0.4196 0.8015 0.4261
vn -0.4196 0.8197 0.3898
vn 0.1941 0.8690 0.4553
vn 0.1935 0.8871 0.4190
vn 0.7326 0.6228 0.2744
vn 0.8796 0.3094 -0.3614
vn 0.7515 0.3844 -0.5362
vn 0.5537 0.7622 -0.3353
vn 0.8719 -0.4087 -0.2699
vn 0.6601 -0.0253 -0.7508
vn 0.4189 -0.7819 -0.4616
vn 0.3142 -0.3103 -0.8972
vn -0.1943 -0.8493 -0.4908
vn -0.1539 -0.3617 -0.9195
vn -0.7333 -0.5851 -0.3462
vn -0.5655 -0.1600 -0.8091
vn -0.7633 0.2178 -0.6083
vn -0.8726 0.4465 0.1980
vn -0.6718 0.6275 -0.3936
vn -0.4196 0.8198 0.3898
vn -0.3259 0.9125 -0.2472
vn 0.1422 0.9640 -0.2249
vn -0.3829 0.3901 -0.8374
vn -0.2852 0.2032 -0.9367
vn -0.3377 0.5927 -0.7312
vn -0.1667 0.7336 -0.6589
vn 0.0648 0.7590 -0.6479
vn 0.2683 0.6592 -0.7024
vn 0.3661 0.4724 -0.8018
vn 0.3208 0.2699 -0.9079
vn 0.1498 0.1289 -0.9803
vn -0.0816 0.1034 -0.9913
vn -0.7824 0.2047 -0.5882
vn -0.5796 -0.1829 -0.7941
vn -0.6886 0.6248 -0.3680
vn -0.3339 0.9171 -0.2179
vn 0.1462 0.9698 -0.1950
vn 0.5682 0.7630 -0.3082
vn 0.7711 0.3754 -0.5142
vn 0.6773 -0.0447 -0.7343
vn 0.3226 -0.3371 -0.8845
vn -0.1575 -0.3898 -0.9074
vn -0.0091 0.4656 -0.8849
vn -0.0076 -0.5205 -0.8538
vn -0.0090 -0.3310 -0.9436
vn -0.0097 -0.3310 -0.9436
vn -0.0088 -0.5205 -0.8538
vn -0.0094 -0.4118 -0.9112
vn -0.0097 -0.3363 -0.9417
vn -0.0088 -0.5206 -0.8538
vn -0.0096 -0.0000 -1.0000
vn -0.0101 -0.0000 -0.9999
vn -0.8948 0.4464 0.0092
vn -0.1590 -0.9865 -0.0385
vn -0.1036 -0.9943 -0.0251
vn -0.7011 -0.2432 -0.6703
vn -0.4589 -0.0002 -0.8885
vn -0.9563 -0.1565 -0.2469
vn -0.0088 -0.5206 -0.8537
vn -0.6033 -0.7841 -0.1459
vn -0.6033 -0.7840 -0.1460
vn -0.0071 -0.5877 -0.8091
vn -0.0079 -0.5876 -0.8091
vn -0.0082 -0.5875 -0.8092
vn -0.0071 -0.5875 -0.8092
vn 0.0110 0.0002 0.9999
vn 0.0113 0.0001 0.9999
vn 0.0111 0.0002 0.9999
vn 0.4881 0.8728 0.0064
vn 0.4929 0.8701 0.0063
vn 0.7553 0.6553 0.0007
vn -0.0000 1.0000 0.0030
vn -0.0000 1.0000 0.0066
vn -0.0099 -0.5205 -0.8538
vn -0.0089 -0.5205 -0.8538
vn -0.0104 -0.3310 -0.9436
vn -0.0109 -0.0000 -0.9999
vn 0.8948 0.4464 -0.0092
vn 0.8948 0.4465 -0.0092
vn 0.1581 -0.9865 -0.0418
vn 0.1031 -0.9943 -0.0272
vn 0.6871 -0.2432 -0.6846
vn 0.4405 -0.0000 -0.8978
vn 0.9510 -0.1565 -0.2665
vn 0.6002 -0.7840 -0.1583
vn 0.6003 -0.7839 -0.1585
vn -0.0096 -0.5872 -0.8094
vn -0.0096 -0.5875 -0.8092
vn -0.0083 -0.5875 -0.8092
vn -0.0084 -0.5875 -0.8092
vn 0.0095 0.0002 1.0000
vn 0.0094 0.0002 1.0000
vn 0.0092 0.0001 1.0000
vn -0.4878 0.8728 0.0164
vn -0.7551 0.6554 0.0163
vn -0.7551 0.6554 0.0164
vn -0.4926 0.8701 0.0165
vn 0.0001 1.0000 0.0066
vn 0.0022 0.9763 0.2165
vn -0.0076 0.6757 -0.7372
vn -0.0099 -0.3006 -0.9537
vn -0.0022 -0.9763 -0.2165
vn 0.0076 -0.6756 0.7372
vn 0.0099 0.3006 0.9537
vn 0.0098 0.3006 0.9537
vn 0.0083 0.5828 0.8126
vn 0.0084 0.5828 0.8126
vn -0.0010 0.9951 -0.0985
vn -0.0094 0.4123 -0.9110
vn -0.0093 0.4123 -0.9110
vn -0.0083 -0.5829 -0.8125
vn -0.0084 -0.5829 -0.8125
vn 0.0010 -0.9951 0.0985
vn 0.0094 -0.4123 0.9110
vn 0.0093 -0.4123 0.9110
vn 0.0788 -0.9939 0.0777
vn 0.0791 -0.9938 0.0778
vn 0.0789 -0.9938 0.0778
vn 0.0787 -0.9939 0.0777
vn 0.5208 -0.8497 0.0817
vn 0.5287 -0.8452 0.0783
vn 0.5256 -0.8348 0.1641
vn 0.1955 -0.9727 0.1252
vn -0.1762 -0.9842 0.0155
vn -0.1760 -0.9843 0.0161
vn -0.1380 -0.9850 0.1033
vn -0.1411 -0.9852 0.0970
vn -0.1247 -0.9870 -0.1014
vn 0.0015 -0.9863 -0.1648
vn -0.1041 -0.9399 0.3253
vn -0.1036 -0.9452 0.3097
vn 0.0544 -0.9985 0.0032
vn 0.4948 -0.8681 -0.0403
vn 0.5664 -0.8238 0.0226
vn 0.3715 -0.9225 -0.1046
vn 0.0528 -0.9961 -0.0700
vn 0.0584 -0.9796 -0.1922
vn 0.3446 -0.9215 -0.1789
vn 0.0001 -1.0000 0.0075
vn 0.4963 -0.7734 -0.3944
vn 0.4642 -0.7996 -0.3810
vn 0.5087 -0.7626 -0.3996
vn 0.0592 -0.9815 0.1820
vn -0.1090 -0.8321 0.5438
vn 0.9990 -0.0357 -0.0251
vn -0.0111 0.9999 -0.0004
vn -0.0108 0.9999 -0.0005
vn -0.0000 1.0000 -0.0004
vn -0.0080 0.3945 -0.9188
vn -0.0094 0.3945 -0.9188
vn -0.0094 0.3946 -0.9188
vn -0.0679 0.9977 -0.0029
vn -0.0044 -0.8995 -0.4370
vn -0.0045 -0.8995 -0.4369
vn -0.7493 0.3321 0.5729
vn -0.7052 0.1117 0.7001
vn -0.7487 0.3248 0.5780
vn -0.7792 0.5513 0.2981
vn -0.7797 0.5562 0.2877
vn -0.7750 0.6318 -0.0097
vn -0.7743 0.6325 -0.0205
vn -0.7948 0.5223 -0.3090
vn -0.8020 0.4907 -0.3407
vn -0.8371 0.3478 -0.4222
vn -0.8477 0.3546 -0.3947
vn -0.9753 0.2183 0.0329
vn -0.9777 -0.2087 0.0250
vn -0.9986 -0.0426 0.0299
vn -0.9668 0.2544 0.0236
vn -0.9955 -0.0888 0.0330
vn -0.9803 -0.1972 0.0143
vn -0.8817 0.4705 0.0355
vn -0.8881 0.4590 0.0250
vn -0.9935 0.1083 0.0351
vn -0.9894 -0.1410 0.0348
vn -0.9910 -0.1287 0.0373
vn -0.9948 0.0960 0.0354
vn -0.7818 0.6233 0.0189
vn -0.6172 0.7849 0.0548
vn -0.8565 -0.5153 0.0280
vn -0.8558 -0.5165 0.0294
vn -0.8319 -0.5542 0.0290
vn -0.8319 -0.5541 0.0290
vn -0.8531 -0.5214 0.0198
vn 0.0098 -0.2944 0.9556
vn 0.0086 -0.5463 0.8376
vn 0.0086 -0.5522 0.8337
vn -0.7047 0.3805 -0.5988
vn -0.7070 0.1724 -0.6859
vn -0.7051 0.3762 -0.6010
vn 0.0046 -0.8956 0.4449
vn 0.0046 -0.8955 0.4449
vn -0.6790 0.6633 -0.3147
vn -0.6794 0.6599 -0.3210
vn -0.0001 -1.0000 -0.0074
vn -0.6722 0.7402 0.0154
vn -0.6718 0.7406 0.0095
vn -0.7135 0.6221 0.3224
vn -0.7194 0.5942 0.3596
vn -0.0043 -0.9069 -0.4212
vn -0.0042 -0.9123 -0.4094
vn -0.0071 -0.7263 -0.6873
vn -0.0070 -0.7316 -0.6817
vn -0.7606 0.4153 0.4991
vn -0.7391 0.4438 0.5068
vn -0.0085 -0.5706 -0.8212
vn -0.8126 0.3370 0.4755
vn -0.8127 0.3371 0.4753
vn 0.1106 -0.3355 -0.9355
vn 0.0408 -0.5667 -0.8229
vn 0.0436 -0.5584 -0.8284
vn 0.1106 -0.3356 -0.9355
vn -0.0046 -0.8933 -0.4495
vn 0.0003 -0.9996 0.0265
vn -0.0438 -0.8481 0.5280
vn -0.0452 -0.8437 0.5350
vn -0.9667 0.1267 -0.2222
vn -0.0854 0.2965 -0.9512
vn -0.0854 0.3218 -0.9429
vn 0.8395 0.0027 -0.5434
vn 0.8489 0.0802 -0.5225
vn 0.7557 -0.2307 -0.6130
vn 0.6754 -0.3624 -0.6422
vn 0.6755 -0.3626 -0.6420
vn -0.9357 0.3363 0.1071
vn 0.0087 -0.5267 0.8500
vn 0.0087 -0.2861 0.9582
vn 0.0099 -0.2831 0.9590
vn 0.0087 -0.5266 0.8501
vn 0.0046 -0.8955 0.4450
vn -0.0071 -0.7183 -0.6957
vn -0.0044 -0.9021 -0.4315
vn -0.0045 -0.9006 -0.4346
vn -0.0072 -0.7172 -0.6968
vn -0.0084 -0.5706 -0.8212
vn -0.0112 -0.2482 -0.9686
vn -0.0131 -0.2841 -0.9587
vn -0.0086 -0.5487 -0.8359
vn -0.0086 -0.5487 -0.8360
vn 0.0003 -0.9997 0.0264
vn 0.0003 -0.9997 0.0263
vn 0.0058 -0.8237 0.5669
vn 0.0058 -0.8240 0.5665
vn -0.0078 -0.8616 0.5074
vn 0.0018 -0.8627 0.5057
vn 0.0058 -0.2588 0.9659
vn 0.0050 -0.1057 0.9944
vn 0.0102 -0.1059 0.9943
vn 0.0100 -0.2248 0.9744
vn -0.0115 -0.0838 -0.9964
vn -0.0199 -0.0995 -0.9948
vn -0.2037 -0.9790 0.0061
vn -0.2032 -0.9791 0.0063
vn -0.0383 -0.9993 0.0019
vn -0.0485 -0.9988 0.0022
vn -0.1982 -0.9801 0.0057
vn -0.1983 -0.9801 0.0057
vn -0.1979 -0.9802 0.0059
vn -0.2072 -0.9783 0.0084
vn -0.2073 -0.9782 0.0084
vn -0.0501 -0.9987 0.0049
vn -0.0489 -0.9988 0.0048
vn -0.0222 -0.9873 0.1576
vn -0.0038 -0.9847 0.1743
vn -0.0096 -0.7332 -0.6799
vn -0.0063 -0.9568 -0.2906
vn -0.0188 -0.9623 -0.2714
vn -0.0180 -0.7475 -0.6640
vn -0.0055 -0.9900 -0.1411
vn -0.0182 -0.9909 -0.1337
vn 0.1503 -0.1154 -0.9819
vn 0.1504 -0.1152 -0.9819
vn 0.1504 -0.1153 -0.9819
vn 0.1503 -0.1155 -0.9819
vn 0.0872 -0.1025 -0.9909
vn 0.0565 -0.1270 -0.9903
vn 0.0565 -0.1269 -0.9903
vn 0.0872 -0.1024 -0.9909
vn 0.4819 -0.1534 -0.8627
vn 0.4818 -0.1536 -0.8627
vn 0.9563 -0.0517 0.2878
vn 0.0487 0.9836 0.1735
vn -0.8653 -0.5001 0.0330
vn -0.8665 -0.4975 0.0413
vn -0.8362 -0.5477 0.0284
vn -0.8444 -0.5332 0.0510
vn -0.1985 -0.9801 0.0077
vn -0.0092 -1.0000 0.0010
vn -0.2001 -0.9798 0.0069
vn -0.1986 -0.9800 0.0079
vn -0.2008 -0.9796 0.0073
vn -0.1994 -0.9799 0.0081
vn 0.1733 -0.9848 -0.0144
vn 0.1738 -0.9847 -0.0144
vn 0.1737 -0.9847 -0.0144
vn 0.1732 -0.9848 -0.0144
vn -0.3176 -0.2054 0.9257
vn -0.1550 -0.3272 0.9322
vn -0.1554 -0.3269 0.9322
vn -0.3175 -0.2054 0.9257
vn -0.1718 -0.3581 -0.9177
vn -0.3246 -0.2653 -0.9079
vn -0.3245 -0.2653 -0.9079
vn -0.1715 -0.3583 -0.9177
vn -0.0690 -0.3846 0.9205
vn -0.0690 -0.3845 0.9205
vn -0.9770 -0.2112 0.0290
vn -0.9770 -0.2111 0.0290
vn -0.0899 -0.4020 -0.9112
vn -0.9993 0.0035 0.0374
vn -0.9999 -0.0153 0.0057
vn -0.9983 0.0457 -0.0362
vn -0.9997 0.0077 0.0224
vn -0.9997 0.0075 0.0225
vn -0.8057 -0.0680 -0.5884
vn -0.8058 -0.0680 -0.5883
vn -0.9479 0.0011 0.3184
vn -0.9493 0.0272 0.3131
vn -0.9493 0.0271 0.3131
vn -0.9569 0.0009 0.2905
vn -0.9249 0.1191 0.3612
vn -0.9712 0.1456 0.1888
vn -0.9743 0.1380 0.1780
vn -0.9256 0.1498 0.3477
vn -0.9349 -0.0581 0.3501
vn -0.9753 -0.1410 0.1702
vn -0.2181 -0.9040 -0.3676
vn -0.0041 -0.9255 -0.3786
vn 0.0004 -0.9994 0.0355
vn -0.9550 0.2223 0.1965
vn -0.9822 0.0279 0.1859
vn -0.9781 -0.1159 0.1731
vn -0.9886 -0.1271 0.0808
vn -0.0101 -0.1790 -0.9838
vn -0.0000 -1.0000 0.0009
vn -0.0000 -1.0000 0.0037
vn -0.0030 -0.9556 -0.2947
vn -0.0015 -0.9897 -0.1434
vn 0.0018 -0.9838 0.1794
vn 0.0082 -0.6046 0.7965
vn 0.0058 -0.8237 0.5670
vn -0.0086 -0.5486 -0.8360
vn -0.0100 -0.2329 -0.9724
vn -0.0102 -0.0816 -0.9966
vn -0.0000 -1.0000 0.0007
vn 0.0001 -1.0000 -0.0056
vn -0.0000 -1.0000 0.0005
vn -0.0001 -1.0000 -0.0056
vn 0.0413 0.9991 0.0010
vn 0.0414 0.9991 0.0010
vn -0.3954 0.9185 0.0068
vn -0.0731 0.3733 -0.9248
vn -0.0516 0.3925 -0.9183
vn -0.0260 0.4149 -0.9095
vn -0.9903 -0.1309 0.0474
vn 0.0002 -1.0000 -0.0053
vn 0.0513 -0.0011 -0.9987
vn 0.0513 -0.0009 -0.9987
vn -0.0102 -0.0011 -0.9999
vn 0.6227 -0.0000 -0.7825
vn 0.8974 -0.0000 -0.4412
vn 0.8520 -0.0000 -0.5236
vn 0.9736 -0.0000 -0.2282
vn 0.9668 -0.0000 -0.2554
vn 0.9987 -0.0000 -0.0501
vn 0.9972 -0.0000 -0.0751
vn 0.9995 0.0045 0.0298
vn 0.9993 0.0045 0.0383
vn 0.9980 0.0021 -0.0632
vn 0.9980 0.0022 -0.0629
vn 0.9953 -0.0000 -0.0965
vn 0.9954 -0.0009 -0.0963
vn 0.8948 -0.0000 -0.4465
vn 0.9746 -0.0000 -0.2239
vn 0.9684 -0.0000 -0.2493
vn 0.8529 -0.0000 -0.5221
vn 0.9874 -0.0000 -0.1583
vn 0.6165 -0.0000 0.7874
vn 0.9968 -0.0001 -0.0804
vn 0.9968 -0.0003 -0.0804
vn 0.8952 -0.0000 -0.4456
vn 0.9747 -0.0000 -0.2234
vn 0.9683 -0.0000 -0.2497
vn 0.9968 -0.0000 -0.0804
vn 0.0524 -0.0010 -0.9986
vn 0.0524 -0.0012 -0.9986
vn -0.0103 -0.0011 -0.9999
vn -0.0172 0.9297 -0.3680
vn -0.0038 0.9298 -0.3682
vn 0.3413 -0.9391 0.0411
vn 0.3010 -0.9438 0.1365
vn 0.3027 -0.9438 0.1325
vn 0.3413 -0.9390 0.0411
vn 0.1529 0.9108 -0.3836
vn 0.0029 0.8942 -0.4476
vn 0.0029 0.8942 -0.4477
vn 0.1668 0.9111 -0.3770
vn 0.2116 -0.9564 0.2014
vn 0.2159 -0.9557 0.2000
vn 0.3033 0.8986 -0.3172
vn 0.3118 0.8969 -0.3137
vn 0.1439 -0.9679 0.2061
vn 0.1430 -0.9667 0.2121
vn 0.3671 0.9065 -0.2083
vn 0.3698 0.9010 -0.2269
vn 0.2119 -0.9684 0.1314
vn 0.1916 -0.9732 0.1268
vn 0.5089 0.8534 -0.1126
vn 0.4606 0.8873 -0.0242
vn 0.1421 -0.9751 0.1703
vn 0.1413 -0.9751 0.1707
vn 0.4654 0.8632 -0.1957
vn 0.4646 0.8635 -0.1963
vn 0.0938 -0.9766 0.1933
vn 0.0939 -0.9766 0.1934
vn 0.4211 0.8790 -0.2236
vn 0.4211 0.8791 -0.2235
vn 0.0019 -0.9827 0.1853
vn 0.0019 -0.9827 0.1854
vn 0.0142 0.0147 0.9998
vn 0.0748 0.1021 0.9920
vn 0.0406 0.3472 0.9369
vn 0.0427 0.3458 0.9373
vn 0.0587 0.0765 0.9953
vn 0.0144 0.3645 0.9311
vn 0.0144 0.3644 0.9311
vn -0.7816 0.6228 0.0334
vn -0.7817 0.6228 0.0333
vn -0.7817 0.6228 0.0334
vn 0.6390 0.7686 0.0285
vn 0.6391 0.7686 0.0285
vn 0.6392 0.7685 0.0285
vn -0.0687 -0.9974 -0.0205
vn 0.1009 -0.9946 -0.0254
vn 0.1008 -0.9946 -0.0254
vn -0.1256 -0.9918 -0.0240
vn 0.1614 -0.9863 -0.0327
vn 0.0101 0.0012 0.9999
vn 0.0101 0.0011 0.9999
vn -0.0003 -0.9992 0.0408
vn -0.0003 -0.9992 0.0409
vn -0.0004 -0.9992 0.0407
vn 0.9998 0.0047 0.0205
vn 0.9998 0.0046 0.0205
vn -0.0001 0.9999 0.0126
vn -0.0000 0.9999 0.0124
vn -0.0001 0.9999 0.0127
vn -0.0001 0.9999 0.0128
vn -0.9993 0.0022 0.0370
vn -0.9993 0.0021 0.0370
vn -0.0007 -0.9975 -0.0703
vn -0.0020 -0.9813 -0.1925
vn 0.0018 -0.9853 0.1707
vn -0.0000 1.0000 0.0007
vn -0.0000 1.0000 0.0008
vn 0.0011 1.0000 0.0008
vn 0.0012 1.0000 0.0007
vn 0.0092 0.4469 0.8946
vn 0.0092 0.4469 0.8945
vn 0.0046 0.4468 0.8946
vn -0.0070 -0.7287 -0.6848
vn -0.0102 -0.0012 -0.9999
vn -0.0103 -0.0012 -0.9999
vn 0.0522 -0.0008 -0.9986
vn 0.0522 -0.0011 -0.9986
vn -0.0018 -0.9839 -0.1788
vn 0.0482 -0.9827 -0.1790
vn 0.0482 -0.9827 -0.1791
vn -0.0772 -0.9938 0.0794
vn -0.0771 -0.9939 0.0793
vn -0.0773 -0.9938 0.0794
vn -0.0774 -0.9938 0.0794
vn -0.5221 -0.8348 0.1749
vn -0.5270 -0.8452 0.0892
vn -0.5190 -0.8497 0.0924
vn -0.1929 -0.9727 0.1292
vn 0.1764 -0.9842 0.0119
vn 0.1431 -0.9852 0.0941
vn 0.1401 -0.9850 0.1005
vn 0.1763 -0.9843 0.0125
vn 0.1226 -0.9870 -0.1039
vn -0.0049 -0.9863 -0.1647
vn 0.1100 -0.9452 0.3075
vn 0.1108 -0.9399 0.3230
vn -0.0543 -0.9985 0.0043
vn -0.5658 -0.8238 0.0343
vn -0.4955 -0.8681 -0.0302
vn -0.3736 -0.9225 -0.0970
vn -0.0543 -0.9961 -0.0689
vn -0.3482 -0.9215 -0.1718
vn -0.0624 -0.9796 -0.1910
vn -0.4719 -0.7996 -0.3714
vn -0.5043 -0.7734 -0.3841
vn -0.5168 -0.7626 -0.3891
vn -0.0555 -0.9815 0.1832
vn 0.1201 -0.8321 0.5414
vn -0.9958 -0.0912 -0.0015
vn -0.9958 -0.0910 -0.0014
vn 0.0111 0.9999 -0.0006
vn 0.0108 0.9999 -0.0007
vn -0.0109 0.3945 -0.9188
vn 0.0678 0.9977 -0.0043
vn 0.0679 0.9977 -0.0043
vn 0.7610 0.3321 0.5574
vn 0.7604 0.3248 0.5625
vn 0.7195 0.1117 0.6855
vn 0.7852 0.5513 0.2820
vn 0.7854 0.5562 0.2716
vn 0.7747 0.6318 -0.0256
vn 0.7737 0.6325 -0.0364
vn 0.7883 0.5223 -0.3252
vn 0.7948 0.4907 -0.3571
vn 0.8282 0.3478 -0.4394
vn 0.8394 0.3545 -0.4120
vn 0.9758 0.2183 0.0130
vn 0.9990 -0.0426 0.0093
vn 0.9780 -0.2087 0.0049
vn 0.9671 0.2544 0.0037
vn 0.9803 -0.1972 -0.0058
vn 0.9960 -0.0888 0.0125
vn 0.8823 0.4704 0.0174
vn 0.8884 0.4590 0.0067
vn 0.9940 0.1083 0.0147
vn 0.9953 0.0960 0.0150
vn 0.9915 -0.1287 0.0169
vn 0.9899 -0.1410 0.0144
vn 0.7820 0.6233 0.0028
vn 0.6182 0.7849 0.0421
vn 0.8569 -0.5154 0.0104
vn 0.8562 -0.5165 0.0118
vn 0.8323 -0.5542 0.0119
vn 0.8323 -0.5541 0.0119
vn 0.8533 -0.5214 0.0023
vn 0.6923 0.3805 -0.6132
vn 0.6926 0.3762 -0.6154
vn 0.6928 0.1724 -0.7003
vn 0.6724 0.6633 -0.3286
vn 0.6726 0.6598 -0.3349
vn 0.6724 0.7402 0.0016
vn 0.6719 0.7406 -0.0044
vn 0.7200 0.6220 0.3076
vn 0.7267 0.5942 0.3448
vn -0.0071 -0.7263 -0.6874
vn 0.7707 0.4153 0.4834
vn 0.7493 0.4438 0.4915
vn 0.8222 0.3370 0.4587
vn 0.8223 0.3371 0.4585
vn -0.1298 -0.3356 -0.9330
vn -0.0607 -0.5584 -0.8273
vn -0.0577 -0.5667 -0.8219
vn 0.0561 -0.8437 0.5339
vn 0.0546 -0.8481 0.5270
vn 0.9620 0.1267 -0.2420
vn 0.0660 0.3218 -0.9445
vn 0.0658 0.2965 -0.9528
vn -0.8595 0.0802 -0.5049
vn -0.8505 0.0026 -0.5260
vn -0.7681 -0.2307 -0.5973
vn -0.6886 -0.3625 -0.6280
vn -0.6885 -0.3625 -0.6281
vn 0.9377 0.3363 0.0878
vn 0.0110 -0.2861 0.9581
vn -0.0072 -0.7183 -0.6957
vn -0.0087 -0.2482 -0.9687
vn -0.0066 -0.2841 -0.9588
vn 0.0085 -0.8627 0.5056
vn 0.0183 -0.8616 0.5072
vn 0.0141 -0.2588 0.9658
vn 0.0155 -0.1057 0.9943
vn -0.0005 -0.0995 -0.9950
vn -0.0091 -0.0838 -0.9964
vn 0.2037 -0.9790 0.0019
vn 0.0486 -0.9988 0.0017
vn 0.0384 -0.9993 0.0011
vn 0.2033 -0.9791 0.0021
vn 0.1980 -0.9802 0.0018
vn 0.1983 -0.9801 0.0016
vn 0.2073 -0.9783 0.0042
vn 0.0490 -0.9988 0.0045
vn 0.0501 -0.9987 0.0038
vn 0.2069 -0.9783 0.0044
vn 0.0074 -0.9847 0.1741
vn 0.0254 -0.9873 0.1571
vn -0.0043 -0.7332 -0.6800
vn 0.0044 -0.7475 -0.6642
vn 0.0132 -0.9623 -0.2717
vn 0.0003 -0.9568 -0.2907
vn 0.0026 -0.9900 -0.1412
vn 0.0155 -0.9909 -0.1340
vn -0.1705 -0.1155 -0.9786
vn -0.1705 -0.1154 -0.9786
vn -0.1705 -0.1153 -0.9786
vn -0.1705 -0.1152 -0.9786
vn -0.1076 -0.1025 -0.9889
vn -0.0769 -0.1269 -0.9889
vn -0.0768 -0.1270 -0.9889
vn -0.4995 -0.1534 -0.8526
vn -0.4995 -0.1536 -0.8526
vn -0.9502 -0.0517 0.3073
vn -0.0451 0.9836 0.1745
vn 0.8672 -0.4975 0.0234
vn 0.8658 -0.5001 0.0152
vn 0.8366 -0.5477 0.0112
vn 0.8453 -0.5332 0.0336
vn 0.1986 -0.9801 0.0036
vn 0.1986 -0.9801 0.0035
vn 0.2002 -0.9798 0.0028
vn 0.0092 -1.0000 0.0008
vn 0.2010 -0.9796 0.0031
vn 0.1996 -0.9799 0.0040
vn -0.1741 -0.9847 -0.0109
vn -0.1738 -0.9847 -0.0109
vn -0.1740 -0.9847 -0.0109
vn 0.3365 -0.2054 0.9190
vn 0.1745 -0.3269 0.9288
vn 0.1741 -0.3272 0.9288
vn 0.1529 -0.3581 -0.9211
vn 0.1526 -0.3583 -0.9211
vn 0.3058 -0.2652 -0.9144
vn 0.3058 -0.2653 -0.9144
vn 0.0879 -0.3846 0.9189
vn 0.9774 -0.2112 0.0089
vn 0.0711 -0.4020 -0.9129
vn 0.0712 -0.4020 -0.9129
vn 0.9999 0.0035 0.0168
vn 0.9998 -0.0153 -0.0149
vn 0.9973 0.0457 -0.0567
vn 1.0000 0.0074 0.0018
vn 1.0000 0.0078 0.0018
vn 0.7935 -0.0680 -0.6048
vn 0.9543 0.0011 0.2989
vn 0.9627 0.0009 0.2707
vn 0.9556 0.0272 0.2935
vn 0.9321 0.1191 0.3421
vn 0.9325 0.1498 0.3286
vn 0.9777 0.1381 0.1580
vn 0.9748 0.1456 0.1688
vn 0.9419 -0.0581 0.3308
vn 0.9786 -0.1410 0.1501
vn 0.2105 -0.9040 -0.3720
vn -0.0037 -0.9255 -0.3787
vn -0.0037 -0.9255 -0.3786
vn 0.9588 0.2223 0.1768
vn 0.9858 0.0279 0.1656
vn 0.9814 -0.1159 0.1530
vn 0.9900 -0.1272 0.0605
vn -0.0031 -0.9556 -0.2947
vn -0.0100 -0.2328 -0.9725
vn 0.0001 -1.0000 0.0007
vn -0.0002 -1.0000 -0.0056
vn -0.0001 -1.0000 -0.0055
vn -0.0413 0.9991 0.0018
vn -0.0414 0.9991 0.0018
vn 0.3955 0.9185 -0.0014
vn 0.0541 0.3733 -0.9261
vn 0.0073 0.4149 -0.9098
vn 0.0329 0.3926 -0.9191
vn 0.9910 -0.1309 0.0271
vn -0.0003 -1.0000 -0.0053
vn -0.0718 -0.0011 -0.9974
vn -0.0718 -0.0009 -0.9974
vn -0.6387 -0.0000 -0.7695
vn -0.8626 -0.0000 -0.5059
vn -0.9063 -0.0000 -0.4226
vn -0.9719 -0.0000 -0.2355
vn -0.9781 -0.0000 -0.2079
vn -0.9985 -0.0000 -0.0546
vn -0.9996 -0.0000 -0.0295
vn -0.9983 0.0044 0.0588
vn -0.9987 0.0045 0.0503
vn -0.9991 0.0023 -0.0424
vn -0.9991 0.0023 -0.0427
vn -0.9971 -0.0000 -0.0760
vn -0.9971 -0.0005 -0.0759
vn -0.9038 -0.0000 -0.4280
vn -0.8634 -0.0000 -0.5045
vn -0.9733 -0.0000 -0.2296
vn -0.9790 -0.0000 -0.2038
vn -0.9904 -0.0000 -0.1380
vn -0.6002 -0.0000 0.7999
vn -0.9982 -0.0001 -0.0599
vn -0.9982 -0.0000 -0.0599
vn -0.8625 -0.0000 -0.5060
vn -0.9042 -0.0000 -0.4271
vn -0.9791 -0.0000 -0.2033
vn -0.9732 -0.0000 -0.2298
vn -0.0729 -0.0010 -0.9973
vn -0.0729 -0.0006 -0.9973
vn 0.0096 0.9297 -0.3683
vn -0.0038 0.9297 -0.3682
vn -0.3404 -0.9391 0.0481
vn -0.3000 -0.9438 0.1387
vn -0.2981 -0.9438 0.1427
vn -0.1607 0.9108 -0.3804
vn -0.1745 0.9111 -0.3735
vn -0.0121 0.8942 -0.4475
vn -0.2117 -0.9557 0.2044
vn -0.2074 -0.9564 0.2057
vn -0.3097 0.8986 -0.3109
vn -0.3182 0.8969 -0.3073
vn -0.1386 -0.9667 0.2150
vn -0.1396 -0.9679 0.2090
vn -0.3713 0.9065 -0.2007
vn -0.3744 0.9010 -0.2192
vn -0.1889 -0.9732 0.1308
vn -0.2092 -0.9684 0.1358
vn -0.5112 0.8534 -0.1021
vn -0.4610 0.8873 -0.0147
vn -0.1377 -0.9751 0.1736
vn -0.1385 -0.9751 0.1732
vn -0.4693 0.8632 -0.1861
vn -0.4685 0.8635 -0.1867
vn -0.0898 -0.9766 0.1953
vn -0.0898 -0.9766 0.1952
vn -0.4256 0.8790 -0.2149
vn 0.0063 0.0146 0.9999
vn 0.0063 0.0147 0.9999
vn -0.0544 0.1021 0.9933
vn -0.0382 0.0765 0.9963
vn -0.0234 0.3457 0.9380
vn -0.0213 0.3472 0.9376
vn 0.0048 0.3645 0.9312
vn 0.0047 0.3644 0.9312
vn 0.7822 0.6228 0.0173
vn 0.7821 0.6229 0.0173
vn -0.6383 0.7687 0.0416
vn -0.6384 0.7686 0.0416
vn -0.6384 0.7686 0.0417
vn 0.0683 -0.9974 -0.0220
vn 0.0682 -0.9974 -0.0220
vn -0.1013 -0.9946 -0.0233
vn 0.1250 -0.9918 -0.0266
vn 0.1251 -0.9918 -0.0266
vn -0.1620 -0.9863 -0.0294
vn 0.0105 0.0012 0.9999
vn 0.0012 -0.9992 0.0408
vn 0.0012 -0.9992 0.0407
vn 0.0012 -0.9992 0.0406
vn -0.9991 0.0047 0.0411
vn -0.9992 0.0044 0.0409
vn -0.9991 0.0047 0.0410
vn 0.0003 0.9999 0.0126
vn 0.0004 0.9999 0.0128
vn 0.0003 0.9999 0.0127
vn 0.0001 0.9999 0.0119
vn 0.9999 0.0025 0.0163
vn 0.9999 0.0022 0.0164
vn 0.9999 0.0021 0.0164
vn 0.0017 -0.9853 0.1706
vn -0.0003 1.0000 0.0007
vn -0.0012 1.0000 0.0008
vn -0.0011 1.0000 0.0008
vn 0.0138 0.4468 0.8945
vn 0.0138 0.4469 0.8945
vn 0.0092 0.4468 0.8946
vn -0.0727 -0.0011 -0.9974
vn -0.0727 -0.0012 -0.9974
vn -0.0519 -0.9827 -0.1781
vn -0.0519 -0.9827 -0.1780
vn 0.0037 0.9330 0.3598
vn -0.0006 0.9984 -0.0567
vn -0.0012 0.9932 -0.1167
vn -0.0037 0.9328 -0.3603
vn -0.0029 0.9598 -0.2808
vn -0.1201 -0.0000 -0.9928
vn -0.1174 -0.0000 -0.9931
vn 0.0545 -0.0000 -0.9985
vn 0.2772 -0.0000 -0.9608
vn 0.0503 -0.0000 -0.9987
vn -0.6085 0.7874 -0.0987
vn -0.8152 0.5545 -0.1676
vn -0.0278 0.9995 0.0131
vn -0.0211 0.9997 0.0138
vn -0.0380 0.9990 0.0223
vn -0.3206 0.9468 0.0261
vn -0.3082 0.9289 0.2054
vn -0.0493 0.9775 0.2049
vn -0.0424 0.9978 -0.0511
vn -0.3327 0.9417 -0.0492
vn -0.7868 0.6172 -0.0057
vn -0.9935 0.0022 0.1138
vn -0.9964 0.0010 0.0850
vn -0.8305 0.5561 0.0329
vn -0.8213 0.5676 0.0580
vn -0.5170 0.7585 0.3967
vn -0.7143 0.6533 0.2510
vn -0.0734 0.8890 0.4520
vn -0.0828 0.9834 -0.1614
vn -0.2675 0.9493 -0.1652
vn -0.2679 0.9492 -0.1649
vn -0.2135 0.9638 -0.1599
vn -0.2019 0.9662 -0.1603
vn -0.1692 0.9777 0.1243
vn -0.2089 0.9772 0.0381
vn -0.1688 0.9776 0.1255
vn -0.1102 0.9627 0.2469
vn -0.1117 0.9628 0.2460
vn -0.0245 0.9995 0.0220
vn -0.0314 0.9992 0.0233
vn -0.0342 0.9975 0.0611
vn -0.0454 0.9986 -0.0284
vn -0.0046 0.8374 0.5465
vn -0.0453 0.9986 -0.0283
vn -0.0002 0.9997 -0.0237
vn 0.0056 0.8379 0.5457
vn -0.0438 0.8932 0.4476
vn -0.0171 0.8461 0.5327
vn -0.0733 0.9840 -0.1625
vn 0.0084 0.7417 0.6707
vn 0.0069 0.7405 0.6720
vn -0.9778 0.0709 -0.1970
vn -0.9757 0.0919 -0.1988
vn 0.0230 0.7490 0.6622
vn -0.0029 -0.4757 -0.8796
vn -0.0035 -0.4356 -0.9001
vn -0.0122 -0.4758 -0.8795
vn -0.0070 -0.5474 -0.8368
vn 0.0143 0.6673 0.7446
vn 0.0077 0.6651 0.7467
vn 0.0333 0.6860 0.7268
vn -0.8152 0.5544 -0.1675
vn -0.6086 0.7873 -0.0987
vn -0.0308 -0.5584 -0.8290
vn -0.0105 -0.6145 -0.7889
vn -0.0100 0.2429 -0.9700
vn -0.0037 0.9328 -0.3605
vn -0.0028 0.9597 -0.2810
vn -0.0100 0.2431 -0.9700
vn -0.9852 -0.0051 0.1710
vn -0.9976 0.0685 -0.0138
vn -0.9980 0.0631 -0.0091
vn -0.9842 -0.0050 0.1769
vn -0.9939 0.1014 -0.0430
vn -0.9939 0.1015 -0.0430
vn -0.4571 -0.0048 0.8894
vn -0.4551 -0.0048 0.8904
vn -0.0792 -0.0031 0.9969
vn -0.0807 -0.0032 0.9967
vn -0.0785 0.9968 0.0172
vn -0.0769 0.9969 0.0160
vn -0.0294 0.9979 0.0570
vn -0.0185 0.9978 0.0638
vn -0.0053 0.9977 0.0680
vn -0.0041 0.9978 0.0657
vn -0.8164 0.5775 -0.0049
vn -0.8165 0.5772 -0.0116
vn -0.7653 0.6281 0.1406
vn -0.7671 0.6244 0.1474
vn -0.6970 0.7157 0.0444
vn -0.5399 0.8177 0.1997
vn -0.1070 0.9740 0.1998
vn 0.0034 0.9447 0.3278
vn 0.0034 0.9447 0.3279
vn -0.0002 0.9666 0.2565
vn 0.0033 0.9665 0.2565
vn -0.0158 0.9882 0.1523
vn 0.0348 0.9861 0.1626
vn 0.0002 0.9998 0.0178
vn 0.0989 0.9810 0.1668
vn -0.0002 0.9998 0.0174
vn -0.0041 0.9988 -0.0478
vn -0.0146 0.9998 0.0096
vn -0.0426 0.9915 0.1228
vn 1.0000 -0.0000 -0.0047
vn -0.0287 0.9875 -0.1549
vn -0.1072 0.9813 -0.1602
vn 0.0023 0.9918 -0.1280
vn 0.0022 0.9918 -0.1280
vn -0.7722 0.1155 -0.6247
vn -0.7867 0.2406 -0.5685
vn -0.7867 0.2409 -0.5684
vn -0.7723 0.1155 -0.6247
vn -0.7224 0.5045 -0.4730
vn -0.7224 0.5044 -0.4730
vn -0.6476 0.6305 -0.4280
vn -0.6475 0.6304 -0.4281
vn -0.8123 0.5791 0.0688
vn -0.9989 0.0016 0.0460
vn -0.1353 -0.2938 0.9462
vn -0.3983 -0.1415 0.9063
vn -0.1685 -0.2765 0.9461
vn -0.1189 0.9743 0.1914
vn -0.0403 0.9501 0.3093
vn -0.0576 0.9660 0.2519
vn -0.1377 0.9729 0.1858
vn -0.2510 0.9562 0.1503
vn -0.2511 0.9562 0.1504
vn -0.9973 0.0311 -0.0663
vn -0.9453 0.3047 -0.1163
vn -0.6413 0.6977 0.3193
vn -0.5624 0.7341 0.3805
vn -0.9401 0.3239 -0.1061
vn 0.0001 0.9999 0.0144
vn 0.0002 0.9998 0.0218
vn -0.0005 0.9988 -0.0498
vn 0.0020 0.9800 0.1991
vn 0.0046 0.8956 0.4449
vn -0.0016 0.9879 -0.1551
vn -0.0085 -0.5569 -0.8306
vn -0.0090 -0.4842 -0.8749
vn -0.0081 -0.6206 -0.7841
vn 0.0097 -0.3401 0.9403
vn -0.0016 0.9875 -0.1579
vn -0.0074 -0.6898 -0.7239
vn -0.0074 -0.6899 -0.7239
vn -0.0099 0.2645 -0.9643
vn -0.0099 0.2689 -0.9631
vn -0.0071 0.9882 -0.1533
vn -0.2324 0.9721 0.0322
vn -0.0676 0.9598 0.2726
vn -0.0618 0.9462 0.3176
vn -0.0520 0.9465 0.3185
vn -0.9844 -0.0436 0.1706
vn 0.0006 0.9982 0.0607
vn 0.0103 -0.0023 0.9999
vn 0.0103 -0.0021 0.9999
vn -0.0503 0.9587 0.2799
vn 0.0996 -0.0000 -0.9950
vn 0.0970 -0.0000 -0.9953
vn -0.0750 -0.0000 -0.9972
vn -0.0708 -0.0000 -0.9975
vn -0.2969 -0.0000 -0.9549
vn 0.6064 0.7874 -0.1111
vn 0.0213 0.9997 0.0134
vn 0.0280 0.9995 0.0131
vn 0.8116 0.5545 -0.1842
vn 0.0385 0.9990 0.0215
vn 0.0535 0.9775 0.2038
vn 0.3123 0.9289 0.1990
vn 0.3211 0.9468 0.0195
vn 0.3316 0.9417 -0.0561
vn 0.0413 0.9978 -0.0519
vn 0.7865 0.6172 -0.0218
vn 0.9979 0.0010 0.0644
vn 0.9956 0.0024 0.0933
vn 0.8310 0.5561 0.0158
vn 0.8223 0.5676 0.0411
vn 0.5250 0.7585 0.3860
vn 0.7193 0.6533 0.2362
vn 0.0828 0.8890 0.4504
vn 0.0795 0.9834 -0.1630
vn 0.2647 0.9492 -0.1702
vn 0.2640 0.9493 -0.1706
vn 0.2101 0.9638 -0.1643
vn 0.1986 0.9662 -0.1644
vn 0.1717 0.9777 0.1208
vn 0.1713 0.9776 0.1220
vn 0.2097 0.9772 0.0338
vn 0.1153 0.9627 0.2446
vn 0.1167 0.9628 0.2437
vn 0.0250 0.9995 0.0215
vn 0.0319 0.9992 0.0226
vn 0.0355 0.9975 0.0604
vn 0.0448 0.9986 -0.0293
vn 0.0158 0.8374 0.5463
vn 0.0447 0.9986 -0.0292
vn 0.0530 0.8932 0.4466
vn 0.0280 0.8461 0.5322
vn 0.0699 0.9840 -0.1640
vn 0.0054 0.7417 0.6707
vn 0.9714 0.0919 -0.2188
vn 0.9736 0.0709 -0.2170
vn -0.0094 0.7490 0.6625
vn -0.0152 -0.4757 -0.8795
vn -0.0102 -0.5474 -0.8368
vn -0.0059 -0.4758 -0.8796
vn -0.0150 -0.4356 -0.9000
vn 0.0010 0.6673 0.7447
vn -0.0183 0.6860 0.7273
vn 0.6065 0.7873 -0.1112
vn 0.8116 0.5544 -0.1842
vn -0.0057 -0.6145 -0.7889
vn 0.0137 -0.5584 -0.8294
vn 0.9886 -0.0051 0.1508
vn 0.9876 -0.0050 0.1567
vn 0.9976 0.0631 -0.0296
vn 0.9971 0.0685 -0.0343
vn 0.9928 0.1015 -0.0634
vn 0.4753 -0.0048 0.8798
vn 0.4733 -0.0048 0.8809
vn 0.1012 -0.0032 0.9949
vn 0.0997 -0.0031 0.9950
vn 0.0788 0.9968 0.0156
vn 0.0772 0.9969 0.0144
vn 0.0306 0.9979 0.0564
vn 0.0198 0.9978 0.0634
vn 0.0053 0.9978 0.0656
vn 0.0067 0.9977 0.0679
vn 0.8161 0.5772 -0.0284
vn 0.8161 0.5775 -0.0217
vn 0.7699 0.6244 0.1315
vn 0.7680 0.6281 0.1249
vn 0.6977 0.7157 0.0301
vn 0.5439 0.8177 0.1886
vn 0.1111 0.9740 0.1975
vn -0.0955 0.9810 0.1688
vn 0.0006 0.9998 0.0174
vn 0.0148 0.9998 0.0093
vn 0.0031 0.9988 -0.0479
vn 0.1911 0.9744 0.1181
vn -0.9999 -0.0000 0.0158
vn 0.0255 0.9875 -0.1555
vn 0.1039 0.9812 -0.1624
vn -0.0049 0.9918 -0.1279
vn -0.0048 0.9918 -0.1279
vn -0.0051 0.9918 -0.1279
vn 0.7593 0.1155 -0.6404
vn 0.7593 0.1155 -0.6405
vn 0.7749 0.2409 -0.5844
vn 0.7748 0.2406 -0.5846
vn 0.7125 0.5044 -0.4878
vn 0.7125 0.5045 -0.4878
vn 0.6384 0.6304 -0.4416
vn 0.6385 0.6304 -0.4416
vn 0.8136 0.5792 0.0521
vn 0.8136 0.5791 0.0521
vn 0.9997 0.0016 0.0255
vn 0.1547 -0.2938 0.9433
vn 0.1879 -0.2765 0.9425
vn 0.4168 -0.1415 0.8979
vn 0.1228 0.9743 0.1889
vn 0.1414 0.9729 0.1829
vn 0.0628 0.9660 0.2507
vn 0.0466 0.9501 0.3084
vn 0.2541 0.9562 0.1451
vn 0.2541 0.9562 0.1452
vn 0.9957 0.0311 -0.0868
vn 0.9427 0.3047 -0.1357
vn 0.5701 0.7341 0.3689
vn 0.6477 0.6977 0.3061
vn 0.9377 0.3239 -0.1254
vn 0.0040 0.9882 -0.1534
vn 0.2330 0.9721 0.0275
vn 0.0732 0.9598 0.2711
vn 0.0683 0.9462 0.3163
vn 0.0585 0.9465 0.3174
vn 0.9877 -0.0437 0.1503
vn -0.0101 0.1987 -0.9800
vn -0.0102 0.1476 -0.9890
vn 0.0560 0.9587 0.2788
vn -0.0100 0.2430 -0.9700
vn -0.0019 0.9824 -0.1867
vn -0.9994 -0.0357 -0.0046
vn -0.9994 -0.0356 -0.0046
vn 0.9956 -0.0910 -0.0219
vn 0.9956 -0.0912 -0.0220
vn 0.9836 -0.1773 0.0333
vn 0.9832 -0.1808 -0.0230
vn 1.0000 0.0064 -0.0061
vn 0.9999 0.0061 -0.0086
vn 0.9829 -0.1667 -0.0775
vn 1.0000 0.0059 -0.0037
vn 0.9839 -0.1565 0.0858
vn 0.9999 0.0052 -0.0108
vn 0.9843 -0.1205 0.1293
vn 0.9999 0.0036 -0.0127
vn 0.9845 -0.0727 0.1594
vn 0.9999 0.0016 -0.0139
vn 0.9847 -0.0179 0.1733
vn 0.9999 -0.0008 -0.0145
vn 0.9848 0.0385 0.1694
vn 0.9999 -0.0032 -0.0144
vn 0.9848 0.0908 0.1483
vn 0.9999 -0.0055 -0.0136
vn 0.9846 0.1340 0.1120
vn 0.9999 -0.0074 -0.0120
vn 0.9844 0.1638 0.0642
vn 0.9999 -0.0089 -0.0100
vn 0.9841 0.1773 0.0096
vn 0.9999 -0.0096 -0.0076
vn 0.9838 0.1733 -0.0464
vn 0.9999 -0.0095 -0.0050
vn 0.9834 0.1524 -0.0983
vn 1.0000 -0.0086 -0.0026
vn 0.9831 0.1164 -0.1413
vn 1.0000 -0.0070 -0.0006
vn 0.9828 0.0690 -0.1711
vn 1.0000 -0.0048 0.0008
vn 0.9827 0.0148 -0.1849
vn 1.0000 -0.0022 0.0014
vn 0.9826 -0.0411 -0.1813
vn 1.0000 0.0004 0.0012
vn 0.9826 -0.0933 -0.1607
vn 1.0000 0.0027 0.0002
vn 0.9827 -0.1366 -0.1249
vn 1.0000 0.0046 -0.0015
vn -0.6781 -0.7323 -0.0624
vn -0.9768 -0.2135 -0.0130
vn -0.9773 -0.1970 -0.0785
vn -0.6780 -0.6770 -0.2863
vn -0.6778 -0.7160 0.1673
vn -0.9764 -0.2090 0.0544
vn -0.6773 -0.6298 0.3804
vn -0.9759 -0.1839 0.1171
vn -0.6766 -0.4823 0.5565
vn -0.9755 -0.1406 0.1689
vn -0.6757 -0.2880 0.6787
vn -0.9752 -0.0835 0.2049
vn -0.6747 -0.0655 0.7352
vn -0.9750 -0.0181 0.2214
vn -0.6738 0.1637 0.7205
vn -0.9749 0.0493 0.2170
vn -0.6730 0.3775 0.6360
vn -0.9750 0.1120 0.1920
vn -0.6724 0.5552 0.4895
vn -0.9752 0.1639 0.1488
vn -0.6721 0.6792 0.2951
vn -0.9755 0.2000 0.0916
vn -0.6720 0.7371 0.0714
vn -0.9759 0.2166 0.0261
vn -0.6723 0.7229 -0.1596
vn -0.9764 0.2122 -0.0413
vn -0.6728 0.6377 -0.3751
vn -0.9768 0.1871 -0.1041
vn -0.6735 0.4897 -0.5537
vn -0.9772 0.1438 -0.1560
vn -0.6744 0.2934 -0.6775
vn -0.9776 0.0866 -0.1921
vn -0.6754 0.0684 -0.7343
vn -0.9778 0.0211 -0.2086
vn -0.6763 -0.1631 -0.7183
vn -0.9778 -0.0464 -0.2042
vn -0.6771 -0.3779 -0.6314
vn -0.9778 -0.1091 -0.1790
vn -0.6777 -0.5550 -0.4825
vn -0.9776 -0.1610 -0.1357
vn 0.9832 -0.1812 -0.0230
vn 0.9835 -0.1777 0.0334
vn 0.8357 -0.5367 0.1160
vn 0.8347 -0.5479 -0.0554
vn 0.9839 -0.1569 0.0859
vn 0.8368 -0.4731 0.2756
vn 0.9842 -0.1207 0.1295
vn 0.8378 -0.3632 0.4077
vn 0.9845 -0.0728 0.1598
vn 0.8386 -0.2177 0.4993
vn 0.9847 -0.0179 0.1736
vn 0.8392 -0.0511 0.5415
vn 0.9847 0.0386 0.1698
vn 0.8394 0.1204 0.5300
vn 0.9847 0.0910 0.1486
vn 0.8393 0.2798 0.4661
vn 0.9846 0.1343 0.1122
vn 0.8389 0.4117 0.3560
vn 0.9843 0.1641 0.0643
vn 0.8382 0.5030 0.2106
vn 0.9840 0.1777 0.0097
vn 0.8373 0.5450 0.0441
vn 0.9837 0.1737 -0.0464
vn 0.8363 0.5334 -0.1270
vn 0.9833 0.1527 -0.0985
vn 0.8352 0.4696 -0.2863
vn 0.9830 0.1167 -0.1415
vn 0.8342 0.3598 -0.4180
vn 0.9828 0.0692 -0.1714
vn 0.8334 0.2147 -0.5093
vn 0.9826 0.0149 -0.1852
vn 0.8328 0.0485 -0.5514
vn 0.9826 0.0147 -0.1853
vn 0.9825 -0.0412 -0.1817
vn 0.8326 -0.1227 -0.5402
vn 0.8328 0.0484 -0.5514
vn 0.9825 -0.0935 -0.1610
vn 0.8327 -0.2820 -0.4766
vn 0.9827 -0.1368 -0.1252
vn 0.8331 -0.4139 -0.3669
vn 0.9829 -0.1671 -0.0777
vn 0.8338 -0.5056 -0.2218
vn 0.6710 0.7388 0.0629
vn 0.6724 0.6818 0.2882
vn 0.6724 0.6818 0.2883
vn 0.6694 0.7234 -0.1690
vn 0.6679 0.6371 -0.3848
vn 0.6665 0.4883 -0.5633
vn 0.6654 0.2917 -0.6872
vn 0.6654 0.2916 -0.6872
vn 0.6646 0.0664 -0.7442
vn 0.6644 -0.1655 -0.7289
vn 0.6644 -0.1655 -0.7288
vn 0.6646 -0.3813 -0.6426
vn 0.6646 -0.3814 -0.6426
vn 0.6653 -0.5599 -0.4939
vn 0.6652 -0.5600 -0.4938
vn 0.6663 -0.6839 -0.2972
vn 0.6677 -0.7409 -0.0719
vn 0.6692 -0.7256 0.1601
vn 0.6708 -0.6393 0.3759
vn 0.6722 -0.4905 0.5546
vn 0.6733 -0.2938 0.6785
vn 0.6741 -0.0684 0.7355
vn 0.6741 -0.0685 0.7355
vn 0.6743 0.1635 0.7201
vn 0.6741 0.3794 0.6338
vn 0.6734 0.5580 0.4850
vn 0.6734 0.5579 0.4850
vn -0.7301 0.6800 0.0669
vn -0.7315 0.6660 -0.1460
vn -0.7315 0.6660 -0.1462
vn -0.7301 0.6801 0.0666
vn -0.7289 0.6276 0.2736
vn -0.7288 0.6277 0.2733
vn -0.7329 0.5869 -0.3441
vn -0.7329 0.5868 -0.3443
vn -0.7341 0.4504 -0.5081
vn -0.7341 0.4503 -0.5082
vn -0.7352 0.2698 -0.6219
vn -0.7358 0.0629 -0.6742
vn -0.7358 0.0630 -0.6742
vn -0.7361 -0.1499 -0.6601
vn -0.7361 -0.1498 -0.6601
vn -0.7359 -0.3481 -0.5808
vn -0.7360 -0.3478 -0.5808
vn -0.7353 -0.5119 -0.4441
vn -0.7354 -0.5117 -0.4443
vn -0.7344 -0.6255 -0.2636
vn -0.7344 -0.6253 -0.2638
vn -0.7332 -0.6777 -0.0568
vn -0.7332 -0.6776 -0.0571
vn -0.7318 -0.6635 0.1559
vn -0.7318 -0.6635 0.1557
vn -0.7304 -0.5842 0.3538
vn -0.7305 -0.5843 0.3537
vn -0.7291 -0.4477 0.5176
vn -0.7292 -0.4478 0.5175
vn -0.7281 -0.2674 0.6312
vn -0.7274 -0.0607 0.6835
vn -0.7274 -0.0606 0.6835
vn -0.7272 0.1520 0.6694
vn -0.7272 0.1521 0.6694
vn -0.7274 0.3499 0.5903
vn -0.7273 0.3502 0.5903
vn -0.7280 0.5138 0.4540
vn -0.7279 0.5140 0.4538
vn -0.9902 0.1386 0.0190
vn -0.9904 0.1359 -0.0240
vn -0.9904 0.1358 -0.0239
vn -0.9902 0.1385 0.0191
vn -0.9899 0.1279 0.0607
vn -0.9899 0.1278 0.0608
vn -0.9907 0.1200 -0.0641
vn -0.9907 0.1200 -0.0640
vn -0.9910 0.0924 -0.0972
vn -0.9912 0.0559 -0.1202
vn -0.9913 0.0141 -0.1308
vn -0.9913 0.0140 -0.1308
vn -0.9914 -0.0289 -0.1279
vn -0.9914 -0.0291 -0.1279
vn -0.9913 -0.0689 -0.1117
vn -0.9913 -0.0691 -0.1118
vn -0.9912 -0.1019 -0.0841
vn -0.9912 -0.1021 -0.0840
vn -0.9911 -0.1247 -0.0476
vn -0.9910 -0.1249 -0.0475
vn -0.9908 -0.1351 -0.0059
vn -0.9908 -0.1352 -0.0058
vn -0.9905 -0.1321 0.0369
vn -0.9905 -0.1322 0.0370
vn -0.9903 -0.1161 0.0767
vn -0.9903 -0.1161 0.0768
vn -0.9900 -0.0887 0.1095
vn -0.9900 -0.0886 0.1096
vn -0.9898 -0.0524 0.1324
vn -0.9897 -0.0109 0.1429
vn -0.9896 0.0319 0.1402
vn -0.9896 0.0318 0.1401
vn -0.9896 0.0718 0.1244
vn -0.9896 0.0716 0.1244
vn -0.9897 0.1049 0.0970
vn -0.9898 0.1047 0.0970
vn -0.9643 0.2629 0.0304
vn -0.9649 0.2575 -0.0516
vn -0.9638 0.2428 0.1100
vn -0.9655 0.2270 -0.1279
vn -0.9660 0.1744 -0.1910
vn -0.9664 0.1049 -0.2348
vn -0.9666 0.0253 -0.2549
vn -0.9667 -0.0567 -0.2495
vn -0.9666 -0.1330 -0.2190
vn -0.9664 -0.1961 -0.1664
vn -0.9659 -0.2399 -0.0969
vn -0.9654 -0.2601 -0.0173
vn -0.9649 -0.2546 0.0647
vn -0.9643 -0.2241 0.1410
vn -0.9638 -0.1715 0.2041
vn -0.9634 -0.1020 0.2479
vn -0.9631 -0.0224 0.2681
vn -0.9631 0.0596 0.2626
vn -0.9631 0.1359 0.2321
vn -0.9634 0.1990 0.1795
vn -0.3833 -0.9201 -0.0813
vn -0.3812 -0.9010 0.2073
vn -0.3812 -0.9009 0.2073
vn -0.3833 -0.9200 -0.0814
vn -0.3852 -0.8490 -0.3616
vn -0.3853 -0.8489 -0.3618
vn -0.3791 -0.7936 0.4759
vn -0.3792 -0.7936 0.4758
vn -0.3773 -0.6084 0.6982
vn -0.3759 -0.3637 0.8523
vn -0.3750 -0.0833 0.9233
vn -0.3750 -0.0834 0.9233
vn -0.3747 0.2053 0.9041
vn -0.3747 0.2054 0.9041
vn -0.3750 0.4742 0.7965
vn -0.3751 0.4739 0.7967
vn -0.3762 0.6961 0.6115
vn -0.3761 0.6962 0.6114
vn -0.3778 0.8502 0.3668
vn -0.3777 0.8503 0.3667
vn -0.3797 0.9211 0.0864
vn -0.3796 0.9211 0.0863
vn -0.3817 0.9019 -0.2022
vn -0.3817 0.9019 -0.2023
vn -0.3837 0.7945 -0.4706
vn -0.3837 0.7945 -0.4707
vn -0.3856 0.6094 -0.6928
vn -0.3856 0.6093 -0.6929
vn -0.3870 0.3648 -0.8468
vn -0.3870 0.3645 -0.8470
vn -0.3879 0.0845 -0.9178
vn -0.3881 -0.2041 -0.8987
vn -0.3882 -0.2040 -0.8987
vn -0.3877 -0.4726 -0.7914
vn -0.3878 -0.4724 -0.7915
vn -0.3867 -0.6948 -0.6064
vn -0.3868 -0.6947 -0.6064
vn -1.0000 0.0019 0.0058
vn -1.0000 0.0018 0.0061
vn -1.0000 0.0018 0.0062
vn -1.0000 0.0014 0.0064
vn -1.0000 0.0018 0.0060
vn -1.0000 0.0017 0.0061
vn -1.0000 0.0015 0.0065
vn -1.0000 0.0019 0.0060
vn -0.9973 -0.0698 0.0230
vn -0.9975 -0.0713 0.0002
vn -0.9976 -0.0657 -0.0220
vn -0.9971 -0.0613 0.0442
vn -0.9977 -0.0535 -0.0414
vn -0.9970 -0.0467 0.0618
vn -0.9969 -0.0273 0.0740
vn -0.9968 -0.0052 0.0796
vn -0.9968 0.0177 0.0781
vn -0.9968 0.0389 0.0696
vn -0.9969 0.0565 0.0549
vn -0.9970 0.0687 0.0356
vn -0.9971 0.0743 0.0134
vn -0.9973 0.0727 -0.0094
vn -0.9975 0.0642 -0.0306
vn -0.9976 0.0496 -0.0482
vn -0.9977 0.0303 -0.0604
vn -0.9978 0.0081 -0.0660
vn -0.9978 -0.0147 -0.0645
vn -0.9978 -0.0359 -0.0560
vn -0.7541 0.6536 0.0643
vn -0.7541 0.6536 0.0648
vn -0.7551 0.6406 -0.1399
vn -0.7551 0.6405 -0.1403
vn -0.7533 0.6029 0.2628
vn -0.7533 0.6027 0.2633
vn -0.7561 0.5647 -0.3307
vn -0.7561 0.5646 -0.3309
vn -0.7571 0.4335 -0.4886
vn -0.7571 0.4334 -0.4887
vn -0.7580 0.2598 -0.5982
vn -0.7588 0.0606 -0.6485
vn -0.7588 0.0608 -0.6485
vn -0.7593 -0.1443 -0.6346
vn -0.7593 -0.1440 -0.6346
vn -0.7593 -0.3347 -0.5580
vn -0.7593 -0.3344 -0.5582
vn -0.7591 -0.4919 -0.4263
vn -0.7591 -0.4916 -0.4266
vn -0.7586 -0.6006 -0.2526
vn -0.7586 -0.6004 -0.2530
vn -0.7578 -0.6503 -0.0540
vn -0.7578 -0.6502 -0.0544
vn -0.7568 -0.6362 0.1501
vn -0.7568 -0.6362 0.1497
vn -0.7558 -0.5598 0.3396
vn -0.7558 -0.5600 0.3394
vn -0.7547 -0.4289 0.4964
vn -0.7548 -0.4290 0.4963
vn -0.7538 -0.2561 0.6051
vn -0.7531 -0.0582 0.6553
vn -0.7531 -0.0580 0.6553
vn -0.7526 0.1457 0.6421
vn -0.7526 0.1459 0.6421
vn -0.7526 0.3356 0.5666
vn -0.7526 0.3359 0.5664
vn -0.7528 0.4931 0.4362
vn -0.7528 0.4934 0.4358
vn -0.0612 -0.9941 -0.0900
vn -0.0588 -0.9734 0.2216
vn -0.6775 -0.7162 0.1673
vn -0.6778 -0.7326 -0.0624
vn -0.0634 -0.9175 -0.3927
vn -0.6777 -0.6773 -0.2864
vn -0.0653 -0.7511 -0.6570
vn -0.6774 -0.5551 -0.4826
vn -0.0665 -0.5111 -0.8569
vn -0.6768 -0.3780 -0.6317
vn -0.0671 -0.2211 -0.9729
vn -0.6760 -0.1631 -0.7186
vn -0.0669 0.0905 -0.9936
vn -0.6751 0.0683 -0.7345
vn -0.0660 0.3934 -0.9170
vn -0.0669 0.0907 -0.9936
vn -0.6752 0.0685 -0.7345
vn -0.6742 0.2935 -0.6778
vn -0.0645 0.6577 -0.7505
vn -0.6733 0.4898 -0.5539
vn -0.0623 0.8576 -0.5105
vn -0.6725 0.6380 -0.3752
vn -0.0600 0.9735 -0.2205
vn -0.6720 0.7232 -0.1596
vn -0.0576 0.9942 0.0911
vn -0.6717 0.7374 0.0714
vn -0.0554 0.9175 0.3939
vn -0.6717 0.6794 0.2952
vn -0.0535 0.7510 0.6581
vn -0.6721 0.5554 0.4897
vn -0.0522 0.5110 0.8580
vn -0.6727 0.3777 0.6363
vn -0.0516 0.2210 0.9739
vn -0.6735 0.1638 0.7208
vn -0.0518 -0.0905 0.9945
vn -0.6744 -0.0655 0.7354
vn -0.0528 -0.3933 0.9179
vn -0.6754 -0.2880 0.6789
vn -0.0543 -0.6575 0.7515
vn -0.6763 -0.4824 0.5567
vn -0.0564 -0.8574 0.5116
vn -0.6770 -0.6300 0.3805
vn 0.0795 -0.9927 -0.0910
vn 0.0820 -0.9719 0.2205
vn 0.0772 -0.9161 -0.3933
vn 0.0753 -0.7500 -0.6572
vn 0.0739 -0.5103 -0.8568
vn 0.0733 -0.2208 -0.9726
vn 0.0734 0.0902 -0.9932
vn 0.0743 0.3926 -0.9167
vn 0.0734 0.0905 -0.9932
vn 0.0759 0.6565 -0.7505
vn 0.0780 0.8561 -0.5109
vn 0.0804 0.9719 -0.2214
vn 0.0829 0.9925 0.0898
vn 0.0852 0.9160 0.3921
vn 0.0872 0.7498 0.6559
vn 0.0885 0.5102 0.8555
vn 0.0891 0.2206 0.9713
vn 0.0890 -0.0905 0.9919
vn 0.0881 -0.3928 0.9154
vn 0.0865 -0.6566 0.7492
vn 0.0844 -0.8562 0.5096
vn 0.4589 -0.8885 -0.0047
vn -0.4589 -0.8885 0.0047
vn 0.8402 0.5423 -0.0086
vn -0.4583 0.8866 0.0624
vn -0.8385 0.5404 0.0696
vn -0.8375 0.5420 0.0696
vn -0.4568 0.8874 0.0624
vn -0.9973 -0.0000 0.0731
vn -0.8385 -0.5404 0.0696
vn -0.8375 -0.5420 0.0696
vn -0.4583 -0.8866 0.0624
vn -0.4568 -0.8874 0.0624
vn 0.0006 -0.9984 0.0563
vn 0.4595 -0.8866 0.0529
vn 0.4580 -0.8874 0.0530
vn 0.8398 -0.5404 0.0523
vn 0.8388 -0.5419 0.0524
vn 0.9986 -0.0000 0.0526
vn 0.8398 0.5404 0.0524
vn 0.8387 0.5420 0.0523
vn 0.4595 0.8866 0.0530
vn 0.4580 0.8874 0.0530
vn 0.0006 0.9984 0.0563
vn -0.0098 0.3149 -0.9491
vn -0.0097 0.3149 -0.9491
vn -0.0077 -0.6645 -0.7473
vn -0.0077 -0.6644 -0.7473
vn 0.0021 -0.9794 0.2018
vn 0.0097 -0.3148 0.9491
vn 0.0077 0.6645 0.7473
vn -0.0021 0.9794 -0.2018
vn 0.0084 0.5770 0.8167
vn -0.0009 0.9958 -0.0913
vn -0.0093 0.4188 -0.9080
vn -0.0084 -0.5770 -0.8167
vn 0.0009 -0.9958 0.0913
vn 0.0093 -0.4188 0.9080
vn 0.1900 -0.0538 -0.9803
vn -0.9785 -0.2056 -0.0151
vn -0.9785 -0.2055 -0.0152
vn -0.9785 -0.2055 -0.0151
vn 0.9780 -0.2056 -0.0352
vn 0.9780 -0.2055 -0.0352
vn 0.9780 -0.2055 -0.0353
vt 0.315178 0.057855
vt 0.312636 0.034947
vt 0.278230 0.046904
vt 0.265350 0.047288
vt 0.248747 0.031052
vt 0.248131 0.057653
vt 0.452034 0.626536
vt 0.446967 0.638768
vt 0.464266 0.638768
vt 0.481564 0.638768
vt 0.476497 0.626536
vt 0.464266 0.621470
vt 0.665570 0.996018
vt 0.667767 0.993821
vt 0.665570 0.993821
vt 0.665570 0.989615
vt 0.667767 0.989615
vt 0.665570 0.987418
vt 0.661364 0.996018
vt 0.661364 0.993821
vt 0.659167 0.993821
vt 0.659167 0.989615
vt 0.661364 0.989615
vt 0.661364 0.987418
vt 0.835242 0.644613
vt 0.838916 0.661573
vt 0.837657 0.644613
vt 0.956280 0.532584
vt 0.957012 0.530626
vt 0.955610 0.532584
vt 1.957006 0.530627
vt 1.956273 0.532584
vt 1.955603 0.532584
vt 0.956276 0.508114
vt 0.957008 0.506156
vt 0.955606 0.508114
vt 1.957011 0.506157
vt 1.956278 0.508114
vt 1.955608 0.508114
vt 0.956272 0.483644
vt 0.957004 0.481686
vt 0.955602 0.483644
vt 1.957015 0.481687
vt 1.956282 0.483644
vt 1.955612 0.483644
vt 1.957014 0.485601
vt 0.957005 0.485601
vt 1.957010 0.510072
vt 0.957009 0.510071
vt 1.957005 0.534541
vt 0.957013 0.534541
vt 0.879460 0.685640
vt 0.877291 0.685640
vt 0.876118 0.689041
vt 0.875123 0.716198
vt 0.877291 0.716198
vt 0.876118 0.711657
vt 0.783508 0.685640
vt 0.781818 0.685643
vt 0.785159 0.689041
vt 0.781818 0.716198
vt 0.783508 0.716198
vt 0.785159 0.711657
vt 0.875123 0.685640
vt 0.855049 0.685640
vt 0.855049 0.716198
vt 0.830639 0.716198
vt 0.785198 0.716198
vt 0.806228 0.716198
vt 0.806228 0.685640
vt 0.785198 0.685640
vt 0.830639 0.685640
vt 0.879460 0.716198
vt 0.982418 0.571022
vt 0.996451 0.579918
vt 0.998785 0.572238
vt 0.939622 0.652164
vt 0.931974 0.651247
vt 0.932713 0.653958
vt 0.735968 0.570337
vt 0.728442 0.570294
vt 0.735940 0.572883
vt 0.751054 0.572980
vt 0.759069 0.570623
vt 0.751079 0.570496
vt 0.913116 0.571627
vt 0.914364 0.579553
vt 0.927357 0.571477
vt 0.976601 0.653964
vt 0.977417 0.651276
vt 0.970102 0.652058
vt 0.751172 0.567299
vt 0.759067 0.567435
vt 0.751341 0.563074
vt 0.728412 0.567002
vt 0.735938 0.567089
vt 0.735863 0.563077
vt 0.881289 0.644613
vt 0.880031 0.661573
vt 0.883705 0.644613
vt 0.124736 0.190142
vt 0.153919 0.207942
vt 0.104351 0.199267
vt 0.104353 0.190139
vt 0.134416 0.389307
vt 0.134470 0.406831
vt 0.144782 0.389209
vt 1.124736 0.190142
vt 1.104351 0.199267
vt 1.153919 0.207942
vt 1.104353 0.190139
vt 1.134416 0.389307
vt 1.144782 0.389209
vt 1.134470 0.406831
vt 0.680617 0.443345
vt 0.807011 0.364442
vt 0.686505 0.364248
vt 0.672965 0.588780
vt 0.667789 0.593081
vt 0.680010 0.593389
vt 0.670201 0.437673
vt 0.662400 0.472817
vt 0.627016 0.195224
vt 0.527267 0.355198
vt 0.627827 0.350209
vt 0.526714 0.146808
vt 0.589860 0.195306
vt 0.563089 0.132784
vt 0.074711 0.961622
vt 0.058555 0.961622
vt 0.074711 0.993512
vt 0.243315 0.854884
vt 0.200377 0.896681
vt 0.248703 0.908357
vt 0.118482 0.946127
vt 0.147976 0.909971
vt 0.011702 0.863534
vt 0.745829 0.886608
vt 0.780566 0.887785
vt 0.780745 0.857942
vt 0.371819 0.884898
vt 0.377917 0.850823
vt 0.022422 0.826838
vt 0.090062 0.821915
vt 0.660293 0.972084
vt 0.652540 0.969924
vt 0.653861 0.995100
vt 0.279866 0.969828
vt 0.277425 0.971464
vt 0.280226 0.995310
vt 0.404551 0.810106
vt 0.401865 0.783678
vt 0.398991 0.784764
vt 0.002012 0.898376
vt 0.019061 0.938680
vt 0.035266 0.947922
vt 0.464497 0.082818
vt 0.532660 0.074175
vt 0.472881 0.091831
vt 0.532310 0.080008
vt 0.031786 0.951230
vt 0.072743 0.955140
vt 0.563497 0.842855
vt 0.576488 0.853741
vt 0.569172 0.843140
vt 0.622483 0.653833
vt 0.630769 0.656300
vt 0.631460 0.670922
vt 0.585559 0.709564
vt 0.598735 0.715890
vt 0.585559 0.669066
vt 0.585312 0.662019
vt 0.599571 0.673417
vt 0.599607 0.715525
vt 0.284687 0.911031
vt 0.819318 0.430743
vt 0.811420 0.433471
vt 0.825689 0.446691
vt 0.853441 0.891106
vt 0.780855 0.900802
vt 0.490026 0.509903
vt 0.547220 0.477399
vt 0.494332 0.485500
vt 0.196426 0.808847
vt 0.264189 0.816606
vt 0.247058 0.799712
vt 0.394747 0.605853
vt 0.413476 0.611788
vt 0.418570 0.576860
vt 0.394747 0.636113
vt 0.392066 0.642035
vt 0.400188 0.635018
vt 0.489890 0.519345
vt 0.576403 0.508474
vt 0.473430 0.097162
vt 0.533512 0.091953
vt 0.533162 0.097162
vt 0.459181 0.094478
vt 0.292131 0.791467
vt 0.294430 0.796424
vt 0.394747 0.508680
vt 0.424698 0.518464
vt 0.386980 0.492380
vt 0.424697 0.494348
vt 0.523848 0.048005
vt 0.500103 0.019297
vt 0.500103 0.048005
vt 0.640478 0.102468
vt 0.624646 0.112291
vt 0.615930 0.101747
vt 0.549175 0.019297
vt 0.549175 0.048005
vt 1.680617 0.443345
vt 1.686505 0.364248
vt 1.807011 0.364442
vt 1.672965 0.588780
vt 1.680010 0.593389
vt 1.667789 0.593081
vt 1.662400 0.472817
vt 1.670201 0.437673
vt 1.639962 0.504892
vt 1.584445 0.452990
vt 1.645239 0.445987
vt 1.589860 0.195306
vt 1.527267 0.355198
vt 1.526714 0.146808
vt 1.563089 0.132784
vt 1.074711 0.961622
vt 1.074711 0.993512
vt 1.058555 0.961622
vt 1.243315 0.854884
vt 1.248703 0.908357
vt 1.200377 0.896681
vt 1.118482 0.946127
vt 1.011702 0.863534
vt 1.147976 0.909971
vt 1.745829 0.886608
vt 1.780745 0.857942
vt 1.780566 0.887785
vt 1.377917 0.850823
vt 1.371819 0.884898
vt 1.022422 0.826838
vt 1.090062 0.821915
vt 1.660293 0.972084
vt 1.653861 0.995100
vt 1.652540 0.969924
vt 1.279866 0.969828
vt 1.280226 0.995310
vt 1.277425 0.971464
vt 1.404551 0.810106
vt 1.398991 0.784764
vt 1.401865 0.783678
vt 1.002012 0.898376
vt 1.035266 0.947922
vt 1.019061 0.938680
vt 1.464497 0.082818
vt 1.472881 0.091831
vt 1.532660 0.074175
vt 1.532310 0.080008
vt 1.031786 0.951230
vt 1.072743 0.955140
vt 1.563497 0.842855
vt 1.569172 0.843140
vt 1.576488 0.853741
vt 1.622483 0.653833
vt 1.631460 0.670922
vt 1.630769 0.656300
vt 1.585559 0.709564
vt 1.585559 0.669066
vt 1.598735 0.715890
vt 1.585312 0.662019
vt 1.599607 0.715525
vt 1.599571 0.673417
vt 1.284687 0.911031
vt 1.819318 0.430743
vt 1.825689 0.446691
vt 1.811420 0.433471
vt 1.853441 0.891106
vt 1.780855 0.900802
vt 1.490026 0.509903
vt 1.494332 0.485500
vt 1.547220 0.477399
vt 1.196426 0.808847
vt 1.247058 0.799712
vt 1.264189 0.816606
vt 1.394747 0.605853
vt 1.418570 0.576860
vt 1.413476 0.611788
vt 1.394747 0.636113
vt 1.400188 0.635018
vt 1.392066 0.642035
vt 1.489890 0.519345
vt 1.576403 0.508474
vt 1.473430 0.097162
vt 1.533162 0.097162
vt 1.533512 0.091953
vt 1.459181 0.094478
vt 1.292131 0.791467
vt 1.294430 0.796424
vt 1.394747 0.508680
vt 1.386980 0.492380
vt 1.424698 0.518464
vt 1.424697 0.494348
vt 1.523848 0.048005
vt 1.500103 0.048005
vt 1.500103 0.019297
vt 1.640478 0.102468
vt 1.615930 0.101747
vt 1.624646 0.112291
vt 1.549175 0.019297
vt 1.549175 0.048005
vt 0.002445 0.773049
vt 0.100739 0.742337
vt 0.026189 0.742252
vt 0.039910 0.084998
vt 0.039506 0.072101
vt 0.016475 0.077382
vt 0.018218 0.161428
vt 0.002096 0.167604
vt 0.010972 0.170215
vt 0.256102 0.416340
vt 0.295508 0.412553
vt 0.276250 0.407285
vt 0.830717 0.995137
vt 0.858730 0.963063
vt 0.853445 0.958935
vt 0.071809 0.679625
vt 0.100363 0.686572
vt 0.100432 0.683852
vt 0.318942 0.636783
vt 0.287663 0.636328
vt 0.288464 0.639523
vt 0.100302 0.640266
vt 0.100390 0.635706
vt 0.071670 0.639674
vt 0.245715 0.640229
vt 0.196680 0.639910
vt 0.242133 0.661341
vt 0.289285 0.646370
vt 0.245765 0.696423
vt 0.288882 0.676842
vt 0.245039 0.693916
vt 0.319986 0.664046
vt 0.289188 0.673457
vt 0.241831 0.672988
vt 0.193083 0.692433
vt 0.278046 0.016254
vt 0.278047 0.007576
vt 0.237602 0.016251
vt 0.197159 0.007571
vt 0.197158 0.016248
vt 0.042925 0.127004
vt 0.150554 0.127004
vt 0.153542 0.124170
vt 0.968275 0.977676
vt 0.968323 0.827231
vt 0.965569 0.976815
vt 0.965663 0.677645
vt 0.968370 0.676785
vt 0.091875 0.071744
vt 0.160903 0.089540
vt 0.159875 0.071744
vt 0.034595 0.055541
vt 0.177227 0.435479
vt 0.228637 0.433994
vt 0.229199 0.424859
vt 0.204517 0.124170
vt 0.206325 0.127004
vt 0.208137 0.124170
vt 0.274497 0.431625
vt 0.204517 0.116688
vt 0.153542 0.116688
vt 0.338932 0.662375
vt 0.213775 0.741068
vt 0.287344 0.735481
vt 0.002674 0.453726
vt 0.026350 0.484575
vt 0.100896 0.484632
vt 0.372768 0.085106
vt 0.396208 0.077505
vt 0.373181 0.072209
vt 0.017384 0.426243
vt 0.010194 0.417410
vt 0.002096 0.419944
vt 0.256762 0.154652
vt 0.276250 0.163832
vt 0.295508 0.158721
vt 0.823149 0.484590
vt 0.846940 0.520102
vt 0.852100 0.515818
vt 0.071845 0.547310
vt 0.100473 0.543120
vt 0.100407 0.540400
vt 0.318709 0.591047
vt 0.288143 0.588345
vt 0.287366 0.591534
vt 0.100385 0.586706
vt 0.071638 0.587251
vt 0.100497 0.591265
vt 0.244851 0.587862
vt 0.241654 0.566469
vt 0.196599 0.587067
vt 0.288928 0.581507
vt 0.245651 0.531215
vt 0.244914 0.533727
vt 0.288577 0.551040
vt 0.319631 0.563800
vt 0.288861 0.554433
vt 0.241538 0.554706
vt 0.193067 0.534731
vt 0.369729 0.127004
vt 0.259113 0.124170
vt 0.262097 0.127004
vt 0.320812 0.071744
vt 0.252812 0.071744
vt 0.251772 0.089571
vt 0.378101 0.055635
vt 0.178013 0.135006
vt 0.229916 0.145960
vt 0.229414 0.136820
vt 0.275274 0.139508
vt 0.208137 0.116688
vt 0.259113 0.116688
vt 0.338542 0.565423
vt 0.287364 0.492318
vt 0.213924 0.486282
vt 1.627090 0.592444
vt 1.633112 0.546965
vt 0.584445 0.452990
vt 0.627090 0.592444
vt 0.633112 0.546965
vt 0.639962 0.504892
vt 0.645239 0.445987
vt 1.627827 0.350209
vt 0.743666 0.492154
vt 0.739637 0.492360
vt 0.742867 0.499686
vt 0.736474 0.494529
vt 0.735024 0.498080
vt 0.735675 0.502061
vt 0.738254 0.505406
vt 0.742068 0.507218
vt 0.746097 0.507012
vt 0.749261 0.504843
vt 0.750711 0.501293
vt 0.750059 0.497311
vt 0.747481 0.493966
vt 0.219678 0.230530
vt 0.219678 0.210023
vt 0.225259 0.210023
vt 0.225259 0.230530
vt 0.213786 0.230530
vt 0.213786 0.210023
vt 0.207659 0.230530
vt 0.207659 0.210023
vt 0.201993 0.230530
vt 0.201993 0.210023
vt 0.196038 0.230530
vt 0.196038 0.210023
vt 0.231264 0.210023
vt 0.231264 0.230530
vt 0.219678 0.187967
vt 0.225259 0.187967
vt 0.213786 0.187967
vt 0.207659 0.187967
vt 0.201993 0.187967
vt 0.196038 0.187967
vt 0.231264 0.187967
vt 0.231264 0.240233
vt 0.231264 0.254114
vt 0.225259 0.254114
vt 0.225259 0.240233
vt 0.201993 0.240233
vt 0.201993 0.254114
vt 0.196038 0.254114
vt 0.196038 0.240233
vt 0.207659 0.240233
vt 0.207659 0.254114
vt 0.213786 0.240233
vt 0.213786 0.254114
vt 0.219678 0.240233
vt 0.219678 0.254114
vt 0.231264 0.283918
vt 0.225259 0.283918
vt 0.201993 0.283918
vt 0.196038 0.283918
vt 0.207659 0.283918
vt 0.213786 0.283918
vt 0.219678 0.283918
vt 1.785902 0.928197
vt 1.781195 0.928197
vt 1.781194 0.931266
vt 1.785902 0.931267
vt 1.776489 0.928196
vt 1.776488 0.931264
vt 1.771782 0.928195
vt 1.771781 0.931264
vt 1.767074 0.928194
vt 1.767074 0.931263
vt 1.762367 0.928193
vt 1.762367 0.931262
vt 1.757661 0.928193
vt 1.757660 0.931261
vt 1.766135 0.916361
vt 1.770947 0.924697
vt 1.773353 0.920528
vt 1.770947 0.916361
vt 1.766135 0.924697
vt 1.763729 0.920529
vt 0.403143 0.059317
vt 0.403143 0.061861
vt 0.414165 0.061861
vt 0.414165 0.059317
vt 0.403143 0.064405
vt 0.414165 0.064403
vt 0.403144 0.067165
vt 0.414166 0.067163
vt 0.403144 0.069707
vt 0.414167 0.069707
vt 0.403144 0.072251
vt 0.414167 0.072249
vt 0.403145 0.075010
vt 0.414167 0.075008
vt 0.670519 0.153802
vt 0.660533 0.147358
vt 0.660533 0.152837
vt 0.665526 0.156059
vt 0.670519 0.148322
vt 0.665526 0.145100
vt 0.791587 0.960876
vt 0.786309 0.955597
vt 0.775752 0.955597
vt 0.770473 0.960875
vt 0.770473 0.971432
vt 0.775751 0.976711
vt 0.786308 0.976711
vt 0.791587 0.971433
vt 0.406069 0.038483
vt 0.406070 0.041027
vt 0.417092 0.041027
vt 0.417091 0.038483
vt 0.406070 0.043571
vt 0.417092 0.043570
vt 0.406070 0.046331
vt 0.417092 0.046329
vt 0.406071 0.048873
vt 0.417093 0.048873
vt 0.406071 0.051417
vt 0.417093 0.051415
vt 0.406072 0.054177
vt 0.417094 0.054175
vt 0.670447 0.183630
vt 0.660461 0.177186
vt 0.660461 0.182665
vt 0.665454 0.185887
vt 0.670447 0.178150
vt 0.665454 0.174928
vt 0.492742 0.055089
vt 0.492743 0.057633
vt 0.503765 0.057633
vt 0.503764 0.055089
vt 0.492743 0.060178
vt 0.503765 0.060175
vt 0.492743 0.062937
vt 0.503765 0.062935
vt 0.492744 0.065479
vt 0.503766 0.065479
vt 0.492744 0.068023
vt 0.503766 0.068021
vt 0.492744 0.070783
vt 0.503766 0.070780
vt 0.677202 0.170634
vt 0.667216 0.164190
vt 0.667216 0.169669
vt 0.672209 0.172891
vt 0.677202 0.165154
vt 0.672209 0.161932
vt 0.413042 0.108232
vt 0.413042 0.110757
vt 0.452146 0.110757
vt 0.452146 0.108232
vt 0.452146 0.116830
vt 0.452146 0.114307
vt 0.413042 0.114307
vt 0.413042 0.116830
vt 0.413042 0.104683
vt 0.452146 0.104683
vt 0.423987 0.040996
vt 0.423987 0.043540
vt 0.435009 0.043540
vt 0.435009 0.040996
vt 0.423987 0.046084
vt 0.435009 0.046082
vt 0.423988 0.048844
vt 0.435010 0.048842
vt 0.423988 0.051386
vt 0.435010 0.051386
vt 0.423988 0.053930
vt 0.435010 0.053928
vt 0.423989 0.056690
vt 0.435011 0.056687
vt 0.663930 0.170692
vt 0.653944 0.164249
vt 0.653944 0.169728
vt 0.658937 0.172950
vt 0.663930 0.165213
vt 0.658937 0.161991
vt 1.995697 0.285987
vt 1.986525 0.285987
vt 1.986525 0.255746
vt 1.995697 0.255746
vt 1.986525 0.195266
vt 1.995697 0.195266
vt 1.995697 0.225506
vt 1.986525 0.225506
vt 1.995697 0.316227
vt 1.986525 0.316227
vt 0.220243 0.331947
vt 0.220243 0.316373
vt 0.225798 0.316373
vt 0.225798 0.331947
vt 0.214503 0.331947
vt 0.214503 0.316373
vt 0.208449 0.331947
vt 0.208449 0.316373
vt 0.202724 0.331947
vt 0.202724 0.316373
vt 0.196982 0.331947
vt 0.196982 0.316373
vt 0.231632 0.316373
vt 0.231632 0.331947
vt 0.214503 0.289109
vt 0.220243 0.289109
vt 0.208449 0.289109
vt 0.202724 0.289109
vt 0.196982 0.289109
vt 0.225798 0.289109
vt 0.231632 0.289109
vt 0.225798 0.340591
vt 0.225798 0.353588
vt 0.220243 0.353588
vt 0.220243 0.340591
vt 0.231632 0.340591
vt 0.231632 0.353588
vt 0.202724 0.340591
vt 0.202724 0.353588
vt 0.196982 0.353588
vt 0.196982 0.340591
vt 0.208449 0.340591
vt 0.208449 0.353588
vt 0.214503 0.340591
vt 0.214503 0.353588
vt 0.231632 0.382460
vt 0.225798 0.382460
vt 0.202724 0.382460
vt 0.196982 0.382460
vt 0.208449 0.382460
vt 0.214503 0.382460
vt 0.220243 0.382460
vt 0.091700 0.031867
vt 0.086296 0.033249
vt 0.085971 0.049249
vt 0.091592 0.049018
vt 0.112854 0.032376
vt 0.104834 0.029730
vt 0.106017 0.053989
vt 0.114273 0.048316
vt 0.099467 0.029732
vt 0.100288 0.053990
vt 0.542438 0.705275
vt 0.539830 0.705275
vt 0.539823 0.773629
vt 0.542430 0.773629
vt 0.539830 0.773629
vt 0.542438 0.773629
vt 0.542430 0.705275
vt 0.539823 0.705275
vt 0.539823 0.773629
vt 0.542430 0.773629
vt 0.542438 0.705275
vt 0.539830 0.773629
vt 0.542438 0.773629
vt 0.542430 0.705274
vt 0.616884 0.177190
vt 0.621554 0.177190
vt 0.628298 0.140729
vt 0.612836 0.140729
vt 0.727833 0.944026
vt 0.716918 0.937281
vt 0.717858 0.933816
vt 0.730383 0.941497
vt 0.733912 0.955328
vt 0.737381 0.954411
vt 0.733535 0.968156
vt 0.737001 0.969092
vt 0.726792 0.979072
vt 0.729322 0.981619
vt 0.715493 0.985153
vt 0.716408 0.988626
vt 0.702666 0.984766
vt 0.701725 0.988229
vt 0.691745 0.978026
vt 0.689201 0.980559
vt 0.685662 0.966728
vt 0.682191 0.967646
vt 0.686045 0.953903
vt 0.682581 0.952959
vt 0.692794 0.942987
vt 0.690266 0.940441
vt 0.704092 0.936900
vt 0.703170 0.933430
vt 0.718756 0.930339
vt 0.732901 0.938937
vt 0.740841 0.953451
vt 0.740479 0.969987
vt 0.731885 0.984136
vt 0.717366 0.992087
vt 0.700826 0.991706
vt 0.686687 0.983124
vt 0.678731 0.968607
vt 0.679104 0.952058
vt 0.687704 0.937925
vt 0.702206 0.929971
vt 0.719698 0.926818
vt 0.735480 0.936361
vt 0.744361 0.952507
vt 0.743999 0.970926
vt 0.734463 0.986712
vt 0.718307 0.995608
vt 0.699884 0.995226
vt 0.684113 0.985703
vt 0.675211 0.969551
vt 0.675585 0.951113
vt 0.685127 0.935349
vt 0.701259 0.926452
vt 1.735480 0.936362
vt 1.719698 0.926818
vt 1.718756 0.930339
vt 1.732901 0.938937
vt 1.744360 0.952507
vt 1.740841 0.953451
vt 1.743999 0.970927
vt 1.740478 0.969987
vt 1.734462 0.986712
vt 1.731885 0.984136
vt 1.718307 0.995608
vt 1.717366 0.992087
vt 1.699884 0.995225
vt 1.700826 0.991705
vt 1.684113 0.985703
vt 1.686687 0.983124
vt 1.675211 0.969551
vt 1.678731 0.968607
vt 1.675585 0.951113
vt 1.679104 0.952058
vt 1.685127 0.935349
vt 1.687704 0.937925
vt 1.701259 0.926452
vt 1.702206 0.929971
vt 1.717858 0.933816
vt 1.730383 0.941497
vt 1.737381 0.954411
vt 1.737000 0.969092
vt 1.729322 0.981619
vt 1.716408 0.988625
vt 1.701725 0.988229
vt 1.689201 0.980559
vt 1.682192 0.967646
vt 1.682581 0.952959
vt 1.690266 0.940441
vt 1.703170 0.933430
vt 1.716918 0.937281
vt 1.727833 0.944026
vt 1.733912 0.955328
vt 1.733534 0.968156
vt 1.726792 0.979072
vt 1.715493 0.985153
vt 1.702666 0.984766
vt 1.691745 0.978025
vt 1.685662 0.966728
vt 1.686045 0.953903
vt 1.692794 0.942987
vt 1.704093 0.936900
vt 0.404633 0.129756
vt 0.404633 0.132705
vt 0.452873 0.132705
vt 0.452873 0.129756
vt 0.452873 0.126806
vt 0.452873 0.123865
vt 0.404633 0.123865
vt 0.404633 0.126806
vt 0.404633 0.135646
vt 0.452873 0.135646
vt 0.181464 0.316958
vt 0.186876 0.316958
vt 0.186876 0.305705
vt 0.181464 0.305705
vt 0.175237 0.316958
vt 0.175237 0.305705
vt 0.169274 0.316958
vt 0.169274 0.305705
vt 0.163600 0.316958
vt 0.163600 0.305705
vt 0.157696 0.316958
vt 0.157696 0.305705
vt 0.192795 0.305705
vt 0.192795 0.316958
vt 0.186876 0.275240
vt 0.181464 0.275240
vt 0.175237 0.275240
vt 0.169274 0.275240
vt 0.163600 0.275240
vt 0.157696 0.275240
vt 0.192795 0.275240
vt 0.192795 0.325076
vt 0.186876 0.325076
vt 0.186876 0.340438
vt 0.192795 0.340438
vt 0.163600 0.325076
vt 0.157696 0.325076
vt 0.157696 0.340438
vt 0.163600 0.340438
vt 0.169274 0.325076
vt 0.169274 0.340438
vt 0.175237 0.325076
vt 0.175237 0.340438
vt 0.181464 0.325076
vt 0.181464 0.340438
vt 0.186876 0.370335
vt 0.192795 0.370335
vt 0.157696 0.370335
vt 0.163600 0.370335
vt 0.169274 0.370335
vt 0.175237 0.370335
vt 0.181464 0.370335
vt 0.457234 0.056621
vt 0.457235 0.059165
vt 0.468257 0.059165
vt 0.468256 0.056621
vt 0.457235 0.061710
vt 0.468257 0.061707
vt 0.457235 0.064469
vt 0.468257 0.064467
vt 0.457236 0.067011
vt 0.468258 0.067011
vt 0.457236 0.069555
vt 0.468258 0.069553
vt 0.457236 0.072315
vt 0.468258 0.072312
vt 0.689719 0.199221
vt 0.689719 0.188262
vt 0.684726 0.190520
vt 0.684726 0.195999
vt 0.694712 0.191485
vt 0.694712 0.196964
vt 0.394042 0.050128
vt 0.399754 0.050129
vt 0.399758 0.031644
vt 0.394046 0.031642
vt 0.376905 0.050125
vt 0.382618 0.050126
vt 0.382621 0.031640
vt 0.376909 0.031640
vt 0.388330 0.050127
vt 0.388333 0.031641
vt 0.474225 0.113012
vt 0.488221 0.113012
vt 0.499545 0.121236
vt 0.462903 0.121242
vt 1.458580 0.134553
vt 1.503871 0.134549
vt 1.499546 0.121238
vt 1.462904 0.121241
vt 0.371193 0.050124
vt 0.371197 0.031639
vt 0.503872 0.134548
vt 0.458580 0.134553
vt 1.488222 0.113012
vt 1.474226 0.113014
vt 0.655506 0.301680
vt 0.655506 0.306622
vt 0.661117 0.306622
vt 0.661117 0.301680
vt 0.306566 0.027546
vt 0.275802 0.043814
vt 0.655506 0.284521
vt 0.655506 0.289416
vt 0.661117 0.289416
vt 0.661117 0.284521
vt 0.309484 0.065095
vt 0.275331 0.050108
vt 0.655506 0.250436
vt 0.655506 0.255243
vt 0.661117 0.255243
vt 0.661117 0.250436
vt 0.255286 0.065842
vt 0.267604 0.050191
vt 0.655506 0.233468
vt 0.655506 0.238262
vt 0.661117 0.238262
vt 0.661117 0.233468
vt 0.256444 0.023988
vt 0.267568 0.044053
vt 0.655506 0.333197
vt 0.661117 0.333197
vt 0.118623 0.056402
vt 0.124324 0.062011
vt 0.125256 0.059707
vt 0.120911 0.055432
vt 0.168793 0.062019
vt 0.167919 0.059730
vt 0.174799 0.056737
vt 0.172640 0.055577
vt 0.178671 0.036398
vt 0.176253 0.037126
vt 0.173390 0.030392
vt 0.172359 0.032697
vt 0.124470 0.030420
vt 0.125440 0.032709
vt 0.118862 0.036123
vt 0.121166 0.037055
vt 0.183663 0.035614
vt 0.187457 0.031568
vt 0.186404 0.029293
vt 0.181475 0.034336
vt 0.231709 0.031363
vt 0.232353 0.028719
vt 0.236467 0.035562
vt 0.238759 0.034470
vt 0.239870 0.054676
vt 0.242482 0.055308
vt 0.236154 0.059168
vt 0.236943 0.061686
vt 0.187982 0.059086
vt 0.187204 0.061642
vt 0.183736 0.054794
vt 0.181390 0.055618
vt 0.186911 0.214471
vt 0.192642 0.214471
vt 0.192642 0.201251
vt 0.186911 0.201251
vt 0.181313 0.214471
vt 0.181313 0.201251
vt 0.175156 0.214471
vt 0.175156 0.201251
vt 0.169446 0.214471
vt 0.169446 0.201251
vt 0.163725 0.214471
vt 0.163725 0.201251
vt 0.157711 0.214471
vt 0.157711 0.201251
vt 0.186911 0.169797
vt 0.181313 0.169797
vt 0.175156 0.169797
vt 0.169446 0.169797
vt 0.163725 0.169797
vt 0.157711 0.169797
vt 0.192642 0.169797
vt 0.192642 0.224806
vt 0.186911 0.224806
vt 0.186911 0.238864
vt 0.192642 0.238864
vt 0.163725 0.224806
vt 0.157711 0.224806
vt 0.157711 0.238864
vt 0.163725 0.238864
vt 0.169446 0.224806
vt 0.169446 0.238864
vt 0.175156 0.224806
vt 0.175156 0.238864
vt 0.181313 0.224806
vt 0.181313 0.238864
vt 0.157711 0.269107
vt 0.163725 0.269107
vt 0.169446 0.269107
vt 0.175156 0.269107
vt 0.181313 0.269107
vt 0.186911 0.269107
vt 0.192642 0.269107
vt 0.610460 0.151777
vt 0.605789 0.151777
vt 0.599046 0.188238
vt 0.614508 0.188238
vt 0.475448 0.056008
vt 0.475448 0.058553
vt 0.486470 0.058553
vt 0.486470 0.056008
vt 0.475448 0.061097
vt 0.486470 0.061095
vt 0.475449 0.063856
vt 0.486471 0.063854
vt 0.475449 0.066398
vt 0.486471 0.066398
vt 0.475449 0.068943
vt 0.486471 0.068940
vt 0.475450 0.071702
vt 0.486472 0.071700
vt 0.708393 0.203950
vt 0.698407 0.197506
vt 0.698407 0.202986
vt 0.703400 0.206208
vt 0.708393 0.198471
vt 0.703400 0.195249
vt 0.844900 0.578944
vt 0.844900 0.574236
vt 0.827361 0.574234
vt 0.827360 0.578942
vt 0.823900 0.578942
vt 0.823900 0.574233
vt 0.783365 0.574228
vt 0.783364 0.578936
vt 0.779903 0.578936
vt 0.779904 0.574227
vt 0.762365 0.574225
vt 0.762364 0.578933
vt 0.888896 0.578950
vt 0.888897 0.574242
vt 0.848361 0.574236
vt 0.848360 0.578945
vt 0.758904 0.574224
vt 0.758904 0.578933
vt 0.797004 0.584476
vt 0.794572 0.587313
vt 0.794574 0.606254
vt 0.797008 0.609089
vt 0.843213 0.587307
vt 0.840779 0.584471
vt 0.840782 0.609084
vt 0.843215 0.606247
vt 0.544366 0.054289
vt 0.528514 0.054289
vt 0.528514 0.058657
vt 0.544366 0.058657
vt 0.528514 0.063120
vt 0.544366 0.063120
vt 0.528514 0.067563
vt 0.544366 0.067563
vt 0.512155 0.054289
vt 0.512155 0.058657
vt 0.512155 0.063120
vt 0.512155 0.067563
vt 0.845559 0.942607
vt 0.845559 0.932552
vt 0.844836 0.933162
vt 0.844836 0.941995
vt 0.841582 0.933162
vt 0.841582 0.941995
vt 0.840864 0.932552
vt 0.840864 0.942607
vt 0.767729 0.778648
vt 0.767729 0.848423
vt 0.783625 0.848423
vt 0.783625 0.778648
vt 1.767729 0.848423
vt 1.767729 0.778648
vt 1.783625 0.778648
vt 1.783625 0.848423
vt 0.693526 0.669067
vt 0.689596 0.669067
vt 0.689596 0.717156
vt 0.693526 0.717156
vt 0.693526 0.571952
vt 0.689596 0.571952
vt 0.742734 0.555403
vt 0.742734 0.551472
vt 0.694644 0.551472
vt 0.694644 0.555403
vt 0.839861 0.555403
vt 0.839861 0.551472
vt 0.440864 0.508091
vt 0.444357 0.503654
vt 0.437027 0.497552
vt 0.433378 0.502754
vt 0.445106 0.541895
vt 0.441489 0.537600
vt 0.433378 0.543146
vt 0.437936 0.548175
vt 0.726451 0.669067
vt 0.726451 0.571952
vt 0.787809 0.751892
vt 0.888199 0.751832
vt 0.888200 0.724542
vt 0.787810 0.724477
vt 0.839861 0.518550
vt 0.742734 0.518550
vt 0.477613 0.495847
vt 0.477613 0.487620
vt 0.477613 0.557464
vt 0.477613 0.549245
vt 0.726451 0.717156
vt 0.738521 0.724475
vt 0.738521 0.751890
vt 0.694644 0.518550
vt 0.542263 0.709435
vt 0.539997 0.709435
vt 0.539997 0.739452
vt 0.542263 0.739452
vt 0.539997 0.739452
vt 0.542263 0.739452
vt 0.542258 0.709670
vt 0.539992 0.709671
vt 0.540200 0.710852
vt 0.540200 0.739452
vt 0.542061 0.739452
vt 0.542061 0.710852
vt 0.542061 0.739455
vt 0.540200 0.739455
vt 0.540200 0.768052
vt 0.542061 0.768052
vt 0.542061 0.710852
vt 0.540003 0.769233
vt 0.542269 0.769233
vt 0.540200 0.768052
vt 0.542061 0.768052
vt 0.539997 0.769469
vt 0.542263 0.769469
vt 0.785902 0.928197
vt 0.781195 0.928197
vt 0.781194 0.931266
vt 0.785902 0.931267
vt 0.776489 0.928196
vt 0.776488 0.931264
vt 0.771782 0.928195
vt 0.771781 0.931264
vt 0.767074 0.928194
vt 0.767074 0.931263
vt 0.762367 0.928193
vt 0.762366 0.931262
vt 0.757661 0.928193
vt 0.757660 0.931261
vt 0.763729 0.920529
vt 0.773353 0.920528
vt 0.770947 0.916361
vt 0.766135 0.916361
vt 0.766135 0.924697
vt 0.770947 0.924697
vt 0.439612 0.003250
vt 0.439612 0.005794
vt 0.450634 0.005794
vt 0.450634 0.003250
vt 0.439612 0.008338
vt 0.450634 0.008336
vt 0.439613 0.011098
vt 0.450635 0.011096
vt 0.439613 0.013640
vt 0.450635 0.013640
vt 0.439613 0.016184
vt 0.450635 0.016182
vt 0.439614 0.018943
vt 0.450636 0.018941
vt 0.677161 0.197942
vt 0.667175 0.191498
vt 0.667175 0.196978
vt 0.672168 0.200200
vt 0.677161 0.192463
vt 0.672168 0.189241
vt 0.855647 0.559710
vt 0.848511 0.559710
vt 0.848511 0.564046
vt 0.855647 0.564046
vt 0.819560 0.564046
vt 0.819560 0.559710
vt 0.805255 0.559710
vt 0.805255 0.564046
vt 0.793933 0.564046
vt 0.793933 0.559710
vt 0.789104 0.559710
vt 0.789104 0.564046
vt 0.873808 0.564046
vt 0.873808 0.559710
vt 0.859502 0.559710
vt 0.859502 0.564047
vt 0.785178 0.619905
vt 0.769727 0.619902
vt 0.773589 0.624155
vt 0.781315 0.624156
vt 0.770434 0.598352
vt 0.769730 0.602884
vt 0.785182 0.602887
vt 0.784480 0.598354
vt 0.823416 0.564046
vt 0.823416 0.559710
vt 0.772835 0.590209
vt 0.782082 0.590210
vt 0.800427 0.559710
vt 0.800426 0.564046
vt 0.830552 0.564046
vt 0.830552 0.559710
vt 0.838793 0.564046
vt 0.838793 0.559710
vt 0.840270 0.559710
vt 0.840270 0.564046
vt 0.778338 0.581149
vt 0.776581 0.581148
vt 0.883575 0.980126
vt 0.879638 0.977067
vt 0.869623 0.984519
vt 0.878417 0.990915
vt 0.893023 0.966528
vt 0.902356 0.966528
vt 0.902356 0.957185
vt 0.893023 0.957185
vt 0.888681 0.993172
vt 0.898870 0.990714
vt 0.893488 0.980156
vt 0.888515 0.981230
vt 0.897356 0.977072
vt 0.907478 0.984110
vt 0.867167 0.988313
vt 0.876723 0.994925
vt 0.900601 0.994806
vt 0.910154 0.987955
vt 0.888672 0.997573
vt 0.885619 0.973927
vt 0.909763 0.973927
vt 0.909763 0.949785
vt 0.885619 0.949785
vt 0.471168 0.003495
vt 0.471169 0.006039
vt 0.482191 0.006039
vt 0.482191 0.003495
vt 0.471169 0.008583
vt 0.482191 0.008581
vt 0.471170 0.011343
vt 0.482192 0.011340
vt 0.471170 0.013885
vt 0.482192 0.013885
vt 0.471170 0.016429
vt 0.482192 0.016427
vt 0.471171 0.019189
vt 0.482193 0.019186
vt 0.650486 0.143182
vt 0.640500 0.136738
vt 0.640500 0.142217
vt 0.645493 0.145439
vt 0.650486 0.137703
vt 0.645493 0.134480
vt 0.591925 0.176936
vt 0.596596 0.176936
vt 0.603340 0.140475
vt 0.587877 0.140475
vt 0.824581 0.960648
vt 0.821320 0.960648
vt 0.821320 0.986272
vt 0.824581 0.986272
vt 0.818057 0.960648
vt 0.818057 0.986272
vt 0.814796 0.960648
vt 0.814796 0.986272
vt 0.834367 0.960648
vt 0.831105 0.960648
vt 0.831105 0.986272
vt 0.834367 0.986272
vt 0.827843 0.960648
vt 0.827843 0.986272
vt 0.680254 0.993417
vt 0.672287 0.988602
vt 0.673209 0.993664
vt 0.677237 0.996053
vt 0.664274 0.980819
vt 0.667458 0.983471
vt 0.671530 0.981266
vt 0.672334 0.976378
vt 0.679327 0.988475
vt 0.675389 0.986052
vt 0.669073 0.973798
vt 0.665085 0.976033
vt 0.543292 0.705271
vt 0.543294 0.729689
vt 0.554634 0.729688
vt 0.554633 0.705270
vt 0.543206 0.730632
vt 0.543208 0.747174
vt 0.548355 0.747173
vt 0.548354 0.730632
vt 0.543307 0.750241
vt 0.543308 0.761582
vt 0.553602 0.764181
vt 0.553600 0.747640
vt 0.561755 0.747718
vt 0.554469 0.750296
vt 0.554435 0.761637
vt 0.561705 0.764259
vt 1.877820 0.160959
vt 1.875270 0.139343
vt 1.904059 0.141924
vt 1.902251 0.163276
vt 1.879558 0.130269
vt 1.904031 0.132398
vt 1.874866 0.031543
vt 1.877326 0.009898
vt 1.901930 0.007622
vt 1.903617 0.028808
vt 1.993731 0.135722
vt 1.978997 0.136197
vt 1.976312 0.132012
vt 1.994394 0.130817
vt 1.882749 0.188654
vt 1.872983 0.187085
vt 1.872781 0.167679
vt 1.882544 0.169323
vt 1.870609 0.156961
vt 1.864985 0.138491
vt 1.880131 0.330978
vt 1.877896 0.321183
vt 1.887518 0.320654
vt 1.888440 0.331071
vt 1.864584 0.032435
vt 1.870132 0.013934
vt 1.871268 0.457724
vt 1.870891 0.395786
vt 1.880994 0.396874
vt 1.881145 0.456727
vt 1.985296 0.457668
vt 1.985656 0.395658
vt 1.996951 0.393115
vt 1.995067 0.454428
vt 1.883147 0.250564
vt 1.873119 0.249496
vt 1.861492 0.454494
vt 1.859634 0.393208
vt 1.877102 0.337575
vt 1.884787 0.338988
vt 1.977827 0.337928
vt 1.991042 0.331362
vt 1.872116 0.310416
vt 1.883175 0.310049
vt 1.865451 0.332077
vt 1.975514 0.396819
vt 1.975417 0.456690
vt 1.970901 0.338756
vt 1.968645 0.319210
vt 1.978496 0.320861
vt 1.976392 0.330658
vt 1.967839 0.330746
vt 1.982411 0.248919
vt 1.983532 0.309872
vt 1.973320 0.309879
vt 1.972394 0.250099
vt 1.981888 0.186513
vt 1.972139 0.188185
vt 1.981886 0.167106
vt 1.972141 0.168853
vt 1.975929 0.038094
vt 1.978580 0.033888
vt 1.993317 0.034243
vt 1.994020 0.039142
vt 1.879204 0.040608
vt 1.903661 0.038324
vt 1.891086 0.396534
vt 1.928209 0.395973
vt 1.928260 0.457662
vt 1.890825 0.456542
vt 1.928081 0.338551
vt 1.892809 0.339164
vt 1.896042 0.320646
vt 1.928064 0.322025
vt 1.928071 0.329971
vt 1.896393 0.331440
vt 1.892065 0.309236
vt 1.891853 0.250697
vt 1.927770 0.250499
vt 1.928041 0.308130
vt 1.891484 0.188888
vt 1.927447 0.188916
vt 1.891293 0.169558
vt 1.927346 0.169580
vt 1.977929 0.125275
vt 1.979129 0.085042
vt 1.993980 0.084981
vt 1.994970 0.124508
vt 1.875104 0.121491
vt 1.865634 0.085498
vt 1.903687 0.085353
vt 1.903873 0.122866
vt 1.963407 0.188511
vt 1.963395 0.169181
vt 1.963690 0.250324
vt 1.964079 0.308887
vt 1.960106 0.320329
vt 1.959717 0.331140
vt 1.963061 0.338793
vt 1.965407 0.396607
vt 1.965734 0.456527
vt 1.874818 0.049427
vt 1.903575 0.047848
vt 1.977601 0.044818
vt 1.994648 0.045447
vt 1.970824 0.141511
vt 1.977305 0.140531
vt 1.980613 0.156108
vt 1.968220 0.163441
vt 1.977141 0.133757
vt 1.970909 0.133574
vt 1.972411 0.085070
vt 1.971958 0.125105
vt 1.971631 0.045037
vt 1.970358 0.028637
vt 1.976847 0.029562
vt 1.976742 0.036339
vt 1.970511 0.036574
vt 1.967564 0.006727
vt 1.980020 0.013955
vt 1.935871 0.144842
vt 1.935400 0.165879
vt 1.935935 0.134227
vt 1.935788 0.085222
vt 1.935838 0.124279
vt 1.935523 0.046167
vt 1.935380 0.025603
vt 1.935538 0.036219
vt 1.934715 0.004566
vt 1.964815 0.085101
vt 1.964339 0.124529
vt 1.963366 0.142652
vt 1.963715 0.133583
vt 1.960070 0.165425
vt 1.959396 0.004811
vt 1.962891 0.027559
vt 1.963318 0.036627
vt 1.964018 0.045677
vt 0.456293 0.002882
vt 0.456294 0.005426
vt 0.467316 0.005426
vt 0.467316 0.002882
vt 0.456294 0.007971
vt 0.467316 0.007968
vt 0.456295 0.010730
vt 0.467317 0.010728
vt 0.456295 0.013272
vt 0.467317 0.013272
vt 0.456295 0.015816
vt 0.467317 0.015814
vt 0.456296 0.018576
vt 0.467318 0.018573
vt 0.657434 0.155670
vt 0.647448 0.149227
vt 0.647448 0.154706
vt 0.652441 0.157928
vt 0.657434 0.150191
vt 0.652441 0.146969
vt 0.801507 0.942311
vt 0.793082 0.937363
vt 0.789187 0.947363
vt 0.794712 0.950616
vt 0.783542 0.935262
vt 0.782927 0.945977
vt 0.807990 0.949620
vt 0.798962 0.955420
vt 0.811896 0.958576
vt 0.801518 0.961300
vt 0.812843 0.968300
vt 0.802131 0.967684
vt 0.810738 0.977840
vt 0.800740 0.973944
vt 0.805789 0.986261
vt 0.797483 0.979467
vt 0.798481 0.992741
vt 0.792680 0.983713
vt 0.789529 0.996647
vt 0.786800 0.986268
vt 0.779807 0.997597
vt 0.780418 0.986882
vt 0.770267 0.995495
vt 0.774159 0.985493
vt 0.761842 0.990547
vt 0.768637 0.982237
vt 0.755360 0.983238
vt 0.764390 0.977435
vt 0.751454 0.974282
vt 0.761836 0.971555
vt 0.750507 0.964559
vt 0.761224 0.965175
vt 0.752611 0.955020
vt 0.762613 0.958918
vt 0.757559 0.946598
vt 0.765867 0.953395
vt 0.764867 0.940116
vt 0.770668 0.949147
vt 0.773820 0.936210
vt 0.776547 0.946592
vt 0.806954 0.113507
vt 0.797831 0.116215
vt 0.800141 0.134762
vt 0.809651 0.135006
vt 0.797750 0.093905
vt 0.789904 0.099300
vt 0.782947 0.078119
vt 0.777145 0.085672
vt 0.764009 0.067685
vt 0.760810 0.076659
vt 0.742797 0.063599
vt 0.742503 0.073115
vt 0.721389 0.066272
vt 0.723981 0.075366
vt 0.701803 0.075328
vt 0.707071 0.083254
vt 0.685957 0.090029
vt 0.693404 0.095961
vt 0.675409 0.108932
vt 0.684319 0.112279
vt 0.671214 0.130193
vt 0.680717 0.130624
vt 0.673795 0.151730
vt 0.682960 0.149202
vt 0.682915 0.171428
vt 0.690842 0.166188
vt 0.697696 0.187339
vt 0.703600 0.179891
vt 0.716701 0.197949
vt 0.719985 0.188945
vt 0.738087 0.202021
vt 0.738368 0.192524
vt 0.759641 0.199320
vt 0.756954 0.190211
vt 0.779288 0.190098
vt 0.773910 0.182267
vt 0.795111 0.175267
vt 0.787570 0.169483
vt 0.805571 0.156285
vt 0.796608 0.153115
vt 0.854984 0.319918
vt 0.854983 0.298902
vt 0.851137 0.298902
vt 0.851138 0.319919
vt 0.854981 0.277885
vt 0.851136 0.277886
vt 0.854980 0.256868
vt 0.851134 0.256869
vt 0.854978 0.235852
vt 0.851133 0.235852
vt 0.854977 0.214835
vt 0.851131 0.214836
vt 0.854975 0.193819
vt 0.851130 0.193819
vt 0.854974 0.172802
vt 0.851128 0.172802
vt 0.854972 0.151785
vt 0.851127 0.151786
vt 0.854971 0.130769
vt 0.851125 0.130769
vt 0.854969 0.109752
vt 0.851124 0.109752
vt 0.854968 0.088735
vt 0.851122 0.088736
vt 0.854966 0.067719
vt 0.851121 0.067719
vt 0.854965 0.046702
vt 0.851119 0.046702
vt 0.854964 0.025685
vt 0.851118 0.025686
vt 0.854962 0.004669
vt 0.851117 0.004669
vt 0.854991 0.425002
vt 0.854990 0.403985
vt 0.851144 0.403985
vt 0.851146 0.425002
vt 0.854988 0.382968
vt 0.851143 0.382969
vt 0.854987 0.361952
vt 0.851141 0.361952
vt 0.854986 0.340935
vt 0.851140 0.340935
vt 0.782556 0.951373
vt 0.787165 0.952381
vt 0.791238 0.954765
vt 0.794374 0.958290
vt 0.796267 0.962613
vt 0.796731 0.967308
vt 0.795722 0.971917
vt 0.793337 0.975989
vt 0.789810 0.979125
vt 0.785488 0.981019
vt 0.780793 0.981486
vt 0.776183 0.980478
vt 0.772111 0.978094
vt 0.768974 0.974569
vt 0.767081 0.970246
vt 0.766617 0.965550
vt 0.767626 0.960940
vt 0.770010 0.956867
vt 0.773536 0.953731
vt 0.777859 0.951838
vt 0.779102 0.121559
vt 0.773768 0.110136
vt 0.759175 0.120004
vt 0.762360 0.126388
vt 0.780801 0.134067
vt 0.763093 0.133466
vt 0.765134 0.100924
vt 0.754251 0.114871
vt 0.754055 0.094844
vt 0.748006 0.111504
vt 0.741635 0.092524
vt 0.741032 0.110232
vt 0.729113 0.094152
vt 0.734010 0.111177
vt 0.717711 0.099562
vt 0.727624 0.114244
vt 0.708537 0.108226
vt 0.722500 0.119130
vt 0.702487 0.119297
vt 0.719136 0.125358
vt 0.700154 0.131696
vt 0.717862 0.132319
vt 0.701765 0.144208
vt 0.718800 0.139330
vt 0.707164 0.155609
vt 0.721859 0.145706
vt 0.715821 0.164782
vt 0.726738 0.150824
vt 0.726889 0.170829
vt 0.732959 0.154181
vt 0.739280 0.173157
vt 0.739914 0.155451
vt 0.751777 0.171545
vt 0.746921 0.154511
vt 0.763187 0.166183
vt 0.753291 0.151456
vt 0.772405 0.157560
vt 0.758380 0.146578
vt 0.778540 0.146511
vt 0.761602 0.140347
vt 0.751596 0.125187
vt 0.753421 0.128979
vt 0.753934 0.133145
vt 0.748680 0.122141
vt 0.744965 0.120144
vt 0.740815 0.119390
vt 0.736636 0.119953
vt 0.732837 0.121778
vt 0.729788 0.124685
vt 0.727786 0.128390
vt 0.727027 0.132530
vt 0.727585 0.136700
vt 0.729404 0.140491
vt 0.732306 0.143533
vt 0.736005 0.145528
vt 0.740139 0.146281
vt 0.744303 0.145719
vt 0.748087 0.143896
vt 0.751123 0.140990
vt 0.753126 0.137278
vt 0.744546 0.130010
vt 0.745215 0.131399
vt 0.745417 0.132928
vt 0.743478 0.128897
vt 0.742117 0.128168
vt 0.740595 0.127896
vt 0.739063 0.128106
vt 0.737670 0.128779
vt 0.736552 0.129849
vt 0.735820 0.131209
vt 0.735543 0.132730
vt 0.735750 0.134259
vt 0.736419 0.135649
vt 0.737486 0.136762
vt 0.738844 0.137490
vt 0.740363 0.137762
vt 0.741892 0.137551
vt 0.743283 0.136878
vt 0.744401 0.135809
vt 0.745136 0.134448
vt 0.804999 0.998969
vt 0.806754 0.998969
vt 0.806754 0.995821
vt 0.804999 0.995821
vt 0.803256 0.998969
vt 0.803256 0.995821
vt 0.808518 0.998969
vt 0.808518 0.995821
vt 0.810288 0.998969
vt 0.810288 0.995821
vt 0.812061 0.998969
vt 0.812061 0.995821
vt 0.813833 0.998969
vt 0.813833 0.995821
vt 0.815603 0.998969
vt 0.815603 0.995821
vt 0.817367 0.998969
vt 0.817367 0.995821
vt 0.819122 0.998969
vt 0.819122 0.995821
vt 0.820865 0.998969
vt 0.820865 0.995821
vt 0.822594 0.998969
vt 0.822594 0.995821
vt 0.824306 0.998969
vt 0.824306 0.995821
vt 0.825997 0.998969
vt 0.825997 0.995821
vt 0.827665 0.998969
vt 0.827665 0.995821
vt 0.829307 0.998969
vt 0.829307 0.995821
vt 0.794814 0.998969
vt 0.796456 0.998969
vt 0.796456 0.995821
vt 0.794814 0.995821
vt 0.798124 0.998969
vt 0.798124 0.995821
vt 0.799815 0.998969
vt 0.799815 0.995821
vt 0.801527 0.998969
vt 0.801527 0.995821
vt 0.740373 0.137674
vt 0.741871 0.137468
vt 0.737551 0.136693
vt 0.738884 0.137407
vt 0.743233 0.136809
vt 0.736503 0.135602
vt 0.744325 0.135761
vt 0.735844 0.134240
vt 0.745039 0.134428
vt 0.735638 0.132741
vt 0.745306 0.132939
vt 0.735905 0.131253
vt 0.745100 0.131440
vt 0.736619 0.129919
vt 0.744441 0.130078
vt 0.737710 0.128871
vt 0.743393 0.128988
vt 0.739072 0.128212
vt 0.742059 0.128273
vt 0.740570 0.128006
vt 0.776746 0.108225
vt 0.782556 0.120640
vt 0.784245 0.134255
vt 0.767387 0.098222
vt 0.781647 0.147713
vt 0.755397 0.091609
vt 0.741945 0.088986
vt 0.728351 0.090647
vt 0.715936 0.096431
vt 0.705907 0.105775
vt 0.699245 0.117758
vt 0.696609 0.131224
vt 0.698261 0.144859
vt 0.704044 0.157328
vt 0.713410 0.167354
vt 0.725430 0.173998
vt 0.738916 0.176605
vt 0.752546 0.174919
vt 0.764984 0.169094
vt 0.775012 0.159719
vt 0.782089 0.120709
vt 0.776350 0.108416
vt 0.783903 0.134172
vt 0.767072 0.098435
vt 0.755085 0.091918
vt 0.741705 0.089423
vt 0.728221 0.091181
vt 0.715944 0.097012
vt 0.706068 0.106346
vt 0.699558 0.118273
vt 0.697051 0.131626
vt 0.698792 0.145100
vt 0.704611 0.157376
vt 0.713938 0.167251
vt 0.725859 0.173758
vt 0.739203 0.176261
vt 0.752653 0.174522
vt 0.764893 0.168719
vt 0.774838 0.159486
vt 0.781451 0.147579
vt 0.822160 0.319921
vt 0.822158 0.298904
vt 0.813534 0.298905
vt 0.813535 0.319921
vt 0.822161 0.340937
vt 0.813537 0.340938
vt 0.822163 0.361954
vt 0.813538 0.361955
vt 0.822164 0.382971
vt 0.813540 0.382971
vt 0.822166 0.403987
vt 0.813541 0.403988
vt 0.822167 0.425004
vt 0.813543 0.425004
vt 0.822139 0.025688
vt 0.822138 0.004671
vt 0.813513 0.004672
vt 0.813515 0.025688
vt 0.822141 0.046704
vt 0.813516 0.046705
vt 0.822142 0.067721
vt 0.813518 0.067722
vt 0.822144 0.088738
vt 0.813519 0.088738
vt 0.822145 0.109754
vt 0.813521 0.109755
vt 0.822147 0.130771
vt 0.813522 0.130772
vt 0.822148 0.151788
vt 0.813524 0.151788
vt 0.822149 0.172804
vt 0.813525 0.172805
vt 0.822151 0.193821
vt 0.813527 0.193821
vt 0.822152 0.214837
vt 0.813528 0.214838
vt 0.822154 0.235854
vt 0.813529 0.235855
vt 0.822155 0.256871
vt 0.813531 0.256871
vt 0.822157 0.277888
vt 0.813532 0.277888
vt 0.847293 0.319919
vt 0.847292 0.298902
vt 0.847295 0.340936
vt 0.847296 0.361952
vt 0.847297 0.382969
vt 0.847299 0.403985
vt 0.847300 0.425002
vt 0.847273 0.025686
vt 0.847271 0.004669
vt 0.847274 0.046703
vt 0.847275 0.067719
vt 0.847277 0.088736
vt 0.847278 0.109753
vt 0.847280 0.130769
vt 0.847281 0.151786
vt 0.847283 0.172802
vt 0.847284 0.193819
vt 0.847286 0.214836
vt 0.847287 0.235852
vt 0.847289 0.256869
vt 0.847290 0.277886
vt 0.764649 0.650362
vt 0.764649 0.645059
vt 0.756534 0.645059
vt 0.756534 0.650363
vt 0.764649 0.639401
vt 0.756534 0.639401
vt 0.764649 0.633477
vt 0.756534 0.633477
vt 0.764649 0.627554
vt 0.756534 0.627554
vt 0.764648 0.621895
vt 0.756534 0.621896
vt 0.764648 0.616592
vt 0.756534 0.616592
vt 0.756535 0.676647
vt 0.764650 0.676646
vt 0.764648 0.590308
vt 0.756533 0.590308
vt 0.779401 0.705859
vt 0.779402 0.680022
vt 0.771287 0.680022
vt 0.771286 0.705859
vt 0.766512 0.705859
vt 0.766513 0.680022
vt 0.758398 0.680021
vt 0.758397 0.705858
vt 0.777994 0.710557
vt 0.778877 0.711388
vt 0.780398 0.706307
vt 0.768470 0.623052
vt 0.767064 0.618355
vt 0.766067 0.618802
vt 0.767588 0.623883
vt 0.774150 0.713996
vt 0.774659 0.715160
vt 0.772314 0.626492
vt 0.771804 0.627657
vt 0.768899 0.715254
vt 0.768899 0.716541
vt 0.777565 0.627752
vt 0.777564 0.629038
vt 0.763648 0.713995
vt 0.763138 0.715159
vt 0.782816 0.626494
vt 0.783325 0.627659
vt 0.759804 0.710556
vt 0.758921 0.711387
vt 0.786661 0.623056
vt 0.787543 0.623887
vt 0.757400 0.706306
vt 0.788068 0.618358
vt 0.789065 0.618806
vt 0.767069 0.592518
vt 0.766072 0.592518
vt 0.780399 0.680022
vt 0.757401 0.680021
vt 0.788073 0.592522
vt 0.789070 0.592522
vt 0.735001 0.731950
vt 0.735005 0.721440
vt 0.585604 0.721380
vt 0.585599 0.731890
vt 0.734988 0.763481
vt 0.734992 0.752970
vt 0.585591 0.752911
vt 0.585587 0.763421
vt 0.734996 0.742460
vt 0.585595 0.742400
vt 0.416535 0.079380
vt 0.416535 0.096806
vt 0.418614 0.096806
vt 0.418614 0.079380
vt 0.451056 0.096806
vt 0.451056 0.079380
vt 0.453132 0.096806
vt 0.453132 0.079380
vt 0.418614 0.098933
vt 0.451056 0.098933
vt 0.451056 0.077348
vt 0.418614 0.077348
vt 0.831020 0.946295
vt 0.832151 0.946295
vt 0.832151 0.928777
vt 0.831020 0.928777
vt 0.834872 0.928777
vt 0.833742 0.928777
vt 0.833742 0.946295
vt 0.834872 0.946295
vt 0.829430 0.946295
vt 0.829430 0.928777
vt 0.353474 0.049879
vt 0.361231 0.049880
vt 0.361233 0.027909
vt 0.353476 0.027908
vt 0.327502 0.049877
vt 0.335259 0.049879
vt 0.335261 0.027907
vt 0.327504 0.027906
vt 0.344366 0.049879
vt 0.344368 0.027907
vt 0.521792 0.118903
vt 0.508394 0.118903
vt 0.498692 0.112897
vt 0.533768 0.112895
vt 1.533757 0.112925
vt 1.498682 0.112883
vt 1.508376 0.118902
vt 1.521775 0.118918
vt 0.320712 0.049877
vt 0.320714 0.027906
vt 0.496392 0.103178
vt 0.539748 0.103177
vt 1.539747 0.103212
vt 1.496392 0.103162
vt 0.462717 0.023777
vt 0.462718 0.026321
vt 0.473740 0.026321
vt 0.473739 0.023777
vt 0.462718 0.028865
vt 0.473740 0.028863
vt 0.462718 0.031625
vt 0.473740 0.031623
vt 0.462719 0.034167
vt 0.473741 0.034167
vt 0.462719 0.036711
vt 0.473741 0.036709
vt 0.462719 0.039471
vt 0.473741 0.039469
vt 0.666620 0.140251
vt 0.656634 0.133808
vt 0.656634 0.139287
vt 0.661627 0.142509
vt 0.666620 0.134772
vt 0.661627 0.131550
vt 0.439136 0.052638
vt 0.439137 0.055182
vt 0.450159 0.055182
vt 0.450158 0.052638
vt 0.439137 0.057727
vt 0.450159 0.057724
vt 0.439137 0.060486
vt 0.450159 0.060484
vt 0.439138 0.063028
vt 0.450160 0.063028
vt 0.439138 0.065572
vt 0.450160 0.065570
vt 0.439139 0.068332
vt 0.450161 0.068329
vt 0.685341 0.184823
vt 0.675355 0.178379
vt 0.675355 0.183859
vt 0.680348 0.187080
vt 0.685341 0.179344
vt 0.680348 0.176122
vt 0.479578 0.025922
vt 0.479579 0.028466
vt 0.490601 0.028466
vt 0.490600 0.025922
vt 0.479579 0.031010
vt 0.490601 0.031008
vt 0.479579 0.033770
vt 0.490601 0.033768
vt 0.479580 0.036312
vt 0.490602 0.036312
vt 0.479580 0.038856
vt 0.490602 0.038854
vt 0.479580 0.041615
vt 0.490602 0.041613
vt 0.687281 0.209929
vt 0.677296 0.203485
vt 0.677296 0.208965
vt 0.682289 0.212187
vt 0.687281 0.204450
vt 0.682289 0.201228
vt 0.826784 0.952230
vt 0.824021 0.952230
vt 0.824021 0.953794
vt 0.826784 0.953794
vt 0.820113 0.952232
vt 0.817352 0.952232
vt 0.817352 0.953795
vt 0.820115 0.953794
vt 0.830692 0.953794
vt 0.833454 0.953792
vt 0.833453 0.952230
vt 0.830692 0.952230
vt 0.837361 0.953792
vt 0.840123 0.953792
vt 0.840123 0.952229
vt 0.837361 0.952229
vt 0.813444 0.952232
vt 0.813444 0.953795
vt 0.877820 0.160959
vt 0.902251 0.163276
vt 0.904059 0.141924
vt 0.875270 0.139343
vt 0.904031 0.132398
vt 0.879558 0.130269
vt 0.874866 0.031543
vt 0.903617 0.028808
vt 0.901930 0.007622
vt 0.877326 0.009898
vt 0.993731 0.135722
vt 0.994394 0.130817
vt 0.976312 0.132012
vt 0.978997 0.136197
vt 0.882749 0.188654
vt 0.882544 0.169323
vt 0.872781 0.167679
vt 0.872983 0.187085
vt 0.864985 0.138491
vt 0.870609 0.156961
vt 0.880131 0.330978
vt 0.888440 0.331071
vt 0.887518 0.320654
vt 0.877896 0.321183
vt 0.870132 0.013934
vt 0.864584 0.032435
vt 0.871268 0.457724
vt 0.881145 0.456727
vt 0.880994 0.396874
vt 0.870891 0.395786
vt 0.985296 0.457668
vt 0.995067 0.454428
vt 0.996951 0.393115
vt 0.985656 0.395658
vt 0.883147 0.250564
vt 0.873119 0.249496
vt 0.861492 0.454494
vt 0.859634 0.393208
vt 0.884787 0.338988
vt 0.877102 0.337575
vt 0.991042 0.331362
vt 0.977827 0.337928
vt 0.872116 0.310416
vt 0.883175 0.310049
vt 0.865451 0.332077
vt 0.975514 0.396819
vt 0.975417 0.456690
vt 0.970901 0.338756
vt 0.968645 0.319210
vt 0.967839 0.330746
vt 0.976392 0.330658
vt 0.978496 0.320861
vt 0.982411 0.248919
vt 0.972394 0.250099
vt 0.973320 0.309879
vt 0.983532 0.309872
vt 0.981888 0.186513
vt 0.972139 0.188185
vt 0.981886 0.167106
vt 0.972141 0.168853
vt 0.975929 0.038094
vt 0.994020 0.039142
vt 0.993317 0.034243
vt 0.978580 0.033888
vt 0.879204 0.040608
vt 0.903661 0.038324
vt 0.891086 0.396534
vt 0.890825 0.456542
vt 0.928260 0.457662
vt 0.928209 0.395973
vt 0.928081 0.338551
vt 0.892809 0.339164
vt 0.896042 0.320646
vt 0.896393 0.331440
vt 0.928071 0.329971
vt 0.928064 0.322025
vt 0.892065 0.309236
vt 0.928041 0.308130
vt 0.927770 0.250499
vt 0.891853 0.250697
vt 0.927447 0.188916
vt 0.891484 0.188888
vt 0.927346 0.169580
vt 0.891293 0.169558
vt 0.977929 0.125275
vt 0.994970 0.124508
vt 0.993980 0.084981
vt 0.979129 0.085042
vt 0.875104 0.121491
vt 0.903873 0.122866
vt 0.903687 0.085353
vt 0.865634 0.085498
vt 0.963407 0.188511
vt 0.963395 0.169181
vt 0.963690 0.250324
vt 0.964079 0.308887
vt 0.959717 0.331140
vt 0.960106 0.320329
vt 0.963061 0.338793
vt 0.965407 0.396607
vt 0.965734 0.456527
vt 0.903575 0.047848
vt 0.874818 0.049427
vt 0.994648 0.045447
vt 0.977601 0.044818
vt 0.970824 0.141511
vt 0.968220 0.163441
vt 0.980613 0.156108
vt 0.977305 0.140531
vt 0.977141 0.133757
vt 0.970909 0.133574
vt 0.972411 0.085070
vt 0.971958 0.125105
vt 0.971631 0.045037
vt 0.970358 0.028637
vt 0.970511 0.036574
vt 0.976742 0.036339
vt 0.976847 0.029562
vt 0.967564 0.006727
vt 0.980020 0.013955
vt 0.935400 0.165879
vt 0.935871 0.144842
vt 0.935935 0.134227
vt 0.935838 0.124279
vt 0.935788 0.085222
vt 0.935523 0.046167
vt 0.935538 0.036219
vt 0.935380 0.025603
vt 0.934715 0.004566
vt 0.964339 0.124529
vt 0.964815 0.085101
vt 0.963366 0.142652
vt 0.963715 0.133583
vt 0.960070 0.165425
vt 0.962891 0.027559
vt 0.959396 0.004811
vt 0.963318 0.036627
vt 0.964018 0.045677
vt 0.410360 0.654675
vt 0.413061 0.657966
vt 0.412720 0.629626
vt 0.410110 0.632980
vt 0.410346 0.627537
vt 0.407577 0.631279
vt 0.453603 0.641289
vt 0.450741 0.641289
vt 0.450741 0.668361
vt 0.453603 0.668361
vt 0.407577 0.656398
vt 0.410695 0.660089
vt 0.473148 0.641289
vt 0.470286 0.641289
vt 0.470285 0.668361
vt 0.473148 0.668361
vt 0.431471 0.624737
vt 0.431471 0.621994
vt 0.431471 0.665424
vt 0.431471 0.662681
vt 0.436601 0.641289
vt 0.436601 0.668361
vt 0.487287 0.668361
vt 0.487287 0.641289
vt 0.877145 0.479358
vt 0.877038 0.513405
vt 0.879614 0.513405
vt 0.879700 0.479662
vt 0.877170 0.471490
vt 0.879568 0.471553
vt 0.877196 0.462989
vt 0.879942 0.463432
vt 1.877169 0.471486
vt 1.877196 0.462994
vt 1.874447 0.463412
vt 1.874770 0.471534
vt 1.877144 0.479355
vt 1.874587 0.479642
vt 1.877034 0.513401
vt 1.874458 0.513384
vt 0.917685 0.546651
vt 0.951730 0.546545
vt 0.951713 0.543969
vt 0.917972 0.544094
vt 0.909816 0.546676
vt 0.909865 0.544277
vt 0.901317 0.546702
vt 0.901742 0.543954
vt 1.909811 0.546675
vt 1.901318 0.546703
vt 1.901754 0.549450
vt 1.909875 0.549074
vt 1.917680 0.546650
vt 1.917984 0.549205
vt 1.951728 0.546541
vt 1.951728 0.549117
vt 0.917926 0.528352
vt 0.951973 0.528456
vt 0.951973 0.525880
vt 0.918229 0.525796
vt 0.910057 0.528327
vt 0.910121 0.525928
vt 0.901557 0.528301
vt 0.901999 0.525555
vt 1.910053 0.528288
vt 1.901561 0.528316
vt 1.901996 0.531063
vt 1.910117 0.530687
vt 1.917923 0.528263
vt 1.918226 0.530818
vt 1.951970 0.528153
vt 1.951970 0.530729
vt 0.952282 0.514686
vt 0.952303 0.511867
vt 0.918266 0.511743
vt 0.918540 0.514540
vt 0.918939 0.490657
vt 0.918644 0.493452
vt 0.952681 0.493577
vt 0.952680 0.490756
vt 0.902246 0.514706
vt 0.910397 0.514332
vt 0.910329 0.511714
vt 0.901803 0.511683
vt 0.910794 0.490805
vt 0.910707 0.493423
vt 0.902647 0.490370
vt 0.902189 0.493392
vt 0.970645 0.530624
vt 0.998336 0.530620
vt 0.998333 0.510064
vt 0.970642 0.510069
vt 0.964999 0.530625
vt 0.964996 0.510070
vt 0.959866 0.530626
vt 0.959862 0.510071
vt 1.964992 0.530628
vt 1.959859 0.530627
vt 1.959863 0.510072
vt 1.964997 0.510073
vt 1.970639 0.530629
vt 1.970643 0.510074
vt 1.998329 0.530635
vt 1.998333 0.510080
vt 0.970641 0.506154
vt 0.998332 0.506149
vt 0.998328 0.485594
vt 0.970638 0.485599
vt 0.964995 0.506155
vt 0.964992 0.485600
vt 0.959861 0.506156
vt 0.959858 0.485601
vt 1.964997 0.506158
vt 1.959864 0.506157
vt 1.959867 0.485602
vt 1.965001 0.485603
vt 1.970644 0.506159
vt 1.970647 0.485604
vt 1.998334 0.506164
vt 1.998338 0.485609
vt 0.970637 0.481684
vt 0.998328 0.481679
vt 0.998324 0.462555
vt 0.970634 0.462560
vt 0.964991 0.481685
vt 0.964987 0.462561
vt 0.959857 0.481686
vt 0.959854 0.462562
vt 1.965002 0.481688
vt 1.959868 0.481687
vt 1.959870 0.462563
vt 1.965004 0.462564
vt 1.970648 0.481688
vt 1.970650 0.462565
vt 1.998338 0.481692
vt 1.998341 0.462568
vt 0.909668 0.477147
vt 0.950814 0.476890
vt 0.950786 0.474174
vt 0.909928 0.474433
vt 0.899647 0.478484
vt 0.898888 0.475951
vt 0.889950 0.482977
vt 0.889280 0.480258
vt 0.899218 0.465693
vt 0.889529 0.470182
vt 0.888850 0.467465
vt 0.898459 0.463160
vt 0.909239 0.464355
vt 0.909499 0.461641
vt 0.950385 0.464098
vt 0.950357 0.461382
vt 0.970649 0.552705
vt 0.998340 0.552700
vt 0.998337 0.534535
vt 0.970646 0.534539
vt 0.965003 0.552706
vt 0.965000 0.534540
vt 0.959869 0.552706
vt 0.959866 0.534541
vt 1.964987 0.552709
vt 1.959853 0.552708
vt 1.959858 0.534542
vt 1.964992 0.534543
vt 1.970633 0.552711
vt 1.970638 0.534545
vt 1.998324 0.552717
vt 1.998328 0.534552
vt 0.883705 0.716188
vt 0.883705 0.685643
vt 0.880859 0.685643
vt 0.880859 0.716188
vt 0.957001 0.462562
vt 1.957017 0.462563
vt 0.874746 0.679726
vt 0.844202 0.679726
vt 0.844202 0.682572
vt 0.874746 0.682572
vt 0.957016 0.552707
vt 1.957000 0.552707
vt 0.882531 0.513404
vt 0.882594 0.479880
vt 0.871693 0.479846
vt 0.871545 0.513370
vt 0.874462 0.513389
vt 0.874588 0.479646
vt 0.882546 0.472082
vt 0.871790 0.472048
vt 0.874771 0.471538
vt 0.883182 0.465384
vt 0.871196 0.465347
vt 0.874448 0.463415
vt 1.871195 0.465344
vt 1.871789 0.472045
vt 1.882545 0.472079
vt 1.883183 0.465382
vt 1.879943 0.463429
vt 1.879567 0.471550
vt 1.871692 0.479842
vt 1.882592 0.479877
vt 1.879699 0.479659
vt 1.871542 0.513365
vt 1.882527 0.513400
vt 1.879610 0.513401
vt 0.951694 0.541053
vt 0.918172 0.541200
vt 0.918206 0.552100
vt 0.951728 0.552038
vt 0.951730 0.549121
vt 0.917988 0.549206
vt 0.910375 0.541296
vt 0.910408 0.552052
vt 0.909880 0.549074
vt 0.903674 0.540703
vt 0.903711 0.552687
vt 0.901759 0.549448
vt 1.903707 0.552689
vt 1.910404 0.552052
vt 1.910370 0.541295
vt 1.903669 0.540701
vt 1.901736 0.543953
vt 1.909859 0.544276
vt 1.918203 0.552099
vt 1.918167 0.541198
vt 1.917968 0.544093
vt 1.951727 0.552034
vt 1.951692 0.541048
vt 1.951712 0.543965
vt 0.951972 0.522963
vt 0.918448 0.522903
vt 0.918414 0.533803
vt 0.951938 0.533949
vt 0.951957 0.531032
vt 0.918214 0.530908
vt 0.910649 0.522951
vt 0.910616 0.533707
vt 0.910106 0.530726
vt 0.903952 0.522315
vt 0.903915 0.534301
vt 0.901982 0.531049
vt 1.903949 0.534302
vt 1.910646 0.533665
vt 1.910612 0.522908
vt 1.903911 0.522314
vt 1.901978 0.525566
vt 1.910102 0.525890
vt 1.918445 0.533712
vt 1.918410 0.522811
vt 1.918210 0.525706
vt 1.951969 0.533646
vt 1.951934 0.522660
vt 1.951954 0.525577
vt 0.952300 0.506131
vt 0.918774 0.506056
vt 0.918561 0.508948
vt 0.952303 0.509047
vt 0.918733 0.517433
vt 0.952259 0.517602
vt 0.919111 0.499142
vt 0.952637 0.499312
vt 0.952660 0.496397
vt 0.918919 0.496249
vt 0.952678 0.487841
vt 0.919152 0.487766
vt 0.904213 0.517944
vt 0.910916 0.517314
vt 0.910957 0.506118
vt 0.904258 0.505439
vt 0.902268 0.508662
vt 0.910416 0.509096
vt 0.911335 0.487827
vt 0.911295 0.499024
vt 0.910775 0.496041
vt 0.904637 0.487147
vt 0.904591 0.499654
vt 0.902625 0.496417
vt 0.910721 0.483363
vt 0.950866 0.483121
vt 0.950837 0.479620
vt 0.910224 0.479867
vt 0.880031 0.672236
vt 0.883705 0.672785
vt 0.901932 0.484551
vt 0.900392 0.481074
vt 0.879373 0.677532
vt 0.881222 0.679648
vt 0.894901 0.488059
vt 0.891470 0.485337
vt 0.901503 0.471759
vt 0.894473 0.475268
vt 0.891041 0.472547
vt 0.899963 0.468282
vt 0.839574 0.677532
vt 0.837726 0.679648
vt 0.910293 0.470570
vt 0.909795 0.467075
vt 0.838916 0.672236
vt 0.835242 0.672786
vt 0.950437 0.470328
vt 0.950408 0.466827
vt 0.957017 0.557054
vt 0.956284 0.554881
vt 0.955614 0.554881
vt 0.955614 0.557054
vt 1.956267 0.554880
vt 1.955597 0.554880
vt 1.955598 0.552707
vt 0.956268 0.460868
vt 0.957000 0.459174
vt 0.955597 0.459174
vt 0.955598 0.460868
vt 1.957018 0.459174
vt 1.956285 0.460868
vt 1.955615 0.460868
vt 1.955615 0.459174
vt 0.955613 0.552707
vt 1.955615 0.462563
vt 0.844191 0.683971
vt 0.874746 0.683971
vt 0.955598 0.462563
vt 1.956999 0.557054
vt 1.955596 0.557054
vt 0.945301 0.559988
vt 0.948886 0.651512
vt 0.961106 0.651455
vt 0.963319 0.559903
vt 0.967487 0.651582
vt 0.978658 0.570308
vt 0.942153 0.651694
vt 0.931435 0.570527
vt 0.823509 0.706847
vt 0.822049 0.693144
vt 0.808260 0.693145
vt 0.806815 0.706845
vt 0.794339 0.699316
vt 0.791574 0.701873
vt 0.838813 0.701904
vt 0.835994 0.699314
vt 0.786856 0.679470
vt 0.786434 0.681367
vt 0.810029 0.681368
vt 0.809971 0.679428
vt 0.813310 0.657624
vt 0.813427 0.656088
vt 0.789671 0.654843
vt 0.789425 0.656560
vt 0.832413 0.672140
vt 0.829971 0.670970
vt 0.832051 0.667301
vt 0.829639 0.667951
vt 0.771797 0.665935
vt 0.768982 0.665915
vt 0.772384 0.661922
vt 0.774595 0.662986
vt 0.781002 0.476918
vt 0.763379 0.511783
vt 0.774184 0.516144
vt 0.785465 0.478644
vt 0.803400 0.478884
vt 0.797607 0.478958
vt 0.795327 0.515517
vt 0.806975 0.515213
vt 0.784643 0.513554
vt 0.790750 0.478614
vt 0.786092 0.513736
vt 0.792056 0.478590
vt 0.810285 0.478434
vt 0.816549 0.512886
vt 0.825908 0.516147
vt 0.815577 0.478471
vt 0.814569 0.512987
vt 0.808958 0.478375
vt 0.755392 0.716198
vt 0.754745 0.626864
vt 0.751880 0.626812
vt 0.748231 0.716197
vt 0.860794 0.594880
vt 0.883408 0.594878
vt 0.883408 0.591959
vt 0.860793 0.591962
vt 0.747705 0.670784
vt 0.749892 0.580922
vt 0.743085 0.580825
vt 0.744820 0.670787
vt 0.865969 0.553683
vt 0.861901 0.547633
vt 0.846500 0.547564
vt 0.843355 0.553693
vt 0.861485 0.582086
vt 0.883705 0.582067
vt 0.861916 0.544167
vt 0.846515 0.544099
vt 0.767812 0.571588
vt 0.797833 0.571583
vt 0.797833 0.566918
vt 0.767811 0.566923
vt 0.809521 0.571581
vt 0.842717 0.571575
vt 0.842716 0.566911
vt 0.809520 0.566916
vt 0.854405 0.571573
vt 0.884426 0.571567
vt 0.884425 0.566903
vt 0.854404 0.566908
vt 0.803955 0.571581
vt 0.803954 0.566917
vt 0.848283 0.571574
vt 0.848282 0.566909
vt 0.833822 0.649547
vt 0.833826 0.621925
vt 0.829969 0.622601
vt 0.829906 0.649546
vt 0.827283 0.614435
vt 0.796741 0.614431
vt 0.797600 0.618252
vt 0.826423 0.618256
vt 0.790196 0.621920
vt 0.790192 0.649541
vt 0.794109 0.649541
vt 0.794053 0.622597
vt 0.831910 0.616629
vt 0.829012 0.619263
vt 0.792114 0.616624
vt 0.795011 0.619258
vt 0.733513 0.716198
vt 0.733511 0.689252
vt 0.728952 0.689252
vt 0.728954 0.716198
vt 0.733510 0.683001
vt 0.733508 0.654177
vt 0.728950 0.654177
vt 0.728952 0.683001
vt 0.733507 0.647926
vt 0.733505 0.620980
vt 0.728947 0.620980
vt 0.728949 0.647926
vt 0.733510 0.685778
vt 0.728952 0.685779
vt 0.733508 0.651399
vt 0.728950 0.651399
vt 0.853530 0.640851
vt 0.883243 0.640711
vt 0.883023 0.639452
vt 0.853500 0.639573
vt 0.888337 0.636509
vt 0.888777 0.604669
vt 0.887521 0.604903
vt 0.887088 0.636250
vt 0.883759 0.600361
vt 0.853578 0.599779
vt 0.853527 0.601057
vt 0.883516 0.601617
vt 0.887064 0.639436
vt 0.886187 0.638508
vt 0.887559 0.601714
vt 0.886664 0.602624
vt 0.882720 0.637471
vt 0.853457 0.637568
vt 0.885531 0.605227
vt 0.885114 0.635884
vt 0.853448 0.603062
vt 0.883181 0.603592
vt 0.884725 0.636979
vt 0.885173 0.604124
vt 0.729745 0.912736
vt 0.727287 0.912736
vt 0.727287 0.926110
vt 0.729745 0.926110
vt 0.737152 0.912736
vt 0.734695 0.912736
vt 0.734695 0.926110
vt 0.737152 0.926110
vt 0.732219 0.912736
vt 0.732219 0.926110
vt 0.995697 0.285987
vt 0.995697 0.255746
vt 0.986525 0.255746
vt 0.986525 0.285987
vt 0.986525 0.195266
vt 0.986525 0.225506
vt 0.995697 0.225506
vt 0.995697 0.195266
vt 0.995697 0.316227
vt 0.986525 0.316227
vt 0.716014 0.956631
vt 0.712279 0.953738
vt 0.715740 0.965610
vt 0.717335 0.961164
vt 0.248385 0.954031
vt 0.248385 0.948859
vt 0.216475 0.948859
vt 0.216475 0.954031
vt 0.248385 0.943671
vt 0.216475 0.943671
vt 0.248385 0.938472
vt 0.216475 0.938472
vt 0.248385 0.933187
vt 0.216475 0.933187
vt 0.248385 0.985335
vt 0.248385 0.979848
vt 0.216475 0.979848
vt 0.216475 0.985335
vt 0.248385 0.974666
vt 0.216475 0.974666
vt 0.248385 0.969512
vt 0.216475 0.969512
vt 0.248385 0.964366
vt 0.216475 0.964366
vt 0.248385 0.959266
vt 0.216475 0.959266
vt 0.195447 0.948859
vt 0.195447 0.954031
vt 0.195447 0.943671
vt 0.195447 0.938472
vt 0.195447 0.933187
vt 0.195447 0.979848
vt 0.195447 0.985335
vt 0.195447 0.974666
vt 0.195447 0.969512
vt 0.195447 0.964366
vt 0.195447 0.959266
vt 0.191327 0.948859
vt 0.191327 0.954031
vt 0.191327 0.943671
vt 0.191327 0.938472
vt 0.191327 0.933187
vt 0.191327 0.979848
vt 0.191327 0.985335
vt 0.191327 0.974666
vt 0.191327 0.969512
vt 0.191327 0.964366
vt 0.191327 0.959266
vt 0.164194 0.948859
vt 0.164194 0.954031
vt 0.164194 0.943671
vt 0.164194 0.938472
vt 0.164194 0.933187
vt 0.164194 0.979848
vt 0.164194 0.985335
vt 0.164194 0.974666
vt 0.164194 0.969512
vt 0.164194 0.964366
vt 0.164194 0.959266
vt 0.704059 0.939018
vt 0.692243 0.946495
vt 0.697369 0.950967
vt 0.705578 0.945649
vt 0.687078 0.959488
vt 0.693852 0.960093
vt 0.690539 0.973040
vt 0.696374 0.969545
vt 0.701307 0.981965
vt 0.703971 0.975705
vt 0.715258 0.982853
vt 0.713737 0.976222
vt 0.727069 0.975379
vt 0.721942 0.970907
vt 0.732234 0.962386
vt 0.725459 0.961781
vt 0.728774 0.948837
vt 0.722939 0.952331
vt 0.718010 0.939914
vt 0.715342 0.946171
vt 0.699962 0.953074
vt 0.706438 0.948877
vt 0.697190 0.960272
vt 0.699180 0.967727
vt 0.705172 0.972586
vt 0.712876 0.972993
vt 0.719348 0.968800
vt 0.722122 0.961601
vt 0.720132 0.954147
vt 0.714140 0.949288
vt 0.703375 0.955971
vt 0.707495 0.953227
vt 0.701651 0.960611
vt 0.702988 0.965375
vt 0.706870 0.968445
vt 0.711814 0.968643
vt 0.715937 0.965903
vt 0.717659 0.961264
vt 0.716324 0.956499
vt 0.712442 0.953431
vt 0.707557 0.953594
vt 0.711836 0.968270
vt 0.703653 0.956252
vt 0.707113 0.968124
vt 0.702057 0.960698
vt 0.703379 0.965234
vt 0.099786 0.279051
vt 0.134074 0.284595
vt 0.134670 0.236375
vt 0.100685 0.235785
vt 0.134207 0.323433
vt 0.134180 0.317146
vt 0.100048 0.312384
vt 0.100069 0.321355
vt 0.100255 0.389411
vt 0.144782 0.323314
vt 0.154740 0.318378
vt 0.154740 0.284701
vt 0.154740 0.236575
vt 0.153917 0.220115
vt 0.104348 0.220109
vt 0.083523 0.235583
vt 0.083523 0.273583
vt 0.092184 0.273277
vt 0.092604 0.235652
vt 0.087870 0.389460
vt 0.087870 0.406969
vt 0.100307 0.406933
vt 0.087870 0.315398
vt 0.087870 0.323623
vt 0.080403 0.252024
vt 0.080477 0.318082
vt 0.070677 0.318081
vt 0.071917 0.252046
vt 0.080489 0.329171
vt 0.072212 0.329197
vt 0.071576 0.363043
vt 0.080527 0.363029
vt 0.080582 0.412974
vt 0.070639 0.412968
vt 0.087870 0.285257
vt 0.134498 0.415889
vt 0.154887 0.415826
vt 0.154887 0.406768
vt 0.100334 0.415992
vt 0.087870 0.416027
vt 0.153917 0.229178
vt 0.104347 0.229172
vt 0.071243 0.238807
vt 0.080389 0.238978
vt 0.080723 0.220880
vt 0.080554 0.229957
vt 0.071412 0.229787
vt 0.071583 0.220710
vt 0.101412 0.230347
vt 0.101597 0.221269
vt 0.154887 0.397768
vt 1.099786 0.279051
vt 1.100685 0.235785
vt 1.134670 0.236375
vt 1.134074 0.284595
vt 1.134207 0.323433
vt 1.100069 0.321355
vt 1.100048 0.312384
vt 1.134180 0.317146
vt 1.100255 0.389411
vt 1.144782 0.323314
vt 1.154740 0.318378
vt 1.154740 0.236575
vt 1.154740 0.284701
vt 1.104348 0.220109
vt 1.153917 0.220115
vt 1.083523 0.235583
vt 1.092604 0.235652
vt 1.092184 0.273277
vt 1.083523 0.273583
vt 1.087870 0.389460
vt 1.100307 0.406933
vt 1.087870 0.406969
vt 1.087870 0.315398
vt 1.087870 0.323623
vt 1.080403 0.252024
vt 1.071917 0.252046
vt 1.070677 0.318081
vt 1.080477 0.318082
vt 1.072212 0.329197
vt 1.080489 0.329171
vt 1.071576 0.363043
vt 1.070639 0.412968
vt 1.080582 0.412974
vt 1.080527 0.363029
vt 1.087870 0.285257
vt 1.134498 0.415889
vt 1.154887 0.406768
vt 1.154887 0.415826
vt 1.100334 0.415992
vt 1.087870 0.416027
vt 1.104347 0.229172
vt 1.153917 0.229178
vt 1.071243 0.238807
vt 1.080389 0.238978
vt 1.080723 0.220880
vt 1.071583 0.220710
vt 1.071412 0.229787
vt 1.080554 0.229957
vt 1.101412 0.230347
vt 1.101597 0.221269
vt 1.154887 0.397768
vt 0.850537 0.642168
vt 0.850534 0.611643
vt 0.837357 0.611644
vt 0.837361 0.642169
vt 0.680010 0.707378
vt 0.680010 0.647215
vt 0.670544 0.647379
vt 0.671168 0.714544
vt 0.659573 0.577149
vt 0.657840 0.577149
vt 0.657840 0.713742
vt 0.659573 0.713742
vt 0.669184 0.542593
vt 0.677857 0.541905
vt 0.690024 0.496107
vt 0.680192 0.260671
vt 0.674256 0.260678
vt 0.668436 0.364877
vt 0.675575 0.364856
vt 0.673719 0.237360
vt 0.678953 0.232693
vt 0.662190 0.437193
vt 0.696490 0.260691
vt 0.701481 0.223147
vt 0.703372 0.209077
vt 0.675912 0.220856
vt 0.807011 0.261791
vt 0.670831 0.227288
vt 0.637895 0.146118
vt 0.630715 0.155020
vt 0.706239 0.479347
vt 0.653415 0.472391
vt 0.584803 0.648874
vt 0.623162 0.648981
vt 0.751273 0.778648
vt 0.604694 0.778649
vt 0.604694 0.848422
vt 0.751273 0.848423
vt 0.584219 0.778649
vt 0.584218 0.848422
vt 0.014323 0.961622
vt 0.006460 0.993512
vt 0.262594 0.943367
vt 0.273627 0.970352
vt 0.274692 0.937092
vt 0.241901 0.921321
vt 0.199757 0.910845
vt 0.157234 0.921117
vt 0.124844 0.954142
vt 0.589336 0.885061
vt 0.583162 0.970854
vt 0.663689 0.930714
vt 0.684174 0.887064
vt 0.693231 0.903138
vt 0.736873 0.893867
vt 0.667821 0.854697
vt 0.371682 0.968510
vt 0.378124 0.842855
vt 0.572697 0.995100
vt 0.376439 0.995100
vt 0.481607 0.618444
vt 0.481607 0.560897
vt 0.464622 0.560897
vt 0.464622 0.618444
vt 0.490892 0.638122
vt 0.493883 0.640523
vt 0.493219 0.620605
vt 0.488787 0.620771
vt 0.662683 0.970872
vt 0.674865 0.938159
vt 0.492580 0.603439
vt 0.488148 0.603602
vt 0.698998 0.914898
vt 0.491862 0.583814
vt 0.487430 0.583976
vt 0.736843 0.906703
vt 0.773295 0.913274
vt 0.491187 0.565209
vt 0.486756 0.565370
vt 0.491346 0.548781
vt 0.488210 0.548893
vt 0.815262 0.926983
vt 0.800776 0.931401
vt 0.491128 0.542721
vt 0.488682 0.542809
vt 0.809392 0.940369
vt 0.821764 0.938505
vt 0.399495 0.686819
vt 0.397405 0.701617
vt 0.401882 0.701623
vt 0.402014 0.688025
vt 0.397349 0.717185
vt 0.401825 0.717200
vt 0.397295 0.739153
vt 0.397242 0.761404
vt 0.401726 0.761405
vt 0.401771 0.739165
vt 0.072731 0.957137
vt 0.828404 0.465622
vt 0.836405 0.462369
vt 0.827735 0.445516
vt 0.821616 0.430255
vt 0.838104 0.460702
vt 0.854313 0.475384
vt 0.855228 0.473148
vt 0.851162 0.867231
vt 0.576403 0.634861
vt 0.576403 0.617445
vt 0.576403 0.600272
vt 0.576403 0.580643
vt 0.576403 0.562035
vt 0.576403 0.545633
vt 0.576403 0.539573
vt 0.424266 0.686978
vt 0.424201 0.701907
vt 0.424153 0.717366
vt 0.424101 0.739249
vt 0.424060 0.761445
vt 0.424119 0.783707
vt 0.499711 0.648625
vt 0.520486 0.651715
vt 0.576403 0.649762
vt 0.576403 0.645291
vt 0.429536 0.672360
vt 0.408615 0.675760
vt 0.499711 0.690447
vt 0.499711 0.786841
vt 0.518922 0.786738
vt 0.519557 0.690728
vt 0.430538 0.560897
vt 0.430538 0.618444
vt 0.425313 0.808776
vt 0.427506 0.839183
vt 0.427564 0.831181
vt 0.406909 0.830380
vt 0.407526 0.838919
vt 0.778147 0.021032
vt 0.733952 0.021032
vt 0.733920 0.025738
vt 0.778035 0.025738
vt 0.660535 0.021031
vt 0.660536 0.025738
vt 0.811249 0.021032
vt 0.811434 0.025738
vt 0.567254 0.462872
vt 0.571932 0.460399
vt 0.498648 0.421304
vt 0.497206 0.421947
vt 0.885623 0.774791
vt 0.769337 0.774791
vt 0.769337 0.767285
vt 0.885623 0.767285
vt 0.296067 0.975504
vt 0.355637 0.975849
vt 0.296521 0.995310
vt 0.356739 0.995100
vt 0.497942 0.837264
vt 0.518667 0.833896
vt 0.515892 0.826075
vt 0.497942 0.829289
vt 0.516169 0.796429
vt 0.499711 0.796514
vt 0.165061 0.995055
vt 0.245708 0.995055
vt 0.245708 0.990238
vt 0.165061 0.990238
vt 0.152483 0.999902
vt 0.130607 0.978335
vt 0.130607 0.983402
vt 0.147497 0.999902
vt 0.130396 0.966391
vt 0.152219 0.987658
vt 0.147334 0.987658
vt 0.130396 0.971464
vt 0.078802 0.978335
vt 0.078801 0.983402
vt 0.240377 0.925071
vt 0.158783 0.925071
vt 0.158783 0.929888
vt 0.240377 0.929888
vt 0.079377 0.966391
vt 0.079377 0.971464
vt 0.292599 0.940781
vt 0.341208 0.940413
vt 0.340176 0.912837
vt 0.288332 0.933215
vt 0.600102 0.652799
vt 0.602381 0.670924
vt 0.604769 0.676555
vt 0.629320 0.676555
vt 0.629320 0.713390
vt 0.604770 0.713390
vt 0.631238 0.673833
vt 0.631238 0.715214
vt 0.602851 0.673833
vt 0.602851 0.715214
vt 0.006771 0.957329
vt 0.006625 0.974357
vt 0.644676 0.571457
vt 0.638183 0.562451
vt 0.638183 0.712627
vt 0.644676 0.712626
vt 0.335852 0.439228
vt 0.335852 0.484672
vt 0.485119 0.484672
vt 0.485119 0.439228
vt 0.875978 0.871749
vt 0.875938 0.894722
vt 0.876299 0.921703
vt 0.856747 0.923367
vt 0.627511 0.021031
vt 0.630395 0.025738
vt 0.576403 0.786306
vt 0.576403 0.690109
vt 0.487852 0.831385
vt 0.487852 0.808965
vt 0.487852 0.783866
vt 0.487852 0.761586
vt 0.487852 0.739368
vt 0.487852 0.717449
vt 0.487852 0.701942
vt 0.487852 0.686937
vt 0.487852 0.672093
vt 0.576403 0.833632
vt 0.490926 0.537102
vt 0.576403 0.533955
vt 0.584494 0.774791
vt 0.584494 0.767285
vt 0.858864 0.489044
vt 0.866120 0.486948
vt 0.863443 0.474290
vt 0.576403 0.475051
vt 0.582853 0.008764
vt 0.582853 0.010462
vt 0.485511 0.010462
vt 0.485511 0.008764
vt 0.603085 0.008764
vt 0.603085 0.010462
vt 0.647727 0.008764
vt 0.647727 0.010462
vt 0.691369 0.008764
vt 0.691369 0.010462
vt 0.696771 0.008764
vt 0.696771 0.010462
vt 0.751122 0.008764
vt 0.751122 0.010462
vt 0.805933 0.008764
vt 0.805933 0.010462
vt 0.685695 0.048600
vt 0.640210 0.060885
vt 0.640211 0.054169
vt 0.685696 0.042672
vt 0.594495 0.065154
vt 0.594493 0.072011
vt 0.585842 0.065736
vt 0.585841 0.071845
vt 0.708022 0.040165
vt 0.708022 0.033488
vt 0.708394 0.058903
vt 0.686084 0.066703
vt 0.686085 0.060781
vt 0.708394 0.052230
vt 0.640633 0.079744
vt 0.640634 0.073032
vt 0.594951 0.083977
vt 0.594951 0.090455
vt 0.586305 0.083977
vt 0.586305 0.097162
vt 0.809225 0.052230
vt 0.809225 0.058903
vt 0.582853 0.014645
vt 0.485511 0.014645
vt 0.582853 0.004192
vt 0.603085 0.004192
vt 0.603085 0.014645
vt 0.647727 0.004192
vt 0.647727 0.014645
vt 0.691369 0.004192
vt 0.691369 0.014645
vt 0.698924 0.004192
vt 0.699008 0.014645
vt 0.751122 0.004192
vt 0.751122 0.014645
vt 0.809639 0.004192
vt 0.810871 0.014645
vt 0.653565 0.572570
vt 0.653565 0.713742
vt 0.585733 0.113499
vt 0.579437 0.105284
vt 0.581819 0.118565
vt 0.570412 0.129504
vt 0.577329 0.127555
vt 0.582753 0.120758
vt 0.665283 0.127305
vt 0.652005 0.118579
vt 0.651262 0.121339
vt 0.657503 0.126284
vt 0.493851 0.019297
vt 0.493851 0.048005
vt 0.554776 0.019297
vt 0.554776 0.048005
vt 0.608368 0.134235
vt 0.629215 0.133694
vt 0.629163 0.131508
vt 0.608313 0.131912
vt 0.590131 0.019297
vt 0.575200 0.019297
vt 0.575200 0.048005
vt 0.590131 0.048005
vt 0.612494 0.019297
vt 0.612494 0.048005
vt 0.666333 0.113483
vt 0.673502 0.107638
vt 0.003659 0.011764
vt 0.054844 0.011762
vt 0.054844 0.005051
vt 0.003659 0.005051
vt 0.635750 0.225257
vt 0.649860 0.225257
vt 0.649860 0.278500
vt 0.635750 0.278500
vt 0.635750 0.339136
vt 0.649860 0.339136
vt 0.649860 0.346328
vt 0.635750 0.346328
vt 0.635750 0.285823
vt 0.649860 0.285823
vt 0.807011 0.218269
vt 0.807011 0.202461
vt 0.807011 0.472815
vt 0.886891 0.848423
vt 0.886891 0.778648
vt 0.491048 0.839391
vt 0.808926 0.033488
vt 0.808926 0.040165
vt 0.485511 0.004192
vt 1.680010 0.707378
vt 1.671168 0.714544
vt 1.670544 0.647379
vt 1.680010 0.647215
vt 1.659573 0.577149
vt 1.659573 0.713742
vt 1.657840 0.713742
vt 1.657840 0.577149
vt 1.690024 0.496107
vt 1.677857 0.541905
vt 1.669184 0.542593
vt 1.680192 0.260671
vt 1.675575 0.364856
vt 1.668436 0.364877
vt 1.674256 0.260678
vt 1.673719 0.237360
vt 1.678953 0.232693
vt 1.662190 0.437193
vt 1.696490 0.260691
vt 1.701481 0.223147
vt 1.675912 0.220856
vt 1.703372 0.209077
vt 1.807011 0.261791
vt 1.670831 0.227288
vt 1.630715 0.155020
vt 1.637895 0.146118
vt 1.706239 0.479347
vt 1.653415 0.472391
vt 1.526947 0.426391
vt 1.751273 0.778648
vt 1.751273 0.848423
vt 1.604694 0.848422
vt 1.604694 0.778649
vt 1.584218 0.848422
vt 1.584219 0.778649
vt 1.006460 0.993512
vt 1.014323 0.961622
vt 1.262594 0.943367
vt 1.274692 0.937092
vt 1.273627 0.970352
vt 1.241901 0.921321
vt 1.199757 0.910845
vt 1.157234 0.921117
vt 1.124844 0.954142
vt 1.589336 0.885061
vt 1.663689 0.930714
vt 1.583162 0.970854
vt 1.684174 0.887064
vt 1.736873 0.893867
vt 1.693231 0.903138
vt 1.667821 0.854697
vt 1.371682 0.968510
vt 1.378124 0.842855
vt 1.572697 0.995100
vt 1.376439 0.995100
vt 1.481607 0.618444
vt 1.464622 0.618444
vt 1.464622 0.560897
vt 1.481607 0.560897
vt 1.490892 0.638122
vt 1.488787 0.620771
vt 1.493219 0.620605
vt 1.493883 0.640523
vt 1.674865 0.938159
vt 1.662683 0.970872
vt 1.488148 0.603602
vt 1.492580 0.603439
vt 1.698998 0.914898
vt 1.487430 0.583976
vt 1.491862 0.583814
vt 1.736843 0.906703
vt 1.773295 0.913274
vt 1.486756 0.565370
vt 1.491187 0.565209
vt 1.488210 0.548893
vt 1.491346 0.548781
vt 1.815262 0.926983
vt 1.800776 0.931401
vt 1.488682 0.542809
vt 1.491128 0.542721
vt 1.809392 0.940369
vt 1.821764 0.938505
vt 1.399495 0.686819
vt 1.402014 0.688025
vt 1.401882 0.701623
vt 1.397405 0.701617
vt 1.401825 0.717200
vt 1.397349 0.717185
vt 1.397295 0.739153
vt 1.401771 0.739165
vt 1.401726 0.761405
vt 1.397242 0.761404
vt 1.072731 0.957137
vt 1.836405 0.462369
vt 1.828404 0.465622
vt 1.821616 0.430255
vt 1.827735 0.445516
vt 1.838104 0.460702
vt 1.855228 0.473148
vt 1.854313 0.475384
vt 1.851162 0.867231
vt 1.576403 0.617445
vt 1.576403 0.634861
vt 1.576403 0.600272
vt 1.576403 0.580643
vt 1.576403 0.545633
vt 1.576403 0.562035
vt 1.576403 0.539573
vt 1.424266 0.686978
vt 1.424201 0.701907
vt 1.424153 0.717366
vt 1.424101 0.739249
vt 1.424060 0.761445
vt 1.424119 0.783707
vt 1.499711 0.648625
vt 1.576403 0.645291
vt 1.576403 0.649762
vt 1.520486 0.651715
vt 1.408615 0.675760
vt 1.429536 0.672360
vt 1.499711 0.690447
vt 1.519557 0.690728
vt 1.518922 0.786738
vt 1.499711 0.786841
vt 1.430538 0.618444
vt 1.430538 0.560897
vt 1.425313 0.808776
vt 1.427506 0.839183
vt 1.407526 0.838919
vt 1.406909 0.830380
vt 1.427564 0.831181
vt 1.778147 0.021032
vt 1.778035 0.025738
vt 1.733920 0.025738
vt 1.733952 0.021032
vt 1.660536 0.025738
vt 1.660535 0.021031
vt 1.811249 0.021032
vt 1.811434 0.025738
vt 0.497206 0.421947
vt 0.498648 0.421304
vt 1.885623 0.774791
vt 1.885623 0.767285
vt 1.769337 0.767285
vt 1.769337 0.774791
vt 1.355637 0.975849
vt 1.296067 0.975504
vt 1.296521 0.995310
vt 1.356739 0.995100
vt 1.497942 0.837264
vt 1.497942 0.829289
vt 1.515892 0.826075
vt 1.518667 0.833896
vt 1.516169 0.796429
vt 1.499711 0.796514
vt 1.165061 0.995055
vt 1.165061 0.990238
vt 1.245708 0.990238
vt 1.245708 0.995055
vt 1.152483 0.999902
vt 1.147497 0.999902
vt 1.130607 0.983402
vt 1.130607 0.978335
vt 1.130396 0.966391
vt 1.130396 0.971464
vt 1.147334 0.987658
vt 1.152219 0.987658
vt 1.078801 0.983402
vt 1.078802 0.978335
vt 1.240377 0.925071
vt 1.240377 0.929888
vt 1.158783 0.929888
vt 1.158783 0.925071
vt 1.079377 0.966391
vt 1.079377 0.971464
vt 1.292599 0.940781
vt 1.341208 0.940413
vt 1.340176 0.912837
vt 1.288332 0.933215
vt 1.600102 0.652799
vt 1.602381 0.670924
vt 1.604769 0.676555
vt 1.604770 0.713390
vt 1.629320 0.713390
vt 1.629320 0.676555
vt 1.631238 0.673833
vt 1.631238 0.715214
vt 1.602851 0.673833
vt 1.602851 0.715214
vt 1.006625 0.974357
vt 1.006771 0.957329
vt 1.644676 0.571457
vt 1.644676 0.712626
vt 1.638183 0.712627
vt 1.638183 0.562451
vt 1.335852 0.439228
vt 1.485119 0.439228
vt 1.485119 0.484672
vt 1.335852 0.484672
vt 1.875978 0.871749
vt 1.875938 0.894722
vt 1.876299 0.921703
vt 1.856747 0.923367
vt 1.630395 0.025738
vt 1.627511 0.021031
vt 1.576403 0.690109
vt 1.576403 0.786306
vt 1.487852 0.831385
vt 1.491048 0.839391
vt 1.487852 0.808965
vt 1.487852 0.783866
vt 1.487852 0.761586
vt 1.487852 0.739368
vt 1.487852 0.717449
vt 1.487852 0.701942
vt 1.487852 0.686937
vt 1.487852 0.672093
vt 1.576403 0.833632
vt 1.490926 0.537102
vt 1.576403 0.533955
vt 1.584494 0.767285
vt 1.584494 0.774791
vt 1.863443 0.474290
vt 1.866120 0.486948
vt 1.858864 0.489044
vt 1.576403 0.475051
vt 1.582853 0.008764
vt 1.485511 0.008764
vt 1.485511 0.010462
vt 1.582853 0.010462
vt 1.603085 0.010462
vt 1.603085 0.008764
vt 1.647727 0.010462
vt 1.647727 0.008764
vt 1.691369 0.010462
vt 1.691369 0.008764
vt 1.696771 0.010462
vt 1.696771 0.008764
vt 1.751122 0.010462
vt 1.751122 0.008764
vt 1.805933 0.010462
vt 1.805933 0.008764
vt 1.685695 0.048600
vt 1.685696 0.042672
vt 1.640211 0.054169
vt 1.640210 0.060885
vt 1.594495 0.065154
vt 1.594493 0.072011
vt 1.585842 0.065736
vt 1.585841 0.071845
vt 1.708022 0.040165
vt 1.708022 0.033488
vt 1.708394 0.058903
vt 1.708394 0.052230
vt 1.686085 0.060781
vt 1.686084 0.066703
vt 1.640633 0.079744
vt 1.640634 0.073032
vt 1.594951 0.083977
vt 1.594951 0.090455
vt 1.586305 0.083977
vt 1.586305 0.097162
vt 1.809225 0.058903
vt 1.809225 0.052230
vt 1.582853 0.014645
vt 1.485511 0.014645
vt 1.582853 0.004192
vt 1.603085 0.004192
vt 1.603085 0.014645
vt 1.647727 0.004192
vt 1.647727 0.014645
vt 1.691369 0.004192
vt 1.691369 0.014645
vt 1.698924 0.004192
vt 1.699008 0.014645
vt 1.751122 0.004192
vt 1.751122 0.014645
vt 1.809639 0.004192
vt 1.810871 0.014645
vt 1.653565 0.713742
vt 1.653565 0.572570
vt 1.585733 0.113499
vt 1.579437 0.105284
vt 1.581819 0.118565
vt 1.582753 0.120758
vt 1.577329 0.127555
vt 1.570412 0.129504
vt 1.665283 0.127305
vt 1.657503 0.126284
vt 1.651262 0.121339
vt 1.652005 0.118579
vt 1.493851 0.048005
vt 1.493851 0.019297
vt 1.554776 0.019297
vt 1.554776 0.048005
vt 1.608368 0.134235
vt 1.608313 0.131912
vt 1.629163 0.131508
vt 1.629215 0.133694
vt 1.590131 0.019297
vt 1.590131 0.048005
vt 1.575200 0.048005
vt 1.575200 0.019297
vt 1.612494 0.019297
vt 1.612494 0.048005
vt 1.666333 0.113483
vt 1.673502 0.107638
vt 1.003659 0.011764
vt 1.003659 0.005051
vt 1.054844 0.005051
vt 1.054844 0.011762
vt 1.635750 0.225257
vt 1.635750 0.278500
vt 1.649860 0.278500
vt 1.649860 0.225257
vt 1.635750 0.339136
vt 1.635750 0.346328
vt 1.649860 0.346328
vt 1.649860 0.339136
vt 1.635750 0.285823
vt 1.649860 0.285823
vt 1.807011 0.218269
vt 1.807011 0.202461
vt 1.807011 0.472815
vt 1.886891 0.778648
vt 1.886891 0.848423
vt 1.808926 0.033488
vt 1.808926 0.040165
vt 1.485511 0.004192
vt 0.976087 0.689894
vt 0.976087 0.826462
vt 0.980588 0.826462
vt 0.980588 0.684930
vt 0.994541 0.684930
vt 0.994541 0.826462
vt 0.390414 0.691459
vt 0.390414 0.669842
vt 0.344979 0.669760
vt 0.344979 0.691376
vt 0.344979 0.795997
vt 0.344979 0.829865
vt 0.390414 0.829943
vt 0.390414 0.796077
vt 0.041845 0.180469
vt 0.038840 0.179953
vt 0.039632 0.192171
vt 0.041920 0.192248
vt 0.457109 0.389496
vt 0.457212 0.410703
vt 0.488666 0.413272
vt 0.498320 0.389598
vt 0.354083 0.389272
vt 0.352774 0.412224
vt 0.351796 0.424758
vt 0.276249 0.436830
vt 0.351662 0.429227
vt 0.457336 0.421190
vt 0.482736 0.420869
vt 0.498873 0.417319
vt 0.493455 0.424214
vt 0.510861 0.390052
vt 0.235988 0.385616
vt 0.221003 0.403569
vt 0.176396 0.418248
vt 0.101002 0.781843
vt 0.214664 0.785702
vt 0.286284 0.786147
vt 0.032635 0.698774
vt 0.193226 0.695576
vt 0.295508 0.388847
vt 0.012699 0.191027
vt 0.002096 0.190724
vt 0.002096 0.293799
vt 0.015273 0.293827
vt 0.276250 0.388481
vt 0.027077 0.191608
vt 0.028842 0.293870
vt 0.026405 0.174394
vt 0.029333 0.170830
vt 0.068601 0.191298
vt 0.068601 0.171829
vt 0.055116 0.174628
vt 0.055802 0.191855
vt 0.039195 0.293903
vt 0.041013 0.179104
vt 0.972503 0.977725
vt 0.974018 0.968741
vt 0.974024 0.826799
vt 0.972510 0.826799
vt 0.870991 0.947722
vt 0.868535 0.969895
vt 0.881236 0.954477
vt 0.843991 0.997925
vt 0.899413 0.910176
vt 0.911015 0.910176
vt 0.911015 0.798779
vt 0.899413 0.798779
vt 0.865851 0.942591
vt 0.891158 0.910176
vt 0.891158 0.798779
vt 0.245379 0.636466
vt 0.195931 0.635329
vt 0.250535 0.647657
vt 0.244359 0.591676
vt 0.215035 0.618789
vt 0.210496 0.595944
vt 0.035225 0.641475
vt 0.035206 0.585423
vt 0.248617 0.685618
vt 0.205351 0.620342
vt 0.740381 0.693721
vt 0.740381 0.654535
vt 0.735702 0.654535
vt 0.735702 0.693721
vt 0.735702 0.701190
vt 0.740381 0.701190
vt 0.735702 0.707132
vt 0.740381 0.707132
vt 0.070156 0.438670
vt 0.129909 0.425609
vt 0.070841 0.422388
vt 0.002398 0.429185
vt 0.002389 0.436661
vt 0.916239 0.995876
vt 0.932839 0.996004
vt 0.932482 0.993290
vt 0.914609 0.993523
vt 0.950939 0.991426
vt 0.949703 0.988940
vt 0.457467 0.425164
vt 0.504584 0.416953
vt 0.513326 0.390628
vt 0.424977 0.019164
vt 0.361241 0.010978
vt 0.368912 0.022740
vt 0.423172 0.030801
vt 0.471782 0.051894
vt 0.460530 0.048055
vt 0.482044 0.424258
vt 0.493022 0.426866
vt 0.570267 0.466905
vt 0.573638 0.459467
vt 0.564700 0.468016
vt 0.041871 0.293911
vt 0.457091 0.286057
vt 0.353217 0.285778
vt 0.502757 0.286179
vt 0.517191 0.286217
vt 0.276250 0.285581
vt 0.244606 0.285498
vt 0.054591 0.293951
vt 0.068601 0.293992
vt 0.519775 0.286224
vt 0.295508 0.285601
vt 0.740381 0.636352
vt 0.735702 0.636352
vt 0.970176 0.977123
vt 0.970182 0.826799
vt 0.949803 0.665510
vt 0.124621 0.418725
vt 0.009893 0.783434
vt 0.311322 0.786610
vt 0.315227 0.733091
vt 0.332918 0.732506
vt 0.002736 0.100904
vt 0.899413 0.738705
vt 0.891158 0.738705
vt 0.911015 0.738705
vt 0.089356 0.055541
vt 0.390414 0.648224
vt 0.344979 0.648140
vt 0.344979 0.543522
vt 0.390414 0.543603
vt 0.390414 0.509728
vt 0.344979 0.509649
vt 0.041131 0.407350
vt 0.041279 0.395573
vt 0.038992 0.395634
vt 0.038123 0.407847
vt 0.457659 0.182621
vt 0.498870 0.182737
vt 0.489342 0.159013
vt 0.457875 0.161415
vt 0.353447 0.159344
vt 0.354635 0.182299
vt 0.352535 0.146806
vt 0.352425 0.142336
vt 0.277055 0.134312
vt 0.458054 0.150929
vt 0.483453 0.151384
vt 0.499571 0.155020
vt 0.494189 0.148096
vt 0.511414 0.182350
vt 0.236444 0.185267
vt 0.221581 0.167200
vt 0.177072 0.152231
vt 0.214994 0.441665
vt 0.101271 0.445127
vt 0.286602 0.441626
vt 0.032709 0.528082
vt 0.193218 0.531598
vt 0.295508 0.182433
vt 0.012051 0.396610
vt 0.002096 0.396849
vt 0.276250 0.182595
vt 0.026433 0.396119
vt 0.028558 0.416910
vt 0.025653 0.413328
vt 0.068601 0.396690
vt 0.055159 0.396053
vt 0.054365 0.413275
vt 0.068601 0.416167
vt 0.040290 0.408711
vt 0.864810 0.530789
vt 0.874851 0.523734
vt 0.861699 0.508698
vt 0.836335 0.481408
vt 0.899413 0.567407
vt 0.911015 0.567407
vt 0.899413 0.678681
vt 0.911015 0.678681
vt 0.859824 0.536071
vt 0.891158 0.567407
vt 0.891158 0.678681
vt 0.195883 0.591618
vt 0.249795 0.580392
vt 0.248450 0.542078
vt 0.195897 0.595751
vt 0.740381 0.597167
vt 0.735702 0.597167
vt 0.740381 0.595455
vt 0.735702 0.595455
vt 0.740381 0.589513
vt 0.735702 0.589513
vt 0.070965 0.131126
vt 0.130633 0.144572
vt 0.003187 0.132699
vt 0.003148 0.140175
vt 0.071546 0.147412
vt 0.916345 0.658553
vt 0.914713 0.660905
vt 0.932585 0.661149
vt 0.932944 0.658436
vt 0.951041 0.663025
vt 0.458206 0.146955
vt 0.513882 0.181787
vt 0.505423 0.152793
vt 0.050226 0.019138
vt 0.052030 0.030775
vt 0.106291 0.022722
vt 0.113963 0.010961
vt 0.003417 0.051862
vt 0.014669 0.048025
vt 0.482778 0.147991
vt 0.493770 0.145442
vt 0.574558 0.113269
vt 0.571226 0.105814
vt 0.565665 0.104673
vt 0.125300 0.151422
vt 0.010144 0.443355
vt 0.315197 0.494837
vt 0.311633 0.441309
vt 0.332867 0.495478
vt 0.409932 0.101036
vt 0.735702 0.716198
vt 0.740381 0.716198
vt 0.323342 0.055635
vt 0.974030 0.684858
vt 0.972516 0.675873
vt 0.970188 0.676475
vt 0.976087 0.963029
vt 0.980588 0.967995
vt 0.994541 0.967995
vt 1.584803 0.648874
vt 1.623162 0.648981
vt 0.526947 0.426391
vt 1.627016 0.195224
vt 0.861733 0.690595
vt 0.856704 0.690577
vt 0.857587 0.694368
vt 0.860613 0.694393
vt 0.852486 0.692955
vt 0.855059 0.695786
vt 0.850016 0.697173
vt 0.853704 0.698328
vt 0.850016 0.702285
vt 0.853848 0.701378
vt 0.852683 0.706879
vt 0.855533 0.704139
vt 0.857290 0.709499
vt 0.858372 0.705705
vt 0.862373 0.709477
vt 0.861440 0.705719
vt 0.866578 0.707026
vt 0.863934 0.704254
vt 0.868971 0.702785
vt 0.865242 0.701688
vt 0.868928 0.697736
vt 0.865091 0.698677
vt 0.866278 0.693206
vt 0.863401 0.695965
vt 0.785438 0.642841
vt 0.783886 0.645720
vt 0.786328 0.648550
vt 0.788774 0.644013
vt 0.781197 0.647282
vt 0.782091 0.651011
vt 0.778092 0.647109
vt 0.777199 0.650739
vt 0.775403 0.645247
vt 0.772961 0.647804
vt 0.773851 0.642195
vt 0.770515 0.642995
vt 0.773851 0.638771
vt 0.770515 0.637599
vt 0.775403 0.635892
vt 0.772961 0.633063
vt 0.778092 0.634330
vt 0.777198 0.630601
vt 0.781197 0.634504
vt 0.782091 0.630874
vt 0.783886 0.636366
vt 0.786328 0.633808
vt 0.785438 0.639417
vt 0.788774 0.638618
vt 0.816175 0.620894
vt 0.807606 0.621023
vt 0.809373 0.628561
vt 0.813959 0.628461
vt 0.800520 0.625159
vt 0.805585 0.630820
vt 0.796345 0.632293
vt 0.803598 0.634721
vt 0.796276 0.640973
vt 0.803894 0.639322
vt 0.800815 0.648814
vt 0.806526 0.643417
vt 0.808715 0.653209
vt 0.810858 0.645660
vt 0.817355 0.653021
vt 0.815501 0.645547
vt 0.824424 0.648789
vt 0.819241 0.643230
vt 0.828501 0.641624
vt 0.821166 0.639298
vt 0.828505 0.633021
vt 0.820863 0.634748
vt 0.823991 0.625271
vt 0.818229 0.630714
vt 0.724411 0.494806
vt 0.721388 0.489201
vt 0.719689 0.491169
vt 0.722091 0.495622
vt 0.716152 0.486160
vt 0.715530 0.488753
vt 0.710106 0.486498
vt 0.710728 0.489022
vt 0.704871 0.490124
vt 0.706569 0.491902
vt 0.701849 0.496066
vt 0.704168 0.496623
vt 0.701849 0.502734
vt 0.704169 0.501919
vt 0.704872 0.508339
vt 0.706570 0.506371
vt 0.710108 0.511380
vt 0.710729 0.508787
vt 0.716153 0.511043
vt 0.715531 0.508519
vt 0.721389 0.507417
vt 0.719690 0.505638
vt 0.724411 0.501474
vt 0.722091 0.500918
vt 0.746235 0.485780
vt 0.738762 0.485655
vt 0.739969 0.491021
vt 0.744628 0.491121
vt 0.732445 0.489118
vt 0.736066 0.493159
vt 0.728733 0.495388
vt 0.733953 0.497052
vt 0.728733 0.503003
vt 0.734152 0.501743
vt 0.732681 0.509845
vt 0.736718 0.506003
vt 0.739487 0.513801
vt 0.741050 0.508463
vt 0.747038 0.513877
vt 0.745764 0.508549
vt 0.753342 0.510305
vt 0.749625 0.506343
vt 0.756940 0.504000
vt 0.751672 0.502416
vt 0.756880 0.496476
vt 0.751459 0.497777
vt 0.752954 0.489722
vt 0.748886 0.493587
vt 0.230941 0.032302
vt 0.184367 0.036197
vt 0.188537 0.032132
vt 0.184541 0.054303
vt 0.235460 0.036313
vt 0.238953 0.054511
vt 0.188605 0.058474
vt 0.235238 0.058698
vt 0.556041 0.705175
vt 0.566595 0.734651
vt 0.566594 0.705266
vt 0.555832 0.729444
vt 0.561479 0.734651
vt 0.566518 0.705245
vt 0.555824 0.729452
vt 0.555966 0.705183
vt 0.566603 0.734629
vt 0.561486 0.734644
s 1
usemtl M_Car.001
f 1/1/1 2/2/2 3/3/3
f 4/4/4 5/5/5 6/6/6
f 7/7/7 8/8/7 9/9/7
f 10/10/7 11/11/7 9/9/7
f 11/11/7 12/12/7 9/9/7
f 12/12/7 7/7/7 9/9/7
f 13/13/8 14/14/9 15/15/10
f 16/16/11 17/17/12 18/18/13
f 19/19/14 20/20/15 21/21/16
f 22/22/17 23/23/18 24/24/19
f 25/25/20 26/26/20 27/27/20
f 28/28/21 29/29/22 30/30/21
f 31/31/23 32/32/24 33/33/24
f 34/34/25 35/35/26 36/36/25
f 37/37/27 38/38/24 39/39/24
f 40/40/28 41/41/26 42/42/28
f 43/43/29 44/44/24 45/45/24
f 44/44/24 46/46/30 45/45/24
f 47/47/31 40/40/28 42/42/28
f 38/38/24 48/48/30 39/39/24
f 49/49/32 34/34/25 36/36/25
f 32/32/24 50/50/30 33/33/24
f 51/51/33 28/28/21 30/30/21
f 52/52/34 53/53/34 54/54/34
f 55/55/34 56/56/34 57/57/34
f 58/58/34 59/59/34 60/60/34
f 61/61/35 62/62/35 63/63/35
f 64/64/34 65/65/34 66/54/34
f 67/66/34 68/55/34 69/57/34
f 70/67/34 71/66/34 72/57/34
f 73/68/35 74/69/35 75/63/35
f 76/70/34 77/71/34 78/60/34
f 79/65/34 80/72/34 81/54/34
f 82/62/35 83/68/35 84/63/35
f 85/71/34 86/58/34 87/60/34
f 88/56/34 89/73/34 90/57/34
f 91/53/34 92/64/34 93/54/34
f 94/74/36 95/75/37 96/76/38
f 97/77/39 98/78/40 99/79/41
f 100/80/42 101/81/43 102/82/44
f 103/83/45 104/84/46 105/85/47
f 106/86/48 107/87/49 108/88/50
f 109/89/51 110/90/52 111/91/53
f 112/92/54 113/93/55 114/94/56
f 115/95/57 116/96/58 117/97/59
f 118/98/20 119/99/20 120/100/20
f 121/101/60 122/102/61 123/103/25
f 123/103/25 124/104/62 121/101/60
f 125/105/63 126/106/64 127/107/7
f 128/108/65 129/109/66 130/110/67
f 129/109/66 128/108/65 131/111/68
f 132/112/63 133/113/7 134/114/64
f 135/115/69 136/116/70 137/117/71
f 138/118/72 139/119/73 140/120/74
f 135/115/69 141/121/75 142/122/76
f 143/123/77 144/124/78 145/125/66
f 146/126/79 147/127/80 148/128/81
f 149/129/82 150/130/82 151/131/82
f 152/132/83 153/133/84 154/134/85
f 155/135/86 156/136/87 157/137/88
f 158/138/89 159/139/90 160/140/91
f 152/132/83 161/141/92 162/142/93
f 163/143/94 157/137/88 164/144/95
f 165/145/96 166/146/97 167/147/98
f 168/148/99 169/149/100 170/150/101
f 171/151/102 172/152/103 173/153/104
f 174/154/105 175/155/106 176/156/107
f 177/157/108 178/158/109 179/159/110
f 179/159/110 178/158/109 180/160/111
f 175/155/106 181/161/112 176/156/107
f 176/156/107 182/162/113 174/154/105
f 183/163/114 184/164/115 185/165/116
f 186/166/117 187/167/118 188/168/119
f 189/169/120 190/170/120 191/171/120
f 192/172/121 193/173/121 194/174/121
f 154/134/85 195/175/122 152/132/83
f 196/176/123 197/177/124 198/178/125
f 199/179/126 159/139/90 200/180/127
f 201/181/128 202/182/129 203/183/130
f 204/184/131 205/185/132 206/186/133
f 205/185/132 204/184/131 152/132/83
f 207/187/134 208/188/135 209/189/136
f 210/190/137 211/191/137 212/192/137
f 213/193/138 214/194/139 201/181/128
f 215/195/140 216/196/141 217/197/142
f 179/159/110 218/198/143 177/157/108
f 219/199/144 205/185/132 220/200/145
f 206/186/133 205/185/132 219/199/144
f 221/201/146 222/202/147 223/203/148
f 223/203/148 222/202/147 224/204/149
f 225/205/150 226/206/151 227/207/152
f 228/208/153 229/209/154 230/210/155
f 231/211/156 226/206/151 225/205/150
f 231/211/156 225/205/150 232/212/157
f 233/213/158 234/214/159 235/215/70
f 236/216/160 237/217/161 238/218/162
f 233/213/158 239/219/163 240/220/164
f 241/221/165 242/222/166 243/223/167
f 244/224/168 245/225/169 246/226/170
f 246/226/170 247/227/171 244/224/168
f 248/228/172 249/229/172 250/230/172
f 251/231/173 252/232/174 253/233/175
f 254/234/176 255/235/177 256/236/178
f 257/237/179 258/238/180 259/239/181
f 251/231/173 260/240/182 261/241/183
f 262/242/184 263/243/185 255/235/177
f 264/244/186 265/245/187 266/246/188
f 267/247/189 268/248/190 269/249/191
f 270/250/192 271/251/193 272/252/194
f 273/253/195 274/254/196 275/255/197
f 276/256/198 277/257/199 278/258/200
f 277/257/199 279/259/201 278/258/200
f 275/255/197 274/254/196 280/260/202
f 274/254/196 273/253/195 281/261/203
f 282/262/204 283/263/205 284/264/206
f 285/265/207 286/266/208 287/267/209
f 288/268/210 289/269/210 290/270/210
f 291/271/211 292/272/211 293/273/211
f 252/232/174 251/231/173 294/274/212
f 295/275/213 296/276/214 297/277/215
f 298/278/216 299/279/217 259/239/181
f 300/280/218 301/281/219 302/282/220
f 303/283/221 304/284/222 305/285/223
f 305/285/223 251/231/173 303/283/221
f 306/286/224 307/287/225 308/288/226
f 309/289/227 310/290/227 311/291/227
f 312/292/228 300/280/218 313/293/229
f 314/294/230 315/295/231 316/296/232
f 277/257/199 276/256/198 317/297/233
f 318/298/234 319/299/235 305/285/223
f 304/284/222 318/298/234 305/285/223
f 320/300/236 321/301/237 322/302/238
f 321/301/237 323/303/149 322/302/238
f 324/304/239 325/305/240 326/306/241
f 327/307/242 328/308/243 329/309/244
f 330/310/245 324/304/239 326/306/241
f 330/310/245 331/311/246 324/304/239
f 332/312/247 333/313/248 334/314/249
f 335/315/250 336/316/251 337/317/252
f 338/318/253 339/319/254 340/320/255
f 341/321/256 342/322/257 343/323/258
f 344/324/259 345/325/260 346/326/261
f 347/327/262 348/328/263 349/329/264
f 350/330/265 351/331/266 352/332/267
f 353/333/268 354/334/269 355/335/270
f 356/336/271 357/337/272 358/338/273
f 359/330/274 360/332/275 361/339/276
f 362/340/277 363/341/278 364/342/279
f 365/343/280 366/344/281 363/341/278
f 367/345/282 368/346/283 369/342/284
f 370/347/285 371/348/286 372/349/287
f 371/348/286 373/350/288 372/349/287
f 373/350/288 374/351/289 372/349/287
f 375/352/290 376/353/291 377/354/292
f 378/355/293 379/356/294 380/357/293
f 380/357/293 379/356/294 381/358/293
f 379/356/294 382/359/293 381/358/293
f 383/360/295 384/361/296 385/362/297
f 337/317/252 336/316/251 386/363/298
f 387/364/299 388/365/300 389/366/301
f 390/327/302 391/313/303 392/328/304
f 393/367/305 394/368/306 395/369/307
f 342/322/257 341/321/256 396/370/308
f 397/371/309 384/361/296 398/372/310
f 399/373/311 359/330/274 365/343/280
f 398/372/310 384/361/296 335/315/250
f 363/341/278 400/374/312 401/375/313
f 402/376/314 403/377/315 404/378/316
f 405/379/317 406/380/318 407/381/319
f 408/382/320 409/383/321 410/384/322
f 411/385/323 412/386/324 413/387/325
f 414/388/326 415/389/327 416/390/328
f 417/391/329 418/392/330 419/393/331
f 420/394/332 421/395/333 422/396/334
f 423/397/335 424/398/336 425/399/337
f 426/400/338 427/401/339 428/402/340
f 429/394/341 430/403/342 431/395/343
f 432/404/344 433/405/345 434/406/346
f 435/407/347 434/406/346 436/408/348
f 437/409/349 438/405/350 439/410/351
f 440/411/352 441/412/353 442/413/354
f 443/414/355 444/415/356 445/416/357
f 406/380/318 446/417/358 407/381/319
f 447/418/359 448/419/360 449/420/361
f 450/391/362 451/393/363 452/378/364
f 413/387/325 453/421/365 411/385/323
f 454/422/366 455/423/367 445/416/357
f 456/424/368 435/407/347 429/394/341
f 455/423/367 405/379/317 445/416/357
f 434/406/346 457/425/369 458/426/370
f 459/427/371 242/222/166 460/428/372
f 460/428/372 242/222/166 241/221/165
f 461/429/373 462/430/374 463/431/375
f 461/429/373 463/431/375 464/432/376
f 461/429/373 464/432/376 465/433/377
f 461/429/373 465/433/377 466/125/378
f 242/222/166 467/434/379 243/223/167
f 468/435/20 469/436/20 470/437/20
f 469/436/20 471/438/20 470/437/20
f 471/438/20 472/439/20 470/437/20
f 472/439/20 473/440/20 470/437/20
f 473/440/20 474/441/20 470/437/20
f 474/441/20 475/442/20 470/437/20
f 475/442/20 476/443/20 470/437/20
f 476/443/20 477/444/20 470/437/20
f 477/444/20 478/445/20 470/437/20
f 478/445/20 479/446/20 470/437/20
f 479/446/20 480/447/20 470/437/20
f 480/447/20 468/435/20 470/437/20
f 481/448/380 482/449/381 483/450/382
f 481/448/380 483/450/382 484/451/383
f 485/452/384 486/453/385 482/449/381
f 485/452/384 482/449/381 481/448/380
f 487/454/386 488/455/387 486/453/385
f 487/454/386 486/453/385 485/452/384
f 489/456/388 490/457/389 488/455/387
f 489/456/388 488/455/387 487/454/386
f 491/458/390 492/459/391 490/457/389
f 491/458/390 490/457/389 489/456/388
f 493/460/392 494/461/393 484/451/383
f 493/460/392 484/451/383 483/450/382
f 483/450/382 482/449/381 495/462/394
f 483/450/382 495/462/394 496/463/395
f 482/449/381 486/453/385 497/464/396
f 482/449/381 497/464/396 495/462/394
f 486/453/385 488/455/387 498/465/397
f 486/453/385 498/465/397 497/464/396
f 488/455/387 490/457/389 499/466/398
f 488/455/387 499/466/398 498/465/397
f 490/457/389 492/459/391 500/467/399
f 490/457/389 500/467/399 499/466/398
f 493/460/392 483/450/382 496/463/395
f 493/460/392 496/463/395 501/468/399
f 502/469/400 503/470/401 504/471/402
f 502/469/400 504/471/402 505/472/403
f 506/473/404 507/474/405 508/475/406
f 506/473/404 508/475/406 509/476/407
f 510/477/408 511/478/409 507/474/405
f 510/477/408 507/474/405 506/473/404
f 512/479/410 513/480/411 511/478/409
f 512/479/410 511/478/409 510/477/408
f 514/481/412 515/482/413 513/480/411
f 514/481/412 513/480/411 512/479/410
f 515/482/413 514/481/412 505/472/403
f 515/482/413 505/472/403 504/471/402
f 504/471/402 503/470/401 516/483/414
f 504/471/402 516/483/414 517/484/415
f 508/475/406 507/474/405 518/485/416
f 508/475/406 518/485/416 519/486/414
f 507/474/405 511/478/409 520/487/417
f 507/474/405 520/487/417 518/485/416
f 511/478/409 513/480/411 521/488/418
f 511/478/409 521/488/418 520/487/417
f 513/480/411 515/482/413 522/489/419
f 513/480/411 522/489/419 521/488/418
f 515/482/413 504/471/402 517/484/415
f 515/482/413 517/484/415 522/489/419
f 484/451/383 494/461/393 502/469/400
f 484/451/383 502/469/400 505/472/403
f 491/458/390 489/456/388 506/473/404
f 491/458/390 506/473/404 509/476/407
f 489/456/388 487/454/386 510/477/408
f 489/456/388 510/477/408 506/473/404
f 487/454/386 485/452/384 512/479/410
f 487/454/386 512/479/410 510/477/408
f 485/452/384 481/448/380 514/481/412
f 485/452/384 514/481/412 512/479/410
f 481/448/380 484/451/383 505/472/403
f 481/448/380 505/472/403 514/481/412
f 523/490/420 524/491/420 525/492/420
f 523/490/420 525/492/420 526/493/420
f 527/491/421 528/494/422 529/495/423
f 527/491/421 529/495/423 530/492/421
f 531/494/424 532/496/424 533/497/424
f 531/494/424 533/497/424 534/495/424
f 535/496/425 536/498/425 537/499/425
f 535/496/425 537/499/425 538/497/425
f 539/498/426 540/500/426 541/501/427
f 539/498/426 541/501/427 542/499/428
f 543/500/429 544/502/429 545/503/429
f 543/500/429 545/503/429 546/501/429
f 547/504/25 548/505/28 549/506/28
f 547/504/25 549/506/28 550/507/25
f 551/508/25 548/505/28 547/504/25
f 551/508/25 547/504/25 552/509/430
f 553/490/431 554/491/431 555/492/431
f 553/490/431 555/492/431 556/493/432
f 557/491/433 558/494/433 559/495/433
f 557/491/433 559/495/433 560/492/433
f 561/494/434 562/496/434 563/497/434
f 561/494/434 563/497/434 564/495/434
f 565/496/435 566/498/435 567/499/435
f 565/496/435 567/499/435 568/497/435
f 569/498/436 570/500/437 571/501/436
f 569/498/436 571/501/436 572/499/436
f 573/500/438 574/502/438 575/503/438
f 573/500/438 575/503/438 576/501/438
f 577/508/25 578/505/21 579/506/25
f 577/508/25 579/506/25 580/507/28
f 577/508/25 580/507/28 581/504/25
f 577/508/25 581/504/25 582/509/25
f 583/510/439 584/511/439 585/512/440
f 583/510/439 585/512/440 586/513/440
f 587/511/441 588/514/441 589/515/442
f 587/511/441 589/515/442 590/512/442
f 591/514/34 592/516/34 593/517/34
f 591/514/34 593/517/34 594/515/34
f 595/516/443 596/518/443 597/519/443
f 595/516/443 597/519/443 598/517/443
f 599/518/444 600/520/444 601/521/445
f 599/518/444 601/521/445 602/519/445
f 603/520/446 604/522/446 605/523/446
f 603/520/446 605/523/446 606/521/446
f 607/524/20 608/525/20 609/526/20
f 607/524/20 609/526/20 610/527/447
f 611/528/448 612/529/20 608/525/20
f 611/528/448 608/525/20 607/524/20
f 613/490/449 614/493/450 615/492/449
f 613/490/449 615/492/449 616/491/449
f 617/491/451 618/492/451 619/495/451
f 617/491/451 619/495/451 620/494/451
f 621/494/452 622/495/452 623/497/452
f 621/494/452 623/497/452 624/496/452
f 625/496/453 626/497/453 627/499/454
f 625/496/453 627/499/454 628/498/454
f 629/498/455 630/499/455 631/501/456
f 629/498/455 631/501/456 632/500/456
f 633/500/457 634/501/457 635/503/457
f 633/500/457 635/503/457 636/502/457
f 637/508/458 638/509/458 639/504/66
f 637/508/458 639/504/66 640/505/66
f 640/505/66 639/504/66 641/507/66
f 640/505/66 641/507/66 642/506/458
f 643/490/459 644/493/459 645/492/459
f 643/490/459 645/492/459 646/491/459
f 647/491/460 648/492/460 649/495/460
f 647/491/460 649/495/460 650/494/460
f 651/494/461 652/495/462 653/497/461
f 651/494/461 653/497/461 654/496/461
f 655/496/463 656/497/463 657/499/464
f 655/496/463 657/499/464 658/498/464
f 659/498/465 660/499/465 661/501/465
f 659/498/465 661/501/465 662/500/465
f 663/500/466 664/501/466 665/503/466
f 663/500/466 665/503/466 666/502/466
f 667/508/66 668/507/66 669/506/66
f 667/508/66 669/506/66 670/505/66
f 667/508/66 671/509/467 672/504/458
f 667/508/66 672/504/458 668/507/66
f 673/530/66 674/531/66 675/532/66
f 673/530/66 675/532/66 676/533/66
f 677/534/66 678/535/66 679/536/66
f 677/534/66 679/536/66 680/537/66
f 677/534/66 680/537/66 673/530/66
f 677/534/66 673/530/66 676/533/66
f 681/538/468 682/539/468 683/540/468
f 681/538/468 683/540/468 684/541/468
f 685/539/469 686/542/469 687/543/469
f 685/539/469 687/543/469 688/540/469
f 689/542/34 690/544/34 691/545/34
f 689/542/34 691/545/34 692/543/34
f 693/544/443 694/546/443 695/547/443
f 693/544/443 695/547/443 696/545/443
f 697/546/445 698/548/445 699/549/444
f 697/546/445 699/549/444 700/547/444
f 701/548/446 702/550/446 703/551/446
f 701/548/446 703/551/446 704/549/446
f 705/552/20 706/553/20 707/554/447
f 705/552/20 707/554/447 708/555/470
f 709/556/448 710/557/20 706/553/20
f 709/556/448 706/553/20 705/552/20
f 711/558/471 712/559/471 713/560/471
f 711/558/471 713/560/471 714/561/471
f 715/559/472 716/562/472 717/563/472
f 715/559/472 717/563/472 718/560/472
f 719/562/34 720/564/34 721/565/34
f 719/562/34 721/565/34 722/563/34
f 723/564/473 724/566/473 725/567/443
f 723/564/473 725/567/443 726/565/443
f 727/566/444 728/568/444 729/569/444
f 727/566/444 729/569/444 730/567/444
f 731/568/446 732/570/446 733/571/446
f 731/568/446 733/571/446 734/569/446
f 735/572/20 736/573/20 737/574/447
f 735/572/20 737/574/447 738/575/470
f 739/576/448 740/577/20 736/573/20
f 739/576/448 736/573/20 735/572/20
f 741/530/25 742/533/25 743/532/25
f 741/530/25 743/532/25 744/531/25
f 745/534/25 746/537/25 747/536/25
f 745/534/25 747/536/25 748/535/25
f 745/534/25 742/533/25 741/530/25
f 745/534/25 741/530/25 746/537/25
f 749/578/25 750/579/25 751/580/25
f 749/578/25 751/580/25 752/581/25
f 753/582/474 754/583/474 755/584/458
f 753/582/474 755/584/458 756/585/458
f 757/579/475 758/584/475 759/583/475
f 757/579/475 759/583/475 760/580/475
f 761/586/476 762/578/476 763/581/476
f 761/586/476 763/581/476 764/587/476
f 765/490/477 766/493/477 767/492/477
f 765/490/477 767/492/477 768/491/477
f 769/491/478 770/492/478 771/495/478
f 769/491/478 771/495/478 772/494/478
f 773/494/479 774/495/479 775/497/479
f 773/494/479 775/497/479 776/496/479
f 777/496/480 778/497/480 779/499/480
f 777/496/480 779/499/480 780/498/480
f 781/498/481 782/499/482 783/501/481
f 781/498/481 783/501/481 784/500/481
f 785/500/483 786/501/483 787/503/483
f 785/500/483 787/503/483 788/502/483
f 789/508/66 790/507/66 791/506/66
f 789/508/66 791/506/66 792/505/66
f 789/508/66 793/509/458 794/504/66
f 789/508/66 794/504/66 790/507/66
f 795/588/484 796/589/484 797/590/440
f 795/588/484 797/590/440 798/591/440
f 799/589/442 800/592/442 801/593/442
f 799/589/442 801/593/442 802/590/442
f 803/592/34 804/594/34 805/595/34
f 803/592/34 805/595/34 806/593/34
f 807/594/485 808/596/485 809/597/473
f 807/594/485 809/597/473 810/595/473
f 811/596/486 812/598/486 813/599/487
f 811/596/486 813/599/487 814/597/487
f 815/598/446 816/600/446 817/601/446
f 815/598/446 817/601/446 818/599/446
f 819/602/20 820/603/20 821/604/20
f 819/602/20 821/604/20 822/605/20
f 823/606/20 824/607/20 820/603/20
f 823/606/20 820/603/20 819/602/20
f 825/608/66 826/609/66 827/610/66
f 825/608/66 827/610/66 828/611/66
f 829/612/25 830/613/25 831/614/25
f 829/612/25 831/614/25 832/615/25
f 833/611/20 834/610/20 835/615/20
f 833/611/20 835/615/20 836/614/20
f 837/616/7 838/617/7 839/609/7
f 837/616/7 839/609/7 840/608/7
f 841/618/488 842/619/489 843/620/490
f 841/618/488 843/620/490 844/621/491
f 845/622/492 846/623/493 842/619/489
f 845/622/492 842/619/489 841/618/488
f 847/624/494 848/625/495 846/623/493
f 847/624/494 846/623/493 845/622/492
f 849/626/496 850/627/497 848/625/495
f 849/626/496 848/625/495 847/624/494
f 851/628/498 852/629/499 850/627/497
f 851/628/498 850/627/497 849/626/496
f 844/621/491 843/620/490 853/630/500
f 844/621/491 853/630/500 854/631/501
f 842/619/489 846/623/493 855/632/502
f 842/619/489 855/632/502 856/633/503
f 846/623/493 848/625/495 857/634/504
f 846/623/493 857/634/504 855/632/502
f 848/625/495 850/627/497 858/635/505
f 848/625/495 858/635/505 857/634/504
f 850/627/497 852/629/499 859/636/506
f 850/627/497 859/636/506 858/635/505
f 853/630/500 843/620/490 860/637/507
f 853/630/500 860/637/507 861/638/506
f 860/637/507 843/620/490 842/619/489
f 860/637/507 842/619/489 856/633/503
f 862/639/508 863/640/509 864/641/510
f 862/639/508 864/641/510 865/642/511
f 866/643/512 867/644/513 863/640/509
f 866/643/512 863/640/509 862/639/508
f 868/645/514 869/646/515 870/647/516
f 868/645/514 870/647/516 871/648/517
f 872/649/518 873/650/519 869/646/515
f 872/649/518 869/646/515 868/645/514
f 874/651/520 875/652/521 873/650/519
f 874/651/520 873/650/519 872/649/518
f 865/642/511 864/641/510 875/652/521
f 865/642/511 875/652/521 874/651/520
f 863/640/509 867/644/513 876/653/522
f 863/640/509 876/653/522 877/654/523
f 870/647/516 869/646/515 878/655/524
f 870/647/516 878/655/524 879/656/522
f 869/646/515 873/650/519 880/657/525
f 869/646/515 880/657/525 878/655/524
f 873/650/519 875/652/521 881/658/526
f 873/650/519 881/658/526 880/657/525
f 875/652/521 864/641/510 882/659/527
f 875/652/521 882/659/527 881/658/526
f 877/654/523 882/659/527 864/641/510
f 877/654/523 864/641/510 863/640/509
f 844/621/491 854/631/501 866/643/512
f 844/621/491 866/643/512 862/639/508
f 851/628/498 849/626/496 868/645/514
f 851/628/498 868/645/514 871/648/517
f 849/626/496 847/624/494 872/649/518
f 849/626/496 872/649/518 868/645/514
f 847/624/494 845/622/492 874/651/520
f 847/624/494 874/651/520 872/649/518
f 845/622/492 841/618/488 865/642/511
f 845/622/492 865/642/511 874/651/520
f 862/639/508 865/642/511 841/618/488
f 862/639/508 841/618/488 844/621/491
f 883/490/528 884/491/528 885/492/528
f 883/490/528 885/492/528 886/493/528
f 887/491/529 888/494/530 889/495/530
f 887/491/529 889/495/530 890/492/529
f 891/494/531 892/496/531 893/497/531
f 891/494/531 893/497/531 894/495/531
f 895/496/532 896/498/532 897/499/532
f 895/496/532 897/499/532 898/497/532
f 899/498/533 900/500/534 901/501/533
f 899/498/533 901/501/533 902/499/533
f 903/500/535 904/502/535 905/503/535
f 903/500/535 905/503/535 906/501/535
f 907/504/28 908/505/25 909/506/28
f 907/504/28 909/506/28 910/507/536
f 911/508/25 908/505/25 907/504/28
f 911/508/25 907/504/28 912/509/537
f 913/660/538 914/661/539 915/662/540
f 913/660/538 915/662/540 916/663/541
f 917/664/542 918/665/543 919/666/544
f 917/664/542 919/666/544 920/667/545
f 921/668/546 922/669/547 919/666/544
f 921/668/546 919/666/544 918/665/543
f 913/660/538 916/663/541 922/669/547
f 913/660/538 922/669/547 921/668/546
f 923/670/548 924/671/549 925/672/550
f 923/670/548 925/672/550 926/673/551
f 927/674/552 928/675/553 929/676/554
f 927/674/552 929/676/554 930/677/555
f 931/671/556 932/678/557 933/679/558
f 931/671/556 933/679/558 934/680/559
f 935/677/560 936/681/561 937/682/562
f 935/677/560 937/682/562 938/683/563
f 939/684/564 940/685/564 941/686/565
f 939/684/564 941/686/565 942/687/565
f 943/688/566 944/689/567 945/690/568
f 943/688/566 945/690/568 946/691/569
f 947/692/570 943/688/566 946/691/569
f 947/692/570 946/691/569 948/693/571
f 949/694/572 947/692/570 948/693/571
f 949/694/572 948/693/571 950/695/573
f 951/696/574 949/694/572 950/695/573
f 951/696/574 950/695/573 952/697/575
f 953/698/576 951/696/574 952/697/575
f 953/698/576 952/697/575 954/699/577
f 955/700/578 953/698/576 954/699/577
f 955/700/578 954/699/577 956/701/579
f 957/702/580 955/700/578 956/701/579
f 957/702/580 956/701/579 958/703/581
f 959/704/582 957/702/580 958/703/581
f 959/704/582 958/703/581 960/705/583
f 961/706/584 959/704/582 960/705/583
f 961/706/584 960/705/583 962/707/585
f 963/708/586 961/706/584 962/707/585
f 963/708/586 962/707/585 964/709/587
f 965/710/588 963/708/586 964/709/587
f 965/710/588 964/709/587 966/711/589
f 944/689/567 965/710/588 966/711/589
f 944/689/567 966/711/589 945/690/568
f 946/691/569 945/690/568 967/712/590
f 946/691/569 967/712/590 968/713/591
f 948/693/571 946/691/569 968/713/591
f 948/693/571 968/713/591 969/714/592
f 950/695/573 948/693/571 969/714/592
f 950/695/573 969/714/592 970/715/593
f 952/697/575 950/695/573 970/715/593
f 952/697/575 970/715/593 971/716/594
f 954/699/577 952/697/575 971/716/594
f 954/699/577 971/716/594 972/717/595
f 956/701/579 954/699/577 972/717/595
f 956/701/579 972/717/595 973/718/596
f 958/703/581 956/701/579 973/718/596
f 958/703/581 973/718/596 974/719/597
f 960/705/583 958/703/581 974/719/597
f 960/705/583 974/719/597 975/720/598
f 962/707/585 960/705/583 975/720/598
f 962/707/585 975/720/598 976/721/599
f 964/709/587 962/707/585 976/721/599
f 964/709/587 976/721/599 977/722/600
f 966/711/589 964/709/587 977/722/600
f 966/711/589 977/722/600 978/723/601
f 945/690/568 966/711/589 978/723/601
f 945/690/568 978/723/601 967/712/590
f 968/713/591 967/712/590 979/724/602
f 968/713/591 979/724/602 980/725/603
f 969/714/592 968/713/591 980/725/603
f 969/714/592 980/725/603 981/726/604
f 970/715/593 969/714/592 981/726/604
f 970/715/593 981/726/604 982/727/605
f 971/716/594 970/715/593 982/727/605
f 971/716/594 982/727/605 983/728/606
f 972/717/595 971/716/594 983/728/606
f 972/717/595 983/728/606 984/729/607
f 973/718/596 972/717/595 984/729/607
f 973/718/596 984/729/607 985/730/608
f 974/719/597 973/718/596 985/730/608
f 974/719/597 985/730/608 986/731/609
f 975/720/598 974/719/597 986/731/609
f 975/720/598 986/731/609 987/732/610
f 976/721/599 975/720/598 987/732/610
f 976/721/599 987/732/610 988/733/611
f 977/722/600 976/721/599 988/733/611
f 977/722/600 988/733/611 989/734/612
f 978/723/601 977/722/600 989/734/612
f 978/723/601 989/734/612 990/735/613
f 967/712/590 978/723/601 990/735/613
f 967/712/590 990/735/613 979/724/602
f 991/736/614 992/737/615 993/738/616
f 991/736/614 993/738/616 994/739/617
f 995/740/604 991/736/614 994/739/617
f 995/740/604 994/739/617 996/741/618
f 997/742/619 995/740/604 996/741/618
f 997/742/619 996/741/618 998/743/620
f 999/744/621 997/742/619 998/743/620
f 999/744/621 998/743/620 1000/745/622
f 1001/746/623 999/744/621 1000/745/622
f 1001/746/623 1000/745/622 1002/747/624
f 1003/748/625 1001/746/623 1002/747/624
f 1003/748/625 1002/747/624 1004/749/626
f 1005/750/609 1003/748/625 1004/749/626
f 1005/750/609 1004/749/626 1006/751/627
f 1007/752/628 1005/750/609 1006/751/627
f 1007/752/628 1006/751/627 1008/753/629
f 1009/754/611 1007/752/628 1008/753/629
f 1009/754/611 1008/753/629 1010/755/630
f 1011/756/612 1009/754/611 1010/755/630
f 1011/756/612 1010/755/630 1012/757/631
f 1013/758/632 1011/756/612 1012/757/631
f 1013/758/632 1012/757/631 1014/759/633
f 992/737/615 1013/758/632 1014/759/633
f 992/737/615 1014/759/633 993/738/616
f 994/739/617 993/738/616 1015/760/634
f 994/739/617 1015/760/634 1016/761/635
f 996/741/618 994/739/617 1016/761/635
f 996/741/618 1016/761/635 1017/762/636
f 998/743/620 996/741/618 1017/762/636
f 998/743/620 1017/762/636 1018/763/637
f 1000/745/622 998/743/620 1018/763/637
f 1000/745/622 1018/763/637 1019/764/638
f 1002/747/624 1000/745/622 1019/764/638
f 1002/747/624 1019/764/638 1020/765/639
f 1004/749/626 1002/747/624 1020/765/639
f 1004/749/626 1020/765/639 1021/766/640
f 1006/751/627 1004/749/626 1021/766/640
f 1006/751/627 1021/766/640 1022/767/641
f 1008/753/629 1006/751/627 1022/767/641
f 1008/753/629 1022/767/641 1023/768/642
f 1010/755/630 1008/753/629 1023/768/642
f 1010/755/630 1023/768/642 1024/769/643
f 1012/757/631 1010/755/630 1024/769/643
f 1012/757/631 1024/769/643 1025/770/644
f 1014/759/633 1012/757/631 1025/770/644
f 1014/759/633 1025/770/644 1026/771/645
f 993/738/616 1014/759/633 1026/771/645
f 993/738/616 1026/771/645 1015/760/634
f 1016/761/635 1015/760/634 1027/772/646
f 1016/761/635 1027/772/646 1028/773/566
f 1017/762/636 1016/761/635 1028/773/566
f 1017/762/636 1028/773/566 1029/774/647
f 1018/763/637 1017/762/636 1029/774/647
f 1018/763/637 1029/774/647 1030/775/648
f 1019/764/638 1018/763/637 1030/775/648
f 1019/764/638 1030/775/648 1031/776/574
f 1020/765/639 1019/764/638 1031/776/574
f 1020/765/639 1031/776/574 1032/777/649
f 1021/766/640 1020/765/639 1032/777/649
f 1021/766/640 1032/777/649 1033/778/650
f 1022/767/641 1021/766/640 1033/778/650
f 1022/767/641 1033/778/650 1034/779/580
f 1023/768/642 1022/767/641 1034/779/580
f 1023/768/642 1034/779/580 1035/780/582
f 1024/769/643 1023/768/642 1035/780/582
f 1024/769/643 1035/780/582 1036/781/651
f 1025/770/644 1024/769/643 1036/781/651
f 1025/770/644 1036/781/651 1037/782/586
f 1026/771/645 1025/770/644 1037/782/586
f 1026/771/645 1037/782/586 1038/783/588
f 1015/760/634 1026/771/645 1038/783/588
f 1015/760/634 1038/783/588 1027/772/646
f 1039/784/652 1040/785/653 1041/786/654
f 1039/784/652 1041/786/654 1042/787/655
f 1043/788/656 1044/789/657 1045/790/658
f 1043/788/656 1045/790/658 1046/791/659
f 1040/785/653 1047/792/660 1048/793/661
f 1040/785/653 1048/793/661 1041/786/654
f 1046/791/659 1039/784/652 1042/787/655
f 1046/791/659 1042/787/655 1043/788/656
f 1049/794/662 1050/795/663 1051/796/664
f 1049/794/662 1051/796/664 1052/797/665
f 1053/798/666 1049/794/662 1052/797/665
f 1053/798/666 1052/797/665 1054/799/667
f 1055/800/668 1053/798/666 1054/799/667
f 1055/800/668 1054/799/667 1056/801/669
f 1057/802/670 1055/800/668 1056/801/669
f 1057/802/670 1056/801/669 1058/803/671
f 1059/804/672 1057/802/670 1058/803/671
f 1059/804/672 1058/803/671 1060/805/673
f 1061/806/674 1051/796/664 1050/795/663
f 1061/806/674 1050/795/663 1062/807/672
f 1051/796/664 1063/808/675 1064/809/676
f 1051/796/664 1064/809/676 1052/797/665
f 1052/797/665 1064/809/676 1065/810/677
f 1052/797/665 1065/810/677 1054/799/667
f 1054/799/667 1065/810/677 1066/811/678
f 1054/799/667 1066/811/678 1056/801/669
f 1056/801/669 1066/811/678 1067/812/679
f 1056/801/669 1067/812/679 1058/803/671
f 1058/803/671 1067/812/679 1068/813/680
f 1058/803/671 1068/813/680 1060/805/673
f 1061/806/674 1069/814/681 1063/808/675
f 1061/806/674 1063/808/675 1051/796/664
f 1070/815/682 1071/816/683 1072/817/684
f 1070/815/682 1072/817/684 1073/818/685
f 1074/819/686 1075/820/687 1076/821/688
f 1074/819/686 1076/821/688 1077/822/689
f 1078/823/690 1074/819/686 1077/822/689
f 1078/823/690 1077/822/689 1079/824/691
f 1080/825/692 1078/823/690 1079/824/691
f 1080/825/692 1079/824/691 1081/826/693
f 1082/827/694 1080/825/692 1081/826/693
f 1082/827/694 1081/826/693 1083/828/695
f 1083/828/695 1072/817/684 1071/816/683
f 1083/828/695 1071/816/683 1082/827/694
f 1072/817/684 1084/829/696 1085/830/697
f 1072/817/684 1085/830/697 1073/818/685
f 1076/821/688 1086/831/698 1087/832/699
f 1076/821/688 1087/832/699 1077/822/689
f 1077/822/689 1087/832/699 1088/833/700
f 1077/822/689 1088/833/700 1079/824/691
f 1079/824/691 1088/833/700 1089/834/701
f 1079/824/691 1089/834/701 1081/826/693
f 1081/826/693 1089/834/701 1090/835/702
f 1081/826/693 1090/835/702 1083/828/695
f 1083/828/695 1090/835/702 1084/829/696
f 1083/828/695 1084/829/696 1072/817/684
f 1050/795/663 1071/816/683 1070/815/682
f 1050/795/663 1070/815/682 1062/807/672
f 1059/804/672 1075/820/687 1074/819/686
f 1059/804/672 1074/819/686 1057/802/670
f 1057/802/670 1074/819/686 1078/823/690
f 1057/802/670 1078/823/690 1055/800/668
f 1055/800/668 1078/823/690 1080/825/692
f 1055/800/668 1080/825/692 1053/798/666
f 1053/798/666 1080/825/692 1082/827/694
f 1053/798/666 1082/827/694 1049/794/662
f 1049/794/662 1082/827/694 1071/816/683
f 1049/794/662 1071/816/683 1050/795/663
f 1091/836/703 1092/837/703 1093/838/704
f 1091/836/703 1093/838/704 1094/839/704
f 1095/837/705 1096/840/705 1097/841/706
f 1095/837/705 1097/841/706 1098/838/706
f 1099/840/707 1100/842/708 1101/843/709
f 1099/840/707 1101/843/709 1102/841/710
f 1103/842/711 1104/844/711 1105/845/712
f 1103/842/711 1105/845/712 1106/843/712
f 1107/844/713 1108/846/713 1109/847/714
f 1107/844/713 1109/847/714 1110/845/714
f 1111/846/715 1112/848/715 1113/849/716
f 1111/846/715 1113/849/716 1114/847/716
f 1115/850/717 1116/851/448 1117/852/20
f 1115/850/717 1117/852/20 1118/853/718
f 1119/854/448 1116/851/448 1115/850/717
f 1119/854/448 1115/850/717 1120/855/448
f 1121/856/719 1122/857/720 1123/858/720
f 1121/856/719 1123/858/720 1124/859/719
f 1125/860/721 1126/861/722 1127/862/722
f 1125/860/721 1127/862/722 1128/863/721
f 1126/861/722 1129/864/723 1130/865/723
f 1126/861/722 1130/865/723 1127/862/722
f 1129/864/723 1121/856/719 1124/859/719
f 1129/864/723 1124/859/719 1130/865/723
f 1131/866/25 1132/867/25 1133/868/25
f 1131/866/25 1133/868/25 1134/869/25
f 1135/870/66 1136/871/66 1137/872/66
f 1135/870/66 1137/872/66 1138/873/66
f 1139/874/724 1125/860/721 1128/863/721
f 1139/874/724 1128/863/721 1140/875/724
f 1134/869/25 1133/868/25 1141/876/25
f 1134/869/25 1141/876/25 1142/877/25
f 1138/873/66 1137/872/66 1143/878/66
f 1138/873/66 1143/878/66 1144/879/66
f 1145/836/725 1146/837/725 1147/838/726
f 1145/836/725 1147/838/726 1148/839/726
f 1149/837/727 1150/840/727 1151/841/728
f 1149/837/727 1151/841/728 1152/838/728
f 1153/840/729 1154/842/729 1155/843/730
f 1153/840/729 1155/843/730 1156/841/731
f 1157/842/732 1158/844/732 1159/845/732
f 1157/842/732 1159/845/732 1160/843/733
f 1161/844/734 1162/846/734 1163/847/735
f 1161/844/734 1163/847/735 1164/845/736
f 1165/846/737 1166/848/737 1167/849/738
f 1165/846/737 1167/849/738 1168/847/738
f 1169/854/739 1170/851/740 1171/850/740
f 1169/854/739 1171/850/740 1172/855/739
f 1171/850/740 1170/851/740 1173/852/741
f 1171/850/740 1173/852/741 1174/853/742
f 1175/880/743 1176/881/744 1177/882/745
f 1175/880/743 1177/882/745 1178/883/746
f 2/2/2 1179/884/747 1180/885/748
f 2/2/2 1180/885/748 3/3/3
f 1181/886/749 1182/887/750 1183/888/751
f 1181/886/749 1183/888/751 1184/889/752
f 1185/890/753 1/1/1 3/3/3
f 1185/890/753 3/3/3 1186/891/754
f 1187/892/755 1188/893/756 1189/894/757
f 1187/892/755 1189/894/757 1190/895/758
f 6/6/6 1191/896/759 1192/897/760
f 6/6/6 1192/897/760 4/4/4
f 1193/898/761 1194/899/762 1195/900/763
f 1193/898/761 1195/900/763 1196/901/764
f 1197/902/765 5/5/5 4/4/4
f 1197/902/765 4/4/4 1198/903/766
f 1175/880/743 1178/883/746 1183/888/751
f 1175/880/743 1183/888/751 1182/887/750
f 1181/886/749 1184/889/752 1189/894/757
f 1181/886/749 1189/894/757 1188/893/756
f 1187/892/755 1190/895/758 1195/900/763
f 1187/892/755 1195/900/763 1194/899/762
f 1199/904/767 1200/905/768 1177/882/745
f 1199/904/767 1177/882/745 1176/881/744
f 1191/896/759 1185/890/753 1186/891/754
f 1191/896/759 1186/891/754 1192/897/760
f 1179/884/747 1197/902/765 1198/903/766
f 1179/884/747 1198/903/766 1180/885/748
f 1201/906/769 1202/907/770 1203/908/770
f 1201/906/769 1203/908/770 1204/909/771
f 1202/907/770 1205/910/770 1206/911/770
f 1202/907/770 1206/911/770 1203/908/770
f 1205/910/770 1207/912/772 1208/913/773
f 1205/910/770 1208/913/773 1206/911/770
f 1207/912/772 1209/914/773 1210/915/774
f 1207/912/772 1210/915/774 1208/913/773
f 1209/914/773 1211/916/775 1212/917/776
f 1209/914/773 1212/917/776 1210/915/774
f 1211/916/775 1213/918/777 1214/919/775
f 1211/916/775 1214/919/775 1212/917/776
f 1213/918/777 1215/920/778 1216/921/779
f 1213/918/777 1216/921/779 1214/919/775
f 1215/920/778 1201/906/769 1204/909/771
f 1215/920/778 1204/909/771 1216/921/779
f 1217/922/780 1218/923/781 1219/924/782
f 1217/922/780 1219/924/782 1220/925/783
f 1218/923/781 1221/926/784 1222/927/785
f 1218/923/781 1222/927/785 1219/924/782
f 1221/926/784 1223/928/786 1224/929/787
f 1221/926/784 1224/929/787 1222/927/785
f 1223/928/786 1225/930/788 1226/931/789
f 1223/928/786 1226/931/789 1224/929/787
f 1225/930/788 1227/932/790 1228/933/791
f 1225/930/788 1228/933/791 1226/931/789
f 1227/932/790 1229/934/792 1230/935/793
f 1227/932/790 1230/935/793 1228/933/791
f 1229/934/792 1231/936/794 1232/937/795
f 1229/934/792 1232/937/795 1230/935/793
f 1231/936/794 1217/922/780 1220/925/783
f 1231/936/794 1220/925/783 1232/937/795
f 3/3/3 4/4/4 1192/897/760
f 3/3/3 1192/897/760 1186/891/754
f 1198/903/766 4/4/4 3/3/3
f 1198/903/766 3/3/3 1180/885/748
f 1233/938/796 1234/939/797 1235/940/798
f 1233/938/796 1235/940/798 1236/941/799
f 1237/942/800 1233/938/796 1236/941/799
f 1237/942/800 1236/941/799 1238/943/801
f 1239/944/802 1237/942/800 1238/943/801
f 1239/944/802 1238/943/801 1240/945/803
f 1241/946/804 1239/944/802 1240/945/803
f 1241/946/804 1240/945/803 1242/947/805
f 1243/948/806 1241/946/804 1242/947/805
f 1243/948/806 1242/947/805 1244/949/807
f 1245/950/808 1243/948/806 1244/949/807
f 1245/950/808 1244/949/807 1246/951/798
f 1236/941/799 1247/952/809 1248/953/810
f 1236/941/799 1248/953/810 1238/943/801
f 1238/943/801 1248/953/810 1249/954/811
f 1238/943/801 1249/954/811 1240/945/803
f 1240/945/803 1249/954/811 1250/955/812
f 1240/945/803 1250/955/812 1242/947/805
f 1242/947/805 1250/955/812 1251/956/813
f 1242/947/805 1251/956/813 1244/949/807
f 1244/949/807 1251/956/813 1252/957/814
f 1244/949/807 1252/957/814 1246/951/798
f 1253/958/814 1247/952/809 1236/941/799
f 1253/958/814 1236/941/799 1235/940/798
f 1254/959/815 1255/960/816 1256/961/817
f 1254/959/815 1256/961/817 1257/962/818
f 1258/963/819 1259/964/820 1260/965/821
f 1258/963/819 1260/965/821 1261/966/822
f 1262/967/823 1258/963/819 1261/966/822
f 1262/967/823 1261/966/822 1263/968/824
f 1264/969/825 1262/967/823 1263/968/824
f 1264/969/825 1263/968/824 1265/970/826
f 1266/971/827 1264/969/825 1265/970/826
f 1266/971/827 1265/970/826 1267/972/828
f 1255/960/816 1266/971/827 1267/972/828
f 1255/960/816 1267/972/828 1256/961/817
f 1260/965/821 1268/973/829 1269/974/830
f 1260/965/821 1269/974/830 1261/966/822
f 1261/966/822 1269/974/830 1270/975/831
f 1261/966/822 1270/975/831 1263/968/824
f 1263/968/824 1270/975/831 1271/976/832
f 1263/968/824 1271/976/832 1265/970/826
f 1265/970/826 1271/976/832 1272/977/833
f 1265/970/826 1272/977/833 1267/972/828
f 1267/972/828 1272/977/833 1273/978/834
f 1267/972/828 1273/978/834 1256/961/817
f 1274/979/835 1257/962/818 1256/961/817
f 1274/979/835 1256/961/817 1273/978/834
f 1245/950/808 1259/964/820 1258/963/819
f 1245/950/808 1258/963/819 1243/948/806
f 1243/948/806 1258/963/819 1262/967/823
f 1243/948/806 1262/967/823 1241/946/804
f 1241/946/804 1262/967/823 1264/969/825
f 1241/946/804 1264/969/825 1239/944/802
f 1239/944/802 1264/969/825 1266/971/827
f 1239/944/802 1266/971/827 1237/942/800
f 1237/942/800 1266/971/827 1255/960/816
f 1237/942/800 1255/960/816 1233/938/796
f 1254/959/815 1234/939/797 1233/938/796
f 1254/959/815 1233/938/796 1255/960/816
f 1275/980/836 1276/981/836 1277/982/836
f 1275/980/836 1277/982/836 1278/983/836
f 1279/984/484 1280/985/484 1281/986/440
f 1279/984/484 1281/986/440 1282/987/440
f 1283/985/442 1284/988/442 1285/989/837
f 1283/985/442 1285/989/837 1286/986/837
f 1287/988/34 1288/990/34 1289/991/34
f 1287/988/34 1289/991/34 1290/989/34
f 1291/990/485 1292/992/485 1293/993/473
f 1291/990/485 1293/993/473 1294/991/473
f 1295/992/486 1296/994/486 1297/995/487
f 1295/992/486 1297/995/487 1298/993/487
f 1299/994/446 1300/996/446 1301/997/446
f 1299/994/446 1301/997/446 1302/995/446
f 1303/998/20 1304/999/20 1305/1000/20
f 1303/998/20 1305/1000/20 1306/1001/20
f 1307/1002/20 1308/1003/20 1304/999/20
f 1307/1002/20 1304/999/20 1303/998/20
f 1309/836/838 1310/837/838 1311/838/839
f 1309/836/838 1311/838/839 1312/839/839
f 1313/837/840 1314/840/840 1315/841/840
f 1313/837/840 1315/841/840 1316/838/840
f 1317/840/841 1318/842/841 1319/843/842
f 1317/840/841 1319/843/842 1320/841/843
f 1321/842/844 1322/844/844 1323/845/845
f 1321/842/844 1323/845/845 1324/843/845
f 1325/844/846 1326/846/846 1327/847/847
f 1325/844/846 1327/847/847 1328/845/847
f 1329/846/848 1330/848/849 1331/849/850
f 1329/846/848 1331/849/850 1332/847/851
f 1333/855/448 1334/852/20 1335/853/448
f 1333/855/448 1335/853/448 1336/850/852
f 1337/854/20 1338/851/853 1334/852/20
f 1337/854/20 1334/852/20 1333/855/448
f 1339/836/854 1340/837/854 1341/838/855
f 1339/836/854 1341/838/855 1342/839/855
f 1343/837/856 1344/840/857 1345/841/856
f 1343/837/856 1345/841/856 1346/838/856
f 1347/840/34 1348/842/34 1349/843/34
f 1347/840/34 1349/843/34 1350/841/34
f 1351/842/858 1352/844/859 1353/845/860
f 1351/842/858 1353/845/860 1354/843/860
f 1355/844/861 1356/846/862 1357/847/863
f 1355/844/861 1357/847/863 1358/845/863
f 1359/846/446 1360/848/446 1361/849/446
f 1359/846/446 1361/849/446 1362/847/446
f 1363/855/20 1364/852/20 1365/853/447
f 1363/855/20 1365/853/447 1366/850/447
f 1367/854/448 1368/851/20 1364/852/20
f 1367/854/448 1364/852/20 1363/855/20
f 1369/1004/864 1370/1005/865 1371/1006/866
f 1369/1004/864 1371/1006/866 1372/1007/867
f 1373/1008/868 1374/1009/869 1375/1010/870
f 1373/1008/868 1375/1010/870 1376/1011/871
f 1377/1012/872 1378/1013/873 1379/1014/874
f 1377/1012/872 1379/1014/874 1380/1015/875
f 1381/1016/876 1382/1017/877 1383/1018/878
f 1381/1016/876 1383/1018/878 1384/1019/879
f 1370/1005/865 1369/1004/864 1384/1019/879
f 1370/1005/865 1384/1019/879 1383/1018/878
f 1374/1009/869 1373/1008/868 1372/1007/867
f 1374/1009/869 1372/1007/867 1371/1006/866
f 1378/1013/873 1377/1012/872 1376/1011/871
f 1378/1013/873 1376/1011/871 1375/1010/870
f 1385/1020/880 1386/1021/881 1380/1015/875
f 1385/1020/880 1380/1015/875 1379/1014/874
f 1387/1022/882 1388/1023/883 1389/1024/884
f 1387/1022/882 1389/1024/884 1390/1025/885
f 1391/1026/886 1392/1027/887 1393/1028/888
f 1391/1026/886 1393/1028/888 1394/1029/889
f 1387/1022/882 1390/1025/885 1393/1028/888
f 1387/1022/882 1393/1028/888 1392/1027/887
f 1395/1030/25 1396/1031/25 1397/1032/25
f 1395/1030/25 1397/1032/25 1398/1033/25
f 1399/1033/890 1400/1032/891 1401/1034/892
f 1399/1033/890 1401/1034/892 1402/1035/890
f 1403/1035/66 1404/1034/66 1405/1036/66
f 1403/1035/66 1405/1036/66 1406/1037/467
f 1397/1032/25 1396/1031/25 1407/1038/25
f 1397/1032/25 1407/1038/25 1408/1039/25
f 1401/1034/892 1400/1032/891 1409/1039/893
f 1401/1034/892 1409/1039/893 1410/1040/893
f 1405/1036/66 1404/1034/66 1411/1040/66
f 1405/1036/66 1411/1040/66 1412/1041/66
f 1413/530/25 1414/533/25 1415/532/25
f 1413/530/25 1415/532/25 1416/531/25
f 1417/534/25 1418/537/25 1419/536/25
f 1417/534/25 1419/536/25 1420/535/25
f 1417/534/25 1414/533/25 1413/530/25
f 1417/534/25 1413/530/25 1418/537/25
f 1421/490/894 1422/491/894 1423/492/894
f 1421/490/894 1423/492/894 1424/493/894
f 1425/491/895 1426/494/895 1427/495/895
f 1425/491/895 1427/495/895 1428/492/896
f 1429/494/897 1430/496/897 1431/497/897
f 1429/494/897 1431/497/897 1432/495/898
f 1433/496/899 1434/498/899 1435/499/899
f 1433/496/899 1435/499/899 1436/497/899
f 1437/498/900 1438/500/900 1439/501/900
f 1437/498/900 1439/501/900 1440/499/900
f 1441/500/901 1442/502/901 1443/503/901
f 1441/500/901 1443/503/901 1444/501/901
f 1445/508/25 1446/505/25 1447/506/25
f 1445/508/25 1447/506/25 1448/509/25
f 1448/509/25 1447/506/25 1449/507/25
f 1448/509/25 1449/507/25 1450/504/25
f 1451/530/66 1452/531/66 1453/532/66
f 1451/530/66 1453/532/66 1454/533/66
f 1455/534/66 1456/535/66 1457/536/66
f 1455/534/66 1457/536/66 1458/537/66
f 1455/534/66 1458/537/66 1451/530/66
f 1455/534/66 1451/530/66 1454/533/66
f 1459/1042/25 1460/1043/25 1461/1044/902
f 1459/1042/25 1461/1044/902 1462/1045/903
f 1462/1045/903 1461/1044/902 1463/1046/904
f 1462/1045/903 1463/1046/904 1464/1047/905
f 1464/1047/905 1463/1046/904 1465/1048/66
f 1464/1047/905 1465/1048/66 1466/1049/66
f 1467/1043/20 1468/1048/20 1463/1046/904
f 1467/1043/20 1463/1046/904 1461/1044/902
f 1469/1049/7 1470/1042/7 1462/1045/903
f 1469/1049/7 1462/1045/903 1464/1047/905
f 1471/1050/906 1472/1051/907 1473/1052/907
f 1471/1050/906 1473/1052/907 1474/1053/906
f 1475/1054/907 1476/1055/908 1477/1056/908
f 1475/1054/907 1477/1056/908 1478/1057/907
f 1479/1050/909 1480/1051/910 1481/1052/910
f 1479/1050/909 1481/1052/910 1482/1053/909
f 1483/1054/911 1484/1055/912 1485/1056/912
f 1483/1054/911 1485/1056/912 1486/1057/910
f 1487/1050/913 1488/1051/914 1489/1052/914
f 1487/1050/913 1489/1052/914 1490/1053/913
f 1491/1054/915 1492/1055/916 1493/1056/916
f 1491/1054/915 1493/1056/916 1494/1057/915
f 1495/1058/917 1496/1059/918 1497/1060/919
f 1495/1058/917 1497/1060/919 1498/1061/920
f 1496/1059/918 1495/1058/917 1499/1062/921
f 1496/1059/918 1499/1062/921 1500/1063/921
f 1501/1064/922 1502/1065/922 1503/1066/923
f 1501/1064/922 1503/1066/923 1504/1067/924
f 1502/1065/922 1501/1064/922 1505/1068/925
f 1502/1065/922 1505/1068/925 1506/1069/925
f 1507/1070/926 1508/1071/927 1509/1072/928
f 1507/1070/926 1509/1072/928 1510/1073/929
f 1511/1074/930 1512/1075/931 1513/1076/932
f 1511/1074/930 1513/1076/932 1514/1077/933
f 1515/1078/934 1516/1079/935 1517/1062/936
f 1515/1078/934 1517/1062/936 1518/1058/937
f 1519/1080/938 1520/1081/939 1521/1082/939
f 1519/1080/938 1521/1082/939 1522/1083/940
f 1523/1065/941 1524/1069/942 1525/1084/942
f 1523/1065/941 1525/1084/942 1526/1085/943
f 1527/1086/944 1528/1087/945 1509/1072/928
f 1527/1086/944 1509/1072/928 1508/1071/927
f 1507/1070/926 1510/1073/929 1513/1076/932
f 1507/1070/926 1513/1076/932 1512/1075/931
f 1511/1074/930 1514/1077/933 1529/1088/946
f 1511/1074/930 1529/1088/946 1530/1089/947
f 1515/1078/934 1518/1058/937 1498/1061/948
f 1515/1078/934 1498/1061/948 1531/1090/949
f 1519/1080/938 1522/1083/940 1532/1091/950
f 1519/1080/938 1532/1091/950 1533/1092/951
f 1523/1065/941 1526/1085/943 1534/1093/952
f 1523/1065/941 1534/1093/952 1503/1066/953
f 1535/1094/954 1536/1095/955 1537/1096/956
f 1535/1094/954 1537/1096/956 1538/1097/957
f 1539/1098/958 1540/1099/959 1541/1100/960
f 1539/1098/958 1541/1100/960 1542/1101/961
f 1543/1102/962 1544/1103/963 1545/1104/964
f 1543/1102/962 1545/1104/964 1546/1105/965
f 1547/1106/966 1548/1107/967 1549/1108/968
f 1547/1106/966 1549/1108/968 1550/1109/969
f 1551/1102/970 1548/1107/967 1547/1106/966
f 1551/1102/970 1547/1106/966 1552/1110/971
f 1553/1111/972 1554/1112/973 1540/1099/959
f 1553/1111/972 1540/1099/959 1539/1098/958
f 1545/1104/964 1544/1103/963 1555/1113/974
f 1545/1104/964 1555/1113/974 1556/1114/975
f 1538/1097/957 1537/1096/956 1557/1115/976
f 1538/1097/957 1557/1115/976 1558/1116/971
f 1559/1117/977 1560/1118/977 1561/1119/977
f 1559/1117/977 1561/1119/977 1562/1120/977
f 1563/1118/978 1564/1121/978 1565/1122/978
f 1563/1118/978 1565/1122/978 1566/1119/978
f 1567/1121/979 1568/1123/979 1569/1124/979
f 1567/1121/979 1569/1124/979 1570/1122/979
f 1571/1123/980 1572/1125/980 1573/1126/980
f 1571/1123/980 1573/1126/980 1574/1124/980
f 1575/1125/981 1576/1127/981 1577/1128/981
f 1575/1125/981 1577/1128/981 1578/1126/981
f 1579/1127/982 1580/1129/983 1581/1130/982
f 1579/1127/982 1581/1130/982 1582/1128/982
f 1583/1131/25 1584/1132/25 1585/1133/25
f 1583/1131/25 1585/1133/25 1586/1134/25
f 1587/1135/28 1588/1136/28 1584/1132/25
f 1587/1135/28 1584/1132/25 1583/1131/25
f 1589/1137/984 1590/1138/439 1591/1139/484
f 1589/1137/984 1591/1139/484 1592/1140/484
f 1593/1138/472 1594/1141/472 1595/1142/837
f 1593/1138/472 1595/1142/837 1596/1139/837
f 1597/1141/34 1598/1143/34 1599/1144/34
f 1597/1141/34 1599/1144/34 1600/1142/34
f 1601/1143/485 1602/1145/485 1603/1146/473
f 1601/1143/485 1603/1146/473 1604/1144/473
f 1605/1145/486 1606/1147/486 1607/1148/487
f 1605/1145/486 1607/1148/487 1608/1146/487
f 1609/1147/446 1610/1149/446 1611/1150/446
f 1609/1147/446 1611/1150/446 1612/1148/446
f 1613/1151/20 1614/1152/20 1615/1153/20
f 1613/1151/20 1615/1153/20 1616/1154/985
f 1617/1155/20 1618/1156/986 1614/1152/20
f 1617/1155/20 1614/1152/20 1613/1151/20
f 1619/1157/987 1620/1158/988 1621/1159/989
f 1619/1157/987 1621/1159/989 1622/1160/990
f 1623/1161/991 1624/1162/992 1625/1163/993
f 1623/1161/991 1625/1163/993 1626/1164/994
f 1627/1165/995 1628/1166/996 1629/1167/997
f 1627/1165/995 1629/1167/997 1630/1168/998
f 1631/1169/999 1632/1170/1000 1633/1171/1001
f 1631/1169/999 1633/1171/1001 1634/1172/1002
f 1635/1173/1003 1636/1174/1004 1637/1175/1005
f 1635/1173/1003 1637/1175/1005 1638/1176/1006
f 1634/1172/1002 1633/1171/1001 1619/1157/987
f 1634/1172/1002 1619/1157/987 1622/1160/990
f 1639/1177/1007 1640/1178/1008 1641/1179/1009
f 1639/1177/1007 1641/1179/1009 1642/1180/1010
f 1624/1162/992 1623/1161/991 1643/1181/1011
f 1624/1162/992 1643/1181/1011 1644/1182/1012
f 1645/1183/1013 1639/1177/1007 1642/1180/1010
f 1645/1183/1013 1642/1180/1010 1646/1184/1014
f 1626/1164/994 1625/1163/993 1647/1185/1015
f 1626/1164/994 1647/1185/1015 1648/1186/1016
f 1643/1181/1011 1649/1187/1017 1650/1188/1014
f 1643/1181/1011 1650/1188/1014 1644/1182/1012
f 1651/1189/1018 1652/1190/1018 1650/1188/1014
f 1651/1189/1018 1650/1188/1014 1649/1187/1017
f 1628/1166/996 1627/1165/995 1648/1186/1016
f 1628/1166/996 1648/1186/1016 1647/1185/1015
f 1621/1159/989 1620/1158/988 1653/1191/1019
f 1621/1159/989 1653/1191/1019 1654/1192/1019
f 1655/1192/25 1656/1191/1020 1657/1190/1021
f 1655/1192/25 1657/1190/1021 1658/1189/25
f 1659/1193/1021 1660/1194/1020 1645/1183/1013
f 1659/1193/1021 1645/1183/1013 1646/1184/1014
f 1640/1178/1008 1636/1174/1004 1635/1173/1003
f 1640/1178/1008 1635/1173/1003 1641/1179/1009
f 1661/836/1022 1662/837/1022 1663/838/1023
f 1661/836/1022 1663/838/1023 1664/839/1023
f 1665/837/1024 1666/840/1025 1667/841/1026
f 1665/837/1024 1667/841/1026 1668/838/1027
f 1669/840/1028 1670/842/1028 1671/843/1028
f 1669/840/1028 1671/843/1028 1672/841/1028
f 1673/842/1029 1674/844/1029 1675/845/1030
f 1673/842/1029 1675/845/1030 1676/843/1030
f 1677/844/1031 1678/846/1032 1679/847/1033
f 1677/844/1031 1679/847/1033 1680/845/1034
f 1681/846/1035 1682/848/1035 1683/849/1036
f 1681/846/1035 1683/849/1036 1684/847/1036
f 1685/854/1037 1686/851/1038 1687/850/1039
f 1685/854/1037 1687/850/1039 1688/855/1040
f 1687/850/1039 1686/851/1038 1689/852/1041
f 1687/850/1039 1689/852/1041 1690/853/1042
f 1691/1195/1043 1692/1196/1044 1693/1197/1045
f 1691/1195/1043 1693/1197/1045 1694/1198/1046
f 1695/1199/1047 1696/1200/1048 1697/1201/1049
f 1695/1199/1047 1697/1201/1049 1698/1202/1050
f 1699/1203/1051 1700/1204/1052 1701/1205/1053
f 1699/1203/1051 1701/1205/1053 1702/1206/1054
f 1703/1207/1055 1701/1205/1053 1700/1204/1052
f 1703/1207/1055 1700/1204/1052 1704/1208/1056
f 1702/1206/1054 1691/1195/1043 1694/1198/1046
f 1702/1206/1054 1694/1198/1046 1699/1203/1051
f 1694/1198/1046 1693/1197/1045 1705/1209/1057
f 1694/1198/1046 1705/1209/1057 1706/1210/1058
f 1704/1208/1056 1700/1204/1052 1707/1211/1059
f 1704/1208/1056 1707/1211/1059 1708/1212/1060
f 1700/1204/1052 1699/1203/1051 1709/1213/1061
f 1700/1204/1052 1709/1213/1061 1707/1211/1059
f 1699/1203/1051 1694/1198/1046 1706/1210/1058
f 1699/1203/1051 1706/1210/1058 1709/1213/1061
f 1710/1214/1062 1711/1215/1063 1696/1200/1048
f 1710/1214/1062 1696/1200/1048 1695/1199/1047
f 1711/1215/1063 1712/1216/1064 1697/1201/1049
f 1711/1215/1063 1697/1201/1049 1696/1200/1048
f 1712/1216/1064 1713/1217/1065 1698/1202/1050
f 1712/1216/1064 1698/1202/1050 1697/1201/1049
f 1713/1217/1065 1710/1214/1062 1695/1199/1047
f 1713/1217/1065 1695/1199/1047 1698/1202/1050
f 1714/490/1066 1715/493/1066 1716/492/1066
f 1714/490/1066 1716/492/1066 1717/491/1066
f 1718/491/1067 1719/492/1067 1720/495/1067
f 1718/491/1067 1720/495/1067 1721/494/1067
f 1722/494/1068 1723/495/1068 1724/497/1068
f 1722/494/1068 1724/497/1068 1725/496/1068
f 1726/496/1069 1727/497/1069 1728/499/1069
f 1726/496/1069 1728/499/1069 1729/498/1069
f 1730/498/1070 1731/499/1071 1732/501/1070
f 1730/498/1070 1732/501/1070 1733/500/1070
f 1734/500/1072 1735/501/1072 1736/503/1072
f 1734/500/1072 1736/503/1072 1737/502/1072
f 1738/505/66 1739/504/66 1740/507/66
f 1738/505/66 1740/507/66 1741/506/66
f 1742/508/66 1743/509/66 1739/504/66
f 1742/508/66 1739/504/66 1738/505/66
f 1744/938/1073 1745/941/1074 1746/940/1075
f 1744/938/1073 1746/940/1075 1747/939/1076
f 1748/942/1077 1749/943/1078 1745/941/1074
f 1748/942/1077 1745/941/1074 1744/938/1073
f 1750/944/1079 1751/945/1080 1749/943/1078
f 1750/944/1079 1749/943/1078 1748/942/1077
f 1752/946/1081 1753/947/1082 1751/945/1080
f 1752/946/1081 1751/945/1080 1750/944/1079
f 1754/948/1083 1755/949/1084 1753/947/1082
f 1754/948/1083 1753/947/1082 1752/946/1081
f 1756/950/1076 1757/951/1075 1755/949/1084
f 1756/950/1076 1755/949/1084 1754/948/1083
f 1745/941/1074 1749/943/1078 1758/953/1085
f 1745/941/1074 1758/953/1085 1759/952/1086
f 1749/943/1078 1751/945/1080 1760/954/1087
f 1749/943/1078 1760/954/1087 1758/953/1085
f 1751/945/1080 1753/947/1082 1761/955/1088
f 1751/945/1080 1761/955/1088 1760/954/1087
f 1753/947/1082 1755/949/1084 1762/956/1089
f 1753/947/1082 1762/956/1089 1761/955/1088
f 1755/949/1084 1757/951/1075 1763/957/1090
f 1755/949/1084 1763/957/1090 1762/956/1089
f 1764/958/1091 1746/940/1075 1745/941/1074
f 1764/958/1091 1745/941/1074 1759/952/1086
f 1765/959/1092 1766/962/1093 1767/961/1094
f 1765/959/1092 1767/961/1094 1768/960/1095
f 1769/963/1096 1770/966/1097 1771/965/1098
f 1769/963/1096 1771/965/1098 1772/964/1092
f 1773/967/1099 1774/968/1100 1770/966/1097
f 1773/967/1099 1770/966/1097 1769/963/1096
f 1775/969/1101 1776/970/1102 1774/968/1100
f 1775/969/1101 1774/968/1100 1773/967/1099
f 1777/971/1103 1778/972/1104 1776/970/1102
f 1777/971/1103 1776/970/1102 1775/969/1101
f 1768/960/1095 1767/961/1094 1778/972/1104
f 1768/960/1095 1778/972/1104 1777/971/1103
f 1771/965/1098 1770/966/1097 1779/974/1105
f 1771/965/1098 1779/974/1105 1780/973/1106
f 1770/966/1097 1774/968/1100 1781/975/1107
f 1770/966/1097 1781/975/1107 1779/974/1105
f 1774/968/1100 1776/970/1102 1782/976/1108
f 1774/968/1100 1782/976/1108 1781/975/1107
f 1776/970/1102 1778/972/1104 1783/977/1109
f 1776/970/1102 1783/977/1109 1782/976/1108
f 1778/972/1104 1767/961/1094 1784/978/1110
f 1778/972/1104 1784/978/1110 1783/977/1109
f 1785/979/1106 1784/978/1110 1767/961/1094
f 1785/979/1106 1767/961/1094 1766/962/1093
f 1756/950/1076 1754/948/1083 1769/963/1096
f 1756/950/1076 1769/963/1096 1772/964/1092
f 1754/948/1083 1752/946/1081 1773/967/1099
f 1754/948/1083 1773/967/1099 1769/963/1096
f 1752/946/1081 1750/944/1079 1775/969/1101
f 1752/946/1081 1775/969/1101 1773/967/1099
f 1750/944/1079 1748/942/1077 1777/971/1103
f 1750/944/1079 1777/971/1103 1775/969/1101
f 1748/942/1077 1744/938/1073 1768/960/1095
f 1748/942/1077 1768/960/1095 1777/971/1103
f 1765/959/1092 1768/960/1095 1744/938/1073
f 1765/959/1092 1744/938/1073 1747/939/1076
f 1786/448/1111 1787/451/1112 1788/450/1113
f 1786/448/1111 1788/450/1113 1789/449/1114
f 1790/452/1115 1786/448/1111 1789/449/1114
f 1790/452/1115 1789/449/1114 1791/453/1116
f 1792/454/1117 1790/452/1115 1791/453/1116
f 1792/454/1117 1791/453/1116 1793/455/1118
f 1794/456/1119 1792/454/1117 1793/455/1118
f 1794/456/1119 1793/455/1118 1795/457/1120
f 1796/458/1121 1794/456/1119 1795/457/1120
f 1796/458/1121 1795/457/1120 1797/459/1122
f 1798/460/1123 1788/450/1113 1787/451/1112
f 1798/460/1123 1787/451/1112 1799/461/1124
f 1788/450/1113 1800/463/1125 1801/462/1126
f 1788/450/1113 1801/462/1126 1789/449/1114
f 1789/449/1114 1801/462/1126 1802/464/1127
f 1789/449/1114 1802/464/1127 1791/453/1116
f 1791/453/1116 1802/464/1127 1803/465/1128
f 1791/453/1116 1803/465/1128 1793/455/1118
f 1793/455/1118 1803/465/1128 1804/466/1129
f 1793/455/1118 1804/466/1129 1795/457/1120
f 1795/457/1120 1804/466/1129 1805/467/1130
f 1795/457/1120 1805/467/1130 1797/459/1122
f 1798/460/1123 1806/468/1131 1800/463/1125
f 1798/460/1123 1800/463/1125 1788/450/1113
f 1807/469/1132 1808/472/1133 1809/471/1134
f 1807/469/1132 1809/471/1134 1810/470/1135
f 1811/473/1136 1812/476/1137 1813/475/1138
f 1811/473/1136 1813/475/1138 1814/474/1139
f 1815/477/1140 1811/473/1136 1814/474/1139
f 1815/477/1140 1814/474/1139 1816/478/1141
f 1817/479/1142 1815/477/1140 1816/478/1141
f 1817/479/1142 1816/478/1141 1818/480/1143
f 1819/481/1144 1817/479/1142 1818/480/1143
f 1819/481/1144 1818/480/1143 1820/482/1145
f 1820/482/1145 1809/471/1134 1808/472/1133
f 1820/482/1145 1808/472/1133 1819/481/1144
f 1809/471/1134 1821/484/1146 1822/483/1147
f 1809/471/1134 1822/483/1147 1810/470/1135
f 1813/475/1138 1823/486/1147 1824/485/1148
f 1813/475/1138 1824/485/1148 1814/474/1139
f 1814/474/1139 1824/485/1148 1825/487/1149
f 1814/474/1139 1825/487/1149 1816/478/1141
f 1816/478/1141 1825/487/1149 1826/488/1150
f 1816/478/1141 1826/488/1150 1818/480/1143
f 1818/480/1143 1826/488/1150 1827/489/1151
f 1818/480/1143 1827/489/1151 1820/482/1145
f 1820/482/1145 1827/489/1151 1821/484/1146
f 1820/482/1145 1821/484/1146 1809/471/1134
f 1787/451/1112 1808/472/1133 1807/469/1132
f 1787/451/1112 1807/469/1132 1799/461/1124
f 1796/458/1121 1812/476/1137 1811/473/1136
f 1796/458/1121 1811/473/1136 1794/456/1119
f 1794/456/1119 1811/473/1136 1815/477/1140
f 1794/456/1119 1815/477/1140 1792/454/1117
f 1792/454/1117 1815/477/1140 1817/479/1142
f 1792/454/1117 1817/479/1142 1790/452/1115
f 1790/452/1115 1817/479/1142 1819/481/1144
f 1790/452/1115 1819/481/1144 1786/448/1111
f 1786/448/1111 1819/481/1144 1808/472/1133
f 1786/448/1111 1808/472/1133 1787/451/1112
f 1828/1218/984 1829/1219/984 1830/1220/984
f 1828/1218/984 1830/1220/984 1831/1221/984
f 1832/1219/442 1833/1222/442 1834/1223/442
f 1832/1219/442 1834/1223/442 1835/1220/442
f 1836/1222/34 1837/1224/34 1838/1225/34
f 1836/1222/34 1838/1225/34 1839/1223/34
f 1840/1224/443 1841/1226/443 1842/1227/443
f 1840/1224/443 1842/1227/443 1843/1225/443
f 1844/1226/486 1845/1228/486 1846/1229/444
f 1844/1226/486 1846/1229/444 1847/1227/444
f 1848/1228/446 1849/1230/446 1850/1231/446
f 1848/1228/446 1850/1231/446 1851/1229/446
f 1852/1232/20 1853/1233/20 1854/1234/448
f 1852/1232/20 1854/1234/448 1855/1235/20
f 1856/1236/853 1857/1237/447 1853/1233/20
f 1856/1236/853 1853/1233/20 1852/1232/20
f 1858/1030/25 1859/1031/25 1860/1032/25
f 1858/1030/25 1860/1032/25 1861/1033/25
f 1862/1033/1152 1863/1032/1153 1864/1034/1153
f 1862/1033/1152 1864/1034/1153 1865/1035/1152
f 1866/1035/66 1867/1034/66 1868/1036/66
f 1866/1035/66 1868/1036/66 1869/1037/66
f 1860/1032/25 1859/1031/25 1870/1038/25
f 1860/1032/25 1870/1038/25 1871/1039/25
f 1864/1034/1153 1863/1032/1153 1872/1039/1154
f 1864/1034/1153 1872/1039/1154 1873/1040/1154
f 1868/1036/66 1867/1034/66 1874/1040/66
f 1868/1036/66 1874/1040/66 1875/1041/66
f 1876/1238/1155 1877/1239/1155 1878/1240/1156
f 1876/1238/1155 1878/1240/1156 1879/1241/1156
f 1880/1242/1157 1881/1243/1158 1882/1244/1158
f 1880/1242/1157 1882/1244/1158 1883/1245/1159
f 1881/1243/1158 1884/1246/1160 1885/1247/1161
f 1881/1243/1158 1885/1247/1161 1882/1244/1158
f 1884/1246/1160 1886/1248/1162 1887/1249/1162
f 1884/1246/1160 1887/1249/1162 1885/1247/1161
f 1888/1250/1163 1889/1251/1164 1890/1252/1164
f 1888/1250/1163 1890/1252/1164 1891/1253/1162
f 1889/1251/1164 1892/1254/1165 1893/1255/1166
f 1889/1251/1164 1893/1255/1166 1890/1252/1164
f 1892/1254/1165 1880/1242/1157 1883/1245/1159
f 1892/1254/1165 1883/1245/1159 1893/1255/1166
f 1894/1256/66 1895/1257/66 1896/1258/66
f 1894/1256/66 1896/1258/66 1897/1259/467
f 1898/1260/25 1899/1261/537 1900/1262/25
f 1898/1260/25 1900/1262/25 1901/1263/25
f 1902/1264/66 1903/1265/66 1895/1257/66
f 1902/1264/66 1895/1257/66 1894/1256/66
f 1898/1260/25 1901/1263/25 1904/1266/25
f 1898/1260/25 1904/1266/25 1905/1267/28
f 1906/1268/446 1907/1269/446 1908/1270/446
f 1906/1268/446 1908/1270/446 1909/1271/446
f 1910/1272/20 1911/1273/20 1912/1274/20
f 1910/1272/20 1912/1274/20 1913/1275/20
f 1914/1276/7 1915/1277/7 1916/1278/7
f 1914/1276/7 1916/1278/7 1917/1279/7
f 1918/1280/1167 1919/1281/1167 1920/1282/1167
f 1918/1280/1167 1920/1282/1167 1921/1283/1167
f 1922/1284/1168 1923/1285/1169 1924/1286/1170
f 1922/1284/1168 1924/1286/1170 1925/1287/1171
f 1923/1285/1169 1926/1288/1172 1927/1289/1173
f 1923/1285/1169 1927/1289/1173 1924/1286/1170
f 1928/1290/1174 1929/1291/1175 1930/1292/1176
f 1928/1290/1174 1930/1292/1176 1931/1293/1177
f 1932/1294/1178 1933/1295/1179 1934/1296/1180
f 1932/1294/1178 1934/1296/1180 1935/1297/1181
f 1936/1298/1182 1937/1299/1183 1938/1300/1184
f 1936/1298/1182 1938/1300/1184 1939/1301/1185
f 1922/1284/1168 1940/1302/1186 1941/1303/1183
f 1922/1284/1168 1941/1303/1183 1923/1285/1169
f 1942/1304/1187 1943/1305/1188 1944/1306/1189
f 1942/1304/1187 1944/1306/1189 1945/1307/1190
f 1928/1290/1174 1946/1308/1191 1947/1309/1192
f 1928/1290/1174 1947/1309/1192 1929/1291/1175
f 1948/1310/1193 1949/1311/1194 1950/1312/1195
f 1948/1310/1193 1950/1312/1195 1951/1313/1196
f 1952/1314/1197 1953/1315/1198 1954/1316/1199
f 1952/1314/1197 1954/1316/1199 1955/1317/1191
f 1956/1318/1200 1957/1319/1201 1937/1299/1183
f 1956/1318/1200 1937/1299/1183 1936/1298/1182
f 1958/1320/1183 1959/1321/1202 1949/1311/1194
f 1958/1320/1183 1949/1311/1194 1948/1310/1193
f 1949/1311/1194 1960/1322/1203 1961/1323/1204
f 1949/1311/1194 1961/1323/1204 1950/1312/1195
f 1953/1315/1198 1962/1324/1205 1963/1325/1206
f 1953/1315/1198 1963/1325/1206 1954/1316/1199
f 1964/1326/1207 1957/1319/1201 1956/1318/1200
f 1964/1326/1207 1956/1318/1200 1965/1327/1208
f 1959/1321/1202 1966/1328/1207 1960/1322/1203
f 1959/1321/1202 1960/1322/1203 1949/1311/1194
f 1967/1329/1209 1953/1315/1198 1952/1314/1197
f 1967/1329/1209 1952/1314/1197 1968/1330/1210
f 1962/1324/1205 1953/1315/1198 1967/1329/1209
f 1962/1324/1205 1967/1329/1209 1969/1331/1211
f 1970/1332/1212 1971/1333/1213 1972/1334/1214
f 1970/1332/1212 1972/1334/1214 1973/1335/1215
f 1974/1336/1216 1975/1337/1206 1976/1338/1217
f 1974/1336/1216 1976/1338/1217 1977/1339/1218
f 1978/1340/1219 1974/1336/1216 1977/1339/1218
f 1978/1340/1219 1977/1339/1218 1979/1341/1220
f 1980/1342/1192 1978/1340/1219 1979/1341/1220
f 1980/1342/1192 1979/1341/1220 1981/1343/1221
f 1982/1344/1222 1983/1345/1223 1984/1346/1224
f 1982/1344/1222 1984/1346/1224 1985/1347/1181
f 1986/1348/1225 1928/1290/1174 1931/1293/1177
f 1986/1348/1225 1931/1293/1177 1987/1349/1226
f 1988/1350/1227 1989/1351/1228 1990/1352/1229
f 1988/1350/1227 1990/1352/1229 1991/1353/1230
f 1992/1354/1231 1989/1351/1228 1988/1350/1227
f 1992/1354/1231 1988/1350/1227 1993/1355/1232
f 1994/1356/1233 1995/1357/1234 1996/1358/1235
f 1994/1356/1233 1996/1358/1235 1997/1359/1236
f 1998/1360/1237 1999/1361/1238 2000/1362/1239
f 1998/1360/1237 2000/1362/1239 2001/1363/1240
f 2000/1362/1239 1999/1361/1238 2002/1364/1241
f 2000/1362/1239 2002/1364/1241 2003/1365/1242
f 2003/1365/1242 2002/1364/1241 2004/1366/1243
f 2003/1365/1242 2004/1366/1243 2005/1367/1244
f 2006/1368/1245 2007/1369/1246 2008/1370/1181
f 2006/1368/1245 2008/1370/1181 2009/1371/1181
f 2010/1372/1247 2011/1373/1248 2012/1374/1249
f 2010/1372/1247 2012/1374/1249 2013/1375/1250
f 2014/1376/1251 2003/1365/1242 2005/1367/1244
f 2014/1376/1251 2005/1367/1244 2015/1377/1252
f 2016/1378/1253 2000/1362/1239 2003/1365/1242
f 2016/1378/1253 2003/1365/1242 2014/1376/1251
f 2001/1363/1240 2000/1362/1239 2016/1378/1253
f 2001/1363/1240 2016/1378/1253 2017/1379/1254
f 1995/1357/1234 2018/1380/1255 2019/1381/1256
f 1995/1357/1234 2019/1381/1256 1996/1358/1235
f 2020/1382/1257 2021/1383/1258 1989/1351/1228
f 2020/1382/1257 1989/1351/1228 1992/1354/1231
f 1989/1351/1228 2021/1383/1258 2022/1384/1259
f 1989/1351/1228 2022/1384/1259 1990/1352/1229
f 2011/1373/1248 2023/1385/1260 2024/1386/1261
f 2011/1373/1248 2024/1386/1261 2012/1374/1249
f 2007/1369/1246 2025/1387/1262 2026/1388/1181
f 2007/1369/1246 2026/1388/1181 2008/1370/1181
f 2027/1389/1263 2028/1390/1264 2029/1391/1265
f 2027/1389/1263 2029/1391/1265 2030/1392/1266
f 2031/1393/1267 2028/1390/1264 2027/1389/1263
f 2031/1393/1267 2027/1389/1263 2032/1394/1268
f 2033/1395/1269 2007/1369/1246 2006/1368/1245
f 2033/1395/1269 2006/1368/1245 2034/1396/1270
f 2035/1397/1271 2025/1387/1262 2007/1369/1246
f 2035/1397/1271 2007/1369/1246 2033/1395/1269
f 2036/1398/1272 2037/1399/1273 2038/1400/1274
f 2036/1398/1272 2038/1400/1274 2039/1401/1275
f 2040/1402/1276 2041/1403/1277 2037/1399/1273
f 2040/1402/1276 2037/1399/1273 2036/1398/1272
f 1924/1286/1170 2042/1404/1278 2043/1405/1279
f 1924/1286/1170 2043/1405/1279 1925/1287/1171
f 2044/1406/1280 2042/1404/1278 1924/1286/1170
f 2044/1406/1280 1924/1286/1170 1927/1289/1173
f 2012/1374/1249 2045/1407/1281 2046/1408/1282
f 2012/1374/1249 2046/1408/1282 2013/1375/1250
f 2024/1386/1261 2047/1409/1283 2045/1407/1281
f 2024/1386/1261 2045/1407/1281 2012/1374/1249
f 1931/1293/1177 2048/1410/1284 2049/1411/1285
f 1931/1293/1177 2049/1411/1285 1987/1349/1226
f 1930/1292/1176 2050/1412/1286 2048/1410/1284
f 1930/1292/1176 2048/1410/1284 1931/1293/1177
f 2045/1407/1281 2051/1413/1287 2052/1414/1288
f 2045/1407/1281 2052/1414/1288 2046/1408/1282
f 2053/1415/1289 2042/1404/1278 2044/1406/1280
f 2053/1415/1289 2044/1406/1280 2054/1416/1290
f 2042/1404/1278 2053/1415/1289 2055/1417/1291
f 2042/1404/1278 2055/1417/1291 2043/1405/1279
f 2050/1412/1286 2056/1418/1292 2057/1419/1293
f 2050/1412/1286 2057/1419/1293 2048/1410/1284
f 2048/1410/1284 2057/1419/1293 2058/1420/1294
f 2048/1410/1284 2058/1420/1294 2049/1411/1285
f 2047/1409/1283 2059/1421/1295 2051/1413/1287
f 2047/1409/1283 2051/1413/1287 2045/1407/1281
f 1979/1341/1220 2014/1376/1251 2015/1377/1252
f 1979/1341/1220 2015/1377/1252 1981/1343/1221
f 1977/1339/1218 2016/1378/1253 2014/1376/1251
f 1977/1339/1218 2014/1376/1251 1979/1341/1220
f 2017/1379/1254 2016/1378/1253 1977/1339/1218
f 2017/1379/1254 1977/1339/1218 1976/1338/1217
f 2018/1380/1255 1970/1332/1212 1973/1335/1215
f 2018/1380/1255 1973/1335/1215 2019/1381/1256
f 1969/1331/1211 1967/1329/1209 2021/1383/1258
f 1969/1331/1211 2021/1383/1258 2020/1382/1257
f 2021/1383/1258 1967/1329/1209 1968/1330/1210
f 2021/1383/1258 1968/1330/1210 2022/1384/1259
f 2023/1385/1260 1986/1348/1225 1987/1349/1226
f 2023/1385/1260 1987/1349/1226 2024/1386/1261
f 2049/1411/1285 2047/1409/1283 2024/1386/1261
f 2049/1411/1285 2024/1386/1261 1987/1349/1226
f 2059/1421/1295 2047/1409/1283 2049/1411/1285
f 2059/1421/1295 2049/1411/1285 2058/1420/1294
f 2038/1400/1274 2025/1387/1262 2035/1397/1271
f 2038/1400/1274 2035/1397/1271 2039/1401/1275
f 2025/1387/1262 1982/1344/1222 1985/1347/1181
f 2025/1387/1262 1985/1347/1181 2026/1388/1181
f 1950/1312/1195 1988/1350/1227 1991/1353/1230
f 1950/1312/1195 1991/1353/1230 1951/1313/1196
f 1993/1355/1232 1988/1350/1227 1950/1312/1195
f 1993/1355/1232 1950/1312/1195 1961/1323/1204
f 1944/1306/1189 1994/1356/1233 1997/1359/1236
f 1944/1306/1189 1997/1359/1236 1945/1307/1190
f 1965/1327/1208 1956/1318/1200 1999/1361/1238
f 1965/1327/1208 1999/1361/1238 1998/1360/1237
f 1999/1361/1238 1956/1318/1200 1936/1298/1182
f 1999/1361/1238 1936/1298/1182 2002/1364/1241
f 2002/1364/1241 1936/1298/1182 1939/1301/1185
f 2002/1364/1241 1939/1301/1185 2004/1366/1243
f 1934/1296/1180 2006/1368/1245 2009/1371/1181
f 1934/1296/1180 2009/1371/1181 1935/1297/1181
f 2034/1396/1270 2006/1368/1245 2031/1393/1267
f 2034/1396/1270 2031/1393/1267 2032/1394/1268
f 2046/1408/1282 2052/1414/1288 2054/1416/1290
f 2046/1408/1282 2054/1416/1290 2044/1406/1280
f 2013/1375/1250 2046/1408/1282 2044/1406/1280
f 2013/1375/1250 2044/1406/1280 1927/1289/1173
f 1926/1288/1172 2010/1372/1247 2013/1375/1250
f 1926/1288/1172 2013/1375/1250 1927/1289/1173
f 2053/1415/1289 2027/1389/1263 2030/1392/1266
f 2053/1415/1289 2030/1392/1266 2055/1417/1291
f 2032/1394/1268 2027/1389/1263 2053/1415/1289
f 2032/1394/1268 2053/1415/1289 2054/1416/1290
f 2052/1414/1288 2034/1396/1270 2032/1394/1268
f 2052/1414/1288 2032/1394/1268 2054/1416/1290
f 2051/1413/1287 2033/1395/1269 2034/1396/1270
f 2051/1413/1287 2034/1396/1270 2052/1414/1288
f 2059/1421/1295 2035/1397/1271 2033/1395/1269
f 2059/1421/1295 2033/1395/1269 2051/1413/1287
f 2039/1401/1275 2035/1397/1271 2059/1421/1295
f 2039/1401/1275 2059/1421/1295 2058/1420/1294
f 2057/1419/1293 2036/1398/1272 2039/1401/1275
f 2057/1419/1293 2039/1401/1275 2058/1420/1294
f 2056/1418/1292 2040/1402/1276 2036/1398/1272
f 2056/1418/1292 2036/1398/1272 2057/1419/1293
f 1966/1328/1207 1943/1305/1188 1942/1304/1187
f 1966/1328/1207 1942/1304/1187 1960/1322/1203
f 1944/1306/1189 1943/1305/1188 1964/1326/1207
f 1944/1306/1189 1964/1326/1207 1965/1327/1208
f 1994/1356/1233 1944/1306/1189 1965/1327/1208
f 1994/1356/1233 1965/1327/1208 1998/1360/1237
f 1995/1357/1234 1994/1356/1233 1998/1360/1237
f 1995/1357/1234 1998/1360/1237 2001/1363/1240
f 2018/1380/1255 1995/1357/1234 2001/1363/1240
f 2018/1380/1255 2001/1363/1240 2017/1379/1254
f 1970/1332/1212 2018/1380/1255 2017/1379/1254
f 1970/1332/1212 2017/1379/1254 1976/1338/1217
f 1975/1337/1206 1971/1333/1213 1970/1332/1212
f 1975/1337/1206 1970/1332/1212 1976/1338/1217
f 1962/1324/1205 1972/1334/1214 1971/1333/1213
f 1962/1324/1205 1971/1333/1213 1963/1325/1206
f 1973/1335/1215 1972/1334/1214 1962/1324/1205
f 1973/1335/1215 1962/1324/1205 1969/1331/1211
f 2019/1381/1256 1973/1335/1215 1969/1331/1211
f 2019/1381/1256 1969/1331/1211 2020/1382/1257
f 1996/1358/1235 2019/1381/1256 2020/1382/1257
f 1996/1358/1235 2020/1382/1257 1992/1354/1231
f 1997/1359/1236 1996/1358/1235 1992/1354/1231
f 1997/1359/1236 1992/1354/1231 1993/1355/1232
f 1945/1307/1190 1997/1359/1236 1993/1355/1232
f 1945/1307/1190 1993/1355/1232 1961/1323/1204
f 1960/1322/1203 1942/1304/1187 1945/1307/1190
f 1960/1322/1203 1945/1307/1190 1961/1323/1204
f 2060/836/1296 2061/837/1297 2062/838/1298
f 2060/836/1296 2062/838/1298 2063/839/1299
f 2064/837/1300 2065/840/1301 2066/841/1302
f 2064/837/1300 2066/841/1302 2067/838/1303
f 2068/840/1304 2069/842/1304 2070/843/1305
f 2068/840/1304 2070/843/1305 2071/841/1305
f 2072/842/1306 2073/844/1306 2074/845/1307
f 2072/842/1306 2074/845/1307 2075/843/1307
f 2076/844/1308 2077/846/1308 2078/847/1308
f 2076/844/1308 2078/847/1308 2079/845/1308
f 2080/846/1309 2081/848/1309 2082/849/1309
f 2080/846/1309 2082/849/1309 2083/847/1309
f 2084/854/1310 2085/853/1311 2086/850/1310
f 2084/854/1310 2086/850/1310 2087/855/1312
f 2084/854/1310 2088/851/1313 2089/852/1311
f 2084/854/1310 2089/852/1311 2085/853/1311
f 2090/1117/1314 2091/1120/1314 2092/1119/1314
f 2090/1117/1314 2092/1119/1314 2093/1118/1315
f 2094/1118/1316 2095/1119/1316 2096/1122/1316
f 2094/1118/1316 2096/1122/1316 2097/1121/1316
f 2098/1121/1317 2099/1122/1317 2100/1124/1317
f 2098/1121/1317 2100/1124/1317 2101/1123/1317
f 2102/1123/1318 2103/1124/1318 2104/1126/1318
f 2102/1123/1318 2104/1126/1318 2105/1125/1318
f 2106/1125/1319 2107/1126/1319 2108/1128/1319
f 2106/1125/1319 2108/1128/1319 2109/1127/1319
f 2110/1127/1320 2111/1128/1320 2112/1130/1320
f 2110/1127/1320 2112/1130/1320 2113/1129/1320
f 2114/1132/66 2115/1131/66 2116/1134/66
f 2114/1132/66 2116/1134/66 2117/1133/66
f 2118/1135/66 2115/1131/66 2114/1132/66
f 2118/1135/66 2114/1132/66 2119/1136/1321
f 2120/490/1322 2121/491/1322 2122/492/1322
f 2120/490/1322 2122/492/1322 2123/493/1322
f 2124/491/1323 2125/494/1324 2126/495/1323
f 2124/491/1323 2126/495/1323 2127/492/1323
f 2128/494/1325 2129/496/1325 2130/497/1325
f 2128/494/1325 2130/497/1325 2131/495/1325
f 2132/496/1326 2133/498/1327 2134/499/1326
f 2132/496/1326 2134/499/1326 2135/497/1326
f 2136/498/1328 2137/500/1328 2138/501/1328
f 2136/498/1328 2138/501/1328 2139/499/1328
f 2140/500/1329 2141/502/1329 2142/503/1329
f 2140/500/1329 2142/503/1329 2143/501/1329
f 2144/508/25 2145/507/25 2146/504/25
f 2144/508/25 2146/504/25 2147/509/25
f 2144/508/25 2148/505/25 2149/506/25
f 2144/508/25 2149/506/25 2145/507/25
f 2150/1422/984 2151/1423/984 2152/1424/984
f 2150/1422/984 2152/1424/984 2153/1425/984
f 2154/1423/442 2155/1426/442 2156/1427/442
f 2154/1423/442 2156/1427/442 2157/1424/837
f 2158/1426/34 2159/1428/34 2160/1429/34
f 2158/1426/34 2160/1429/34 2161/1427/34
f 2162/1428/443 2163/1430/443 2164/1431/443
f 2162/1428/443 2164/1431/443 2165/1429/443
f 2166/1430/486 2167/1432/486 2168/1433/444
f 2166/1430/486 2168/1433/444 2169/1431/444
f 2170/1432/446 2171/1434/446 2172/1435/446
f 2170/1432/446 2172/1435/446 2173/1433/446
f 2174/1436/20 2175/1437/20 2176/1438/717
f 2174/1436/20 2176/1438/717 2177/1439/20
f 2178/1440/20 2179/1441/447 2175/1437/20
f 2178/1440/20 2175/1437/20 2174/1436/20
f 2180/1442/1330 2181/1443/1331 2182/1444/1332
f 2180/1442/1330 2182/1444/1332 2183/1445/1333
f 2181/1443/1331 2184/1446/1334 2185/1447/1335
f 2181/1443/1331 2185/1447/1335 2182/1444/1332
f 2186/1448/1336 2180/1442/1330 2183/1445/1333
f 2186/1448/1336 2183/1445/1333 2187/1449/1337
f 2188/1450/1338 2186/1448/1336 2187/1449/1337
f 2188/1450/1338 2187/1449/1337 2189/1451/1339
f 2190/1452/1340 2188/1450/1338 2189/1451/1339
f 2190/1452/1340 2189/1451/1339 2191/1453/1341
f 2192/1454/1342 2190/1452/1340 2191/1453/1341
f 2192/1454/1342 2191/1453/1341 2193/1455/1343
f 2194/1456/1344 2192/1454/1342 2193/1455/1343
f 2194/1456/1344 2193/1455/1343 2195/1457/1345
f 2196/1458/1346 2194/1456/1344 2195/1457/1345
f 2196/1458/1346 2195/1457/1345 2197/1459/1347
f 2198/1460/1348 2196/1458/1346 2197/1459/1347
f 2198/1460/1348 2197/1459/1347 2199/1461/1349
f 2200/1462/1350 2198/1460/1348 2199/1461/1349
f 2200/1462/1350 2199/1461/1349 2201/1463/1351
f 2202/1464/1352 2200/1462/1350 2201/1463/1351
f 2202/1464/1352 2201/1463/1351 2203/1465/1353
f 2204/1466/1354 2202/1464/1352 2203/1465/1353
f 2204/1466/1354 2203/1465/1353 2205/1467/1355
f 2206/1468/1356 2204/1466/1354 2205/1467/1355
f 2206/1468/1356 2205/1467/1355 2207/1469/1357
f 2208/1470/1358 2206/1468/1356 2207/1469/1357
f 2208/1470/1358 2207/1469/1357 2209/1471/1359
f 2210/1472/1360 2208/1470/1358 2209/1471/1359
f 2210/1472/1360 2209/1471/1359 2211/1473/1361
f 2212/1474/1362 2210/1472/1360 2211/1473/1361
f 2212/1474/1362 2211/1473/1361 2213/1475/1363
f 2214/1476/1364 2212/1474/1362 2213/1475/1363
f 2214/1476/1364 2213/1475/1363 2215/1477/1365
f 2216/1478/1366 2214/1476/1364 2215/1477/1365
f 2216/1478/1366 2215/1477/1365 2217/1479/1367
f 2218/1480/1368 2216/1478/1366 2217/1479/1367
f 2218/1480/1368 2217/1479/1367 2219/1481/1369
f 2184/1446/1334 2218/1480/1368 2219/1481/1369
f 2184/1446/1334 2219/1481/1369 2185/1447/1335
f 2220/1482/1370 2221/1483/1371 2222/1484/1372
f 2220/1482/1370 2222/1484/1372 2223/1485/1373
f 2221/1483/1371 2220/1482/1370 2224/1486/1374
f 2221/1483/1371 2224/1486/1374 2225/1487/1375
f 2225/1487/1375 2224/1486/1374 2226/1488/1376
f 2225/1487/1375 2226/1488/1376 2227/1489/1377
f 2227/1489/1377 2226/1488/1376 2228/1490/1378
f 2227/1489/1377 2228/1490/1378 2229/1491/1379
f 2229/1491/1379 2228/1490/1378 2230/1492/1380
f 2229/1491/1379 2230/1492/1380 2231/1493/1381
f 2231/1493/1381 2230/1492/1380 2232/1494/1382
f 2231/1493/1381 2232/1494/1382 2233/1495/1383
f 2233/1495/1383 2232/1494/1382 2234/1496/1384
f 2233/1495/1383 2234/1496/1384 2235/1497/1385
f 2235/1497/1385 2234/1496/1384 2236/1498/1386
f 2235/1497/1385 2236/1498/1386 2237/1499/1387
f 2237/1499/1387 2236/1498/1386 2238/1500/1388
f 2237/1499/1387 2238/1500/1388 2239/1501/1389
f 2239/1501/1389 2238/1500/1388 2240/1502/1390
f 2239/1501/1389 2240/1502/1390 2241/1503/1391
f 2241/1503/1391 2240/1502/1390 2242/1504/1392
f 2241/1503/1391 2242/1504/1392 2243/1505/1393
f 2243/1505/1393 2242/1504/1392 2244/1506/1394
f 2243/1505/1393 2244/1506/1394 2245/1507/1395
f 2245/1507/1395 2244/1506/1394 2246/1508/1396
f 2245/1507/1395 2246/1508/1396 2247/1509/1397
f 2247/1509/1397 2246/1508/1396 2248/1510/1398
f 2247/1509/1397 2248/1510/1398 2249/1511/1399
f 2249/1511/1399 2248/1510/1398 2250/1512/1400
f 2249/1511/1399 2250/1512/1400 2251/1513/1401
f 2251/1513/1401 2250/1512/1400 2252/1514/1402
f 2251/1513/1401 2252/1514/1402 2253/1515/1403
f 2253/1515/1403 2252/1514/1402 2254/1516/1404
f 2253/1515/1403 2254/1516/1404 2255/1517/1405
f 2255/1517/1405 2254/1516/1404 2256/1518/1406
f 2255/1517/1405 2256/1518/1406 2257/1519/1407
f 2257/1519/1407 2256/1518/1406 2258/1520/1408
f 2257/1519/1407 2258/1520/1408 2259/1521/1409
f 2259/1521/1409 2258/1520/1408 2223/1485/1373
f 2259/1521/1409 2223/1485/1373 2222/1484/1372
f 2260/1522/1410 2261/1523/1411 2262/1524/1412
f 2260/1522/1410 2262/1524/1412 2263/1525/1413
f 2261/1523/1411 2264/1526/1414 2265/1527/1415
f 2261/1523/1411 2265/1527/1415 2262/1524/1412
f 2264/1526/1414 2266/1528/1416 2267/1529/1417
f 2264/1526/1414 2267/1529/1417 2265/1527/1415
f 2266/1528/1416 2268/1530/1418 2269/1531/1419
f 2266/1528/1416 2269/1531/1419 2267/1529/1417
f 2268/1530/1418 2270/1532/1420 2271/1533/1421
f 2268/1530/1418 2271/1533/1421 2269/1531/1419
f 2270/1532/1420 2272/1534/1422 2273/1535/1423
f 2270/1532/1420 2273/1535/1423 2271/1533/1421
f 2272/1534/1422 2274/1536/1424 2275/1537/1425
f 2272/1534/1422 2275/1537/1425 2273/1535/1423
f 2274/1536/1424 2276/1538/1426 2277/1539/1427
f 2274/1536/1424 2277/1539/1427 2275/1537/1425
f 2276/1538/1426 2278/1540/1428 2279/1541/1429
f 2276/1538/1426 2279/1541/1429 2277/1539/1427
f 2278/1540/1428 2280/1542/1430 2281/1543/1431
f 2278/1540/1428 2281/1543/1431 2279/1541/1429
f 2280/1542/1430 2282/1544/1432 2283/1545/1433
f 2280/1542/1430 2283/1545/1433 2281/1543/1431
f 2282/1544/1432 2284/1546/1434 2285/1547/1435
f 2282/1544/1432 2285/1547/1435 2283/1545/1433
f 2284/1546/1434 2286/1548/1436 2287/1549/1437
f 2284/1546/1434 2287/1549/1437 2285/1547/1435
f 2286/1548/1436 2288/1550/1438 2289/1551/1439
f 2286/1548/1436 2289/1551/1439 2287/1549/1437
f 2288/1550/1438 2290/1552/1440 2291/1553/1441
f 2288/1550/1438 2291/1553/1441 2289/1551/1439
f 2292/1554/1442 2293/1555/1443 2294/1556/1444
f 2292/1554/1442 2294/1556/1444 2295/1557/1445
f 2293/1555/1443 2296/1558/1446 2297/1559/1447
f 2293/1555/1443 2297/1559/1447 2294/1556/1444
f 2296/1558/1446 2298/1560/1448 2299/1561/1449
f 2296/1558/1446 2299/1561/1449 2297/1559/1447
f 2298/1560/1448 2300/1562/1450 2301/1563/1451
f 2298/1560/1448 2301/1563/1451 2299/1561/1449
f 2300/1562/1450 2260/1522/1410 2263/1525/1413
f 2300/1562/1450 2263/1525/1413 2301/1563/1451
f 2302/1444/1452 2303/1447/1453 2304/1564/1453
f 2302/1444/1452 2304/1564/1453 2305/1565/1454
f 2306/1445/1455 2302/1444/1452 2305/1565/1454
f 2306/1445/1455 2305/1565/1454 2307/1566/1456
f 2308/1449/1457 2306/1445/1455 2307/1566/1456
f 2308/1449/1457 2307/1566/1456 2309/1567/1457
f 2310/1451/1458 2308/1449/1457 2309/1567/1457
f 2310/1451/1458 2309/1567/1457 2311/1568/1458
f 2312/1453/1459 2310/1451/1458 2311/1568/1458
f 2312/1453/1459 2311/1568/1458 2313/1569/1459
f 2314/1455/1460 2312/1453/1459 2313/1569/1459
f 2314/1455/1460 2313/1569/1459 2315/1570/1460
f 2316/1457/1461 2314/1455/1460 2315/1570/1460
f 2316/1457/1461 2315/1570/1460 2317/1571/1461
f 2318/1459/1462 2316/1457/1461 2317/1571/1461
f 2318/1459/1462 2317/1571/1461 2319/1572/1463
f 2320/1461/1464 2318/1459/1462 2319/1572/1463
f 2320/1461/1464 2319/1572/1463 2321/1573/1465
f 2322/1463/1466 2320/1461/1464 2321/1573/1465
f 2322/1463/1466 2321/1573/1465 2323/1574/1466
f 2324/1465/1467 2322/1463/1466 2323/1574/1466
f 2324/1465/1467 2323/1574/1466 2325/1575/1468
f 2326/1467/1469 2324/1465/1467 2325/1575/1468
f 2326/1467/1469 2325/1575/1468 2327/1576/1470
f 2328/1469/1471 2326/1467/1469 2327/1576/1470
f 2328/1469/1471 2327/1576/1470 2329/1577/1472
f 2330/1471/1473 2328/1469/1471 2329/1577/1472
f 2330/1471/1473 2329/1577/1472 2331/1578/1474
f 2332/1473/1475 2330/1471/1473 2331/1578/1474
f 2332/1473/1475 2331/1578/1474 2333/1579/1476
f 2334/1475/1477 2332/1473/1475 2333/1579/1476
f 2334/1475/1477 2333/1579/1476 2335/1580/1477
f 2336/1477/1478 2334/1475/1477 2335/1580/1477
f 2336/1477/1478 2335/1580/1477 2337/1581/1478
f 2338/1479/1479 2336/1477/1478 2337/1581/1478
f 2338/1479/1479 2337/1581/1478 2339/1582/1480
f 2340/1481/1481 2338/1479/1479 2339/1582/1480
f 2340/1481/1481 2339/1582/1480 2341/1583/1482
f 2303/1447/1453 2340/1481/1481 2341/1583/1482
f 2303/1447/1453 2341/1583/1482 2304/1564/1453
f 2342/1584/1483 2343/1585/1484 2344/1586/1485
f 2342/1584/1483 2344/1586/1485 2345/1587/1486
f 2346/1588/1487 2342/1584/1483 2345/1587/1486
f 2346/1588/1487 2345/1587/1486 2347/1589/1488
f 2343/1585/1484 2348/1590/1489 2349/1591/1490
f 2343/1585/1484 2349/1591/1490 2344/1586/1485
f 2348/1590/1489 2350/1592/1491 2351/1593/1492
f 2348/1590/1489 2351/1593/1492 2349/1591/1490
f 2350/1592/1491 2352/1594/1493 2353/1595/1493
f 2350/1592/1491 2353/1595/1493 2351/1593/1492
f 2352/1594/1493 2354/1596/1494 2355/1597/1495
f 2352/1594/1493 2355/1597/1495 2353/1595/1493
f 2354/1596/1494 2356/1598/1496 2357/1599/1497
f 2354/1596/1494 2357/1599/1497 2355/1597/1495
f 2356/1598/1496 2358/1600/1498 2359/1601/1499
f 2356/1598/1496 2359/1601/1499 2357/1599/1497
f 2358/1600/1498 2360/1602/1500 2361/1603/1501
f 2358/1600/1498 2361/1603/1501 2359/1601/1499
f 2360/1602/1500 2362/1604/1502 2363/1605/1503
f 2360/1602/1500 2363/1605/1503 2361/1603/1501
f 2362/1604/1502 2364/1606/1504 2365/1607/1505
f 2362/1604/1502 2365/1607/1505 2363/1605/1503
f 2364/1606/1504 2366/1608/1506 2367/1609/1507
f 2364/1606/1504 2367/1609/1507 2365/1607/1505
f 2366/1608/1506 2368/1610/1508 2369/1611/1509
f 2366/1608/1506 2369/1611/1509 2367/1609/1507
f 2368/1610/1508 2370/1612/1510 2371/1613/1510
f 2368/1610/1508 2371/1613/1510 2369/1611/1509
f 2370/1612/1510 2372/1614/1511 2373/1615/1511
f 2370/1612/1510 2373/1615/1511 2371/1613/1510
f 2372/1614/1511 2374/1616/1512 2375/1617/1513
f 2372/1614/1511 2375/1617/1513 2373/1615/1511
f 2374/1616/1512 2376/1618/1514 2377/1619/1515
f 2374/1616/1512 2377/1619/1515 2375/1617/1513
f 2376/1618/1514 2378/1620/1516 2379/1621/1517
f 2376/1618/1514 2379/1621/1517 2377/1619/1515
f 2378/1620/1516 2380/1622/1518 2381/1623/1519
f 2378/1620/1516 2381/1623/1519 2379/1621/1517
f 2380/1622/1518 2346/1588/1487 2347/1589/1488
f 2380/1622/1518 2347/1589/1488 2381/1623/1519
f 2382/1587/1520 2383/1586/1521 2384/1624/1522
f 2382/1587/1520 2384/1624/1522 2385/1625/1523
f 2386/1589/1524 2382/1587/1520 2385/1625/1523
f 2386/1589/1524 2385/1625/1523 2387/1626/1525
f 2383/1586/1521 2388/1591/1526 2389/1627/1527
f 2383/1586/1521 2389/1627/1527 2384/1624/1522
f 2388/1591/1526 2390/1593/1528 2391/1628/1529
f 2388/1591/1526 2391/1628/1529 2389/1627/1527
f 2390/1593/1528 2392/1595/1530 2393/1629/1530
f 2390/1593/1528 2393/1629/1530 2391/1628/1529
f 2392/1595/1530 2394/1597/1531 2395/1630/1531
f 2392/1595/1530 2395/1630/1531 2393/1629/1530
f 2394/1597/1531 2396/1599/1532 2397/1631/1533
f 2394/1597/1531 2397/1631/1533 2395/1630/1531
f 2396/1599/1532 2398/1601/1534 2399/1632/1535
f 2396/1599/1532 2399/1632/1535 2397/1631/1533
f 2398/1601/1534 2400/1603/1536 2401/1633/1537
f 2398/1601/1534 2401/1633/1537 2399/1632/1535
f 2400/1603/1536 2402/1605/1538 2403/1634/1539
f 2400/1603/1536 2403/1634/1539 2401/1633/1537
f 2402/1605/1538 2404/1607/1540 2405/1635/1541
f 2402/1605/1538 2405/1635/1541 2403/1634/1539
f 2404/1607/1540 2406/1609/1542 2407/1636/1543
f 2404/1607/1540 2407/1636/1543 2405/1635/1541
f 2406/1609/1542 2408/1611/1544 2409/1637/1545
f 2406/1609/1542 2409/1637/1545 2407/1636/1543
f 2408/1611/1544 2410/1613/1546 2411/1638/1546
f 2408/1611/1544 2411/1638/1546 2409/1637/1545
f 2410/1613/1546 2412/1615/1547 2413/1639/1547
f 2410/1613/1546 2413/1639/1547 2411/1638/1546
f 2412/1615/1547 2414/1617/1548 2415/1640/1548
f 2412/1615/1547 2415/1640/1548 2413/1639/1547
f 2414/1617/1548 2416/1619/1549 2417/1641/1550
f 2414/1617/1548 2417/1641/1550 2415/1640/1548
f 2416/1619/1549 2418/1621/1551 2419/1642/1552
f 2416/1619/1549 2419/1642/1552 2417/1641/1550
f 2418/1621/1551 2420/1623/1553 2421/1643/1554
f 2418/1621/1551 2421/1643/1554 2419/1642/1552
f 2420/1623/1553 2386/1589/1524 2387/1626/1525
f 2420/1623/1553 2387/1626/1525 2421/1643/1554
f 2422/1625/1555 2423/1624/1556 2424/1644/1557
f 2422/1625/1555 2424/1644/1557 2425/1645/1555
f 2426/1626/1558 2422/1625/1555 2425/1645/1555
f 2426/1626/1558 2425/1645/1555 2427/1646/1558
f 2423/1624/1556 2428/1627/1559 2429/1647/1559
f 2423/1624/1556 2429/1647/1559 2424/1644/1557
f 2428/1627/1559 2430/1628/1560 2431/1648/1560
f 2428/1627/1559 2431/1648/1560 2429/1647/1559
f 2430/1628/1560 2432/1629/1561 2433/1649/1561
f 2430/1628/1560 2433/1649/1561 2431/1648/1560
f 2432/1629/1561 2434/1630/1562 2435/1650/1562
f 2432/1629/1561 2435/1650/1562 2433/1649/1561
f 2434/1630/1562 2436/1631/1563 2437/1651/1564
f 2434/1630/1562 2437/1651/1564 2435/1650/1562
f 2436/1631/1563 2438/1632/1565 2439/1652/1565
f 2436/1631/1563 2439/1652/1565 2437/1651/1564
f 2438/1632/1565 2440/1633/1566 2441/1653/1566
f 2438/1632/1565 2441/1653/1566 2439/1652/1565
f 2440/1633/1566 2442/1634/1567 2443/1654/1568
f 2440/1633/1566 2443/1654/1568 2441/1653/1566
f 2442/1634/1567 2444/1635/1569 2445/1655/1569
f 2442/1634/1567 2445/1655/1569 2443/1654/1568
f 2444/1635/1569 2446/1636/1570 2447/1656/1570
f 2444/1635/1569 2447/1656/1570 2445/1655/1569
f 2446/1636/1570 2448/1637/1571 2449/1657/1571
f 2446/1636/1570 2449/1657/1571 2447/1656/1570
f 2448/1637/1571 2450/1638/1572 2451/1658/1572
f 2448/1637/1571 2451/1658/1572 2449/1657/1571
f 2450/1638/1572 2452/1639/1573 2453/1659/1573
f 2450/1638/1572 2453/1659/1573 2451/1658/1572
f 2452/1639/1573 2454/1640/1574 2455/1660/1574
f 2452/1639/1573 2455/1660/1574 2453/1659/1573
f 2454/1640/1574 2456/1641/1575 2457/1661/1575
f 2454/1640/1574 2457/1661/1575 2455/1660/1574
f 2456/1641/1575 2458/1642/1576 2459/1662/1576
f 2456/1641/1575 2459/1662/1576 2457/1661/1575
f 2458/1642/1576 2460/1643/1577 2461/1663/1577
f 2458/1642/1576 2461/1663/1577 2459/1662/1576
f 2460/1643/1577 2426/1626/1558 2427/1646/1558
f 2460/1643/1577 2427/1646/1558 2461/1663/1577
f 2462/1664/1578 2463/1665/1579 2464/1666/1580
f 2462/1664/1578 2464/1666/1580 2465/1667/1581
f 2466/1668/1582 2462/1664/1578 2465/1667/1581
f 2466/1668/1582 2465/1667/1581 2467/1669/1583
f 2463/1665/1579 2468/1670/1584 2469/1671/1585
f 2463/1665/1579 2469/1671/1585 2464/1666/1580
f 2468/1670/1584 2470/1672/1586 2471/1673/1587
f 2468/1670/1584 2471/1673/1587 2469/1671/1585
f 2470/1672/1586 2472/1674/1588 2473/1675/1588
f 2470/1672/1586 2473/1675/1588 2471/1673/1587
f 2472/1674/1588 2474/1676/1589 2475/1677/1590
f 2472/1674/1588 2475/1677/1590 2473/1675/1588
f 2474/1676/1589 2476/1678/1591 2477/1679/1592
f 2474/1676/1589 2477/1679/1592 2475/1677/1590
f 2476/1678/1591 2478/1680/1593 2479/1681/1594
f 2476/1678/1591 2479/1681/1594 2477/1679/1592
f 2478/1680/1593 2480/1682/1595 2481/1683/1596
f 2478/1680/1593 2481/1683/1596 2479/1681/1594
f 2480/1682/1595 2482/1684/1597 2483/1685/1598
f 2480/1682/1595 2483/1685/1598 2481/1683/1596
f 2482/1684/1597 2484/1686/1599 2485/1687/1600
f 2482/1684/1597 2485/1687/1600 2483/1685/1598
f 2484/1686/1599 2486/1688/1601 2487/1689/1602
f 2484/1686/1599 2487/1689/1602 2485/1687/1600
f 2486/1688/1601 2488/1690/1603 2489/1691/1603
f 2486/1688/1601 2489/1691/1603 2487/1689/1602
f 2488/1690/1603 2490/1692/1604 2491/1693/1605
f 2488/1690/1603 2491/1693/1605 2489/1691/1603
f 2490/1692/1604 2492/1694/1606 2493/1695/1606
f 2490/1692/1604 2493/1695/1606 2491/1693/1605
f 2494/1696/1607 2495/1697/1608 2496/1698/1608
f 2494/1696/1607 2496/1698/1608 2497/1699/1607
f 2495/1697/1608 2498/1700/1609 2499/1701/1610
f 2495/1697/1608 2499/1701/1610 2496/1698/1608
f 2498/1700/1609 2500/1702/1611 2501/1703/1612
f 2498/1700/1609 2501/1703/1612 2499/1701/1610
f 2500/1702/1611 2502/1704/1613 2503/1705/1614
f 2500/1702/1611 2503/1705/1614 2501/1703/1612
f 2502/1704/1613 2466/1668/1582 2467/1669/1583
f 2502/1704/1613 2467/1669/1583 2503/1705/1614
f 2504/1706/1615 2505/1707/1616 2506/1708/1617
f 2504/1706/1615 2506/1708/1617 2507/1709/1618
f 2505/1707/1616 2508/1710/1619 2509/1711/1619
f 2505/1707/1616 2509/1711/1619 2506/1708/1617
f 2508/1710/1619 2510/1712/1619 2511/1713/1617
f 2508/1710/1619 2511/1713/1617 2509/1711/1619
f 2510/1712/1619 2512/1714/1619 2513/1715/1617
f 2510/1712/1619 2513/1715/1617 2511/1713/1617
f 2512/1714/1619 2514/1716/1617 2515/1717/1617
f 2512/1714/1619 2515/1717/1617 2513/1715/1617
f 2514/1716/1617 2516/1718/1617 2517/1719/1617
f 2514/1716/1617 2517/1719/1617 2515/1717/1617
f 2516/1718/1617 2518/1720/1617 2519/1721/1617
f 2516/1718/1617 2519/1721/1617 2517/1719/1617
f 2518/1720/1617 2520/1722/1620 2521/1723/1616
f 2518/1720/1617 2521/1723/1616 2519/1721/1617
f 2520/1722/1620 2522/1724/1618 2523/1725/1620
f 2520/1722/1620 2523/1725/1620 2521/1723/1616
f 2524/1726/1621 2525/1727/1622 2221/1483/1371
f 2524/1726/1621 2221/1483/1371 2225/1487/1375
f 2525/1727/1622 2526/1728/1623 2222/1484/1372
f 2525/1727/1622 2222/1484/1372 2221/1483/1371
f 2527/1729/1624 2524/1726/1621 2225/1487/1375
f 2527/1729/1624 2225/1487/1375 2227/1489/1377
f 2526/1728/1623 2528/1730/1625 2259/1521/1409
f 2526/1728/1623 2259/1521/1409 2222/1484/1372
f 2529/1731/1626 2527/1729/1624 2227/1489/1377
f 2529/1731/1626 2227/1489/1377 2229/1491/1379
f 2530/1732/1627 2529/1731/1626 2229/1491/1379
f 2530/1732/1627 2229/1491/1379 2231/1493/1381
f 2531/1733/1628 2530/1732/1627 2231/1493/1381
f 2531/1733/1628 2231/1493/1381 2233/1495/1383
f 2532/1734/1629 2531/1733/1628 2233/1495/1383
f 2532/1734/1629 2233/1495/1383 2235/1497/1385
f 2533/1735/1630 2532/1734/1629 2235/1497/1385
f 2533/1735/1630 2235/1497/1385 2237/1499/1387
f 2534/1736/1631 2533/1735/1630 2237/1499/1387
f 2534/1736/1631 2237/1499/1387 2239/1501/1389
f 2535/1737/1632 2534/1736/1631 2239/1501/1389
f 2535/1737/1632 2239/1501/1389 2241/1503/1391
f 2536/1738/1633 2535/1737/1632 2241/1503/1391
f 2536/1738/1633 2241/1503/1391 2243/1505/1393
f 2537/1739/1634 2536/1738/1633 2243/1505/1393
f 2537/1739/1634 2243/1505/1393 2245/1507/1395
f 2538/1740/1635 2537/1739/1634 2245/1507/1395
f 2538/1740/1635 2245/1507/1395 2247/1509/1397
f 2539/1741/1636 2538/1740/1635 2247/1509/1397
f 2539/1741/1636 2247/1509/1397 2249/1511/1399
f 2540/1742/1637 2539/1741/1636 2249/1511/1399
f 2540/1742/1637 2249/1511/1399 2251/1513/1401
f 2541/1743/1638 2540/1742/1637 2251/1513/1401
f 2541/1743/1638 2251/1513/1401 2253/1515/1403
f 2542/1744/1639 2541/1743/1638 2253/1515/1403
f 2542/1744/1639 2253/1515/1403 2255/1517/1405
f 2543/1745/1640 2542/1744/1639 2255/1517/1405
f 2543/1745/1640 2255/1517/1405 2257/1519/1407
f 2528/1730/1625 2543/1745/1640 2257/1519/1407
f 2528/1730/1625 2257/1519/1407 2259/1521/1409
f 2544/1584/1641 2545/1746/1642 2546/1747/1643
f 2544/1584/1641 2546/1747/1643 2547/1585/1644
f 2545/1746/1642 2544/1584/1641 2548/1588/1645
f 2545/1746/1642 2548/1588/1645 2549/1748/1646
f 2547/1585/1644 2546/1747/1643 2550/1749/1647
f 2547/1585/1644 2550/1749/1647 2551/1590/1648
f 2551/1590/1648 2550/1749/1647 2552/1750/1649
f 2551/1590/1648 2552/1750/1649 2553/1592/1650
f 2553/1592/1650 2552/1750/1649 2554/1751/1651
f 2553/1592/1650 2554/1751/1651 2555/1594/1652
f 2555/1594/1652 2554/1751/1651 2556/1752/1653
f 2555/1594/1652 2556/1752/1653 2557/1596/1654
f 2557/1596/1654 2556/1752/1653 2558/1753/1655
f 2557/1596/1654 2558/1753/1655 2559/1598/1656
f 2559/1598/1656 2558/1753/1655 2560/1754/1657
f 2559/1598/1656 2560/1754/1657 2561/1600/1658
f 2561/1600/1658 2560/1754/1657 2562/1755/1659
f 2561/1600/1658 2562/1755/1659 2563/1602/1660
f 2563/1602/1660 2562/1755/1659 2564/1756/1661
f 2563/1602/1660 2564/1756/1661 2565/1604/1662
f 2565/1604/1662 2564/1756/1661 2566/1757/1663
f 2565/1604/1662 2566/1757/1663 2567/1606/1664
f 2567/1606/1664 2566/1757/1663 2568/1758/1665
f 2567/1606/1664 2568/1758/1665 2569/1608/1666
f 2569/1608/1666 2568/1758/1665 2570/1759/1667
f 2569/1608/1666 2570/1759/1667 2571/1610/1668
f 2571/1610/1668 2570/1759/1667 2572/1760/1669
f 2571/1610/1668 2572/1760/1669 2573/1612/1670
f 2573/1612/1670 2572/1760/1669 2574/1761/1671
f 2573/1612/1670 2574/1761/1671 2575/1614/1671
f 2575/1614/1671 2574/1761/1671 2576/1762/1672
f 2575/1614/1671 2576/1762/1672 2577/1616/1673
f 2577/1616/1673 2576/1762/1672 2578/1763/1674
f 2577/1616/1673 2578/1763/1674 2579/1618/1675
f 2579/1618/1675 2578/1763/1674 2580/1764/1676
f 2579/1618/1675 2580/1764/1676 2581/1620/1677
f 2581/1620/1677 2580/1764/1676 2582/1765/1678
f 2581/1620/1677 2582/1765/1678 2583/1622/1679
f 2583/1622/1679 2582/1765/1678 2549/1748/1646
f 2583/1622/1679 2549/1748/1646 2548/1588/1645
f 2584/1766/1680 2585/1767/1681 2586/1768/1682
f 2584/1766/1680 2586/1768/1682 2587/1769/1683
f 2588/1770/1684 2584/1766/1680 2587/1769/1683
f 2588/1770/1684 2587/1769/1683 2589/1771/1685
f 2590/1772/1686 2588/1770/1684 2589/1771/1685
f 2590/1772/1686 2589/1771/1685 2591/1773/1687
f 2592/1774/1688 2590/1772/1686 2591/1773/1687
f 2592/1774/1688 2591/1773/1687 2593/1775/1689
f 2594/1776/1690 2592/1774/1688 2593/1775/1689
f 2594/1776/1690 2593/1775/1689 2595/1777/1691
f 2596/1778/1692 2594/1776/1690 2595/1777/1691
f 2596/1778/1692 2595/1777/1691 2597/1779/1693
f 2598/1780/1694 2599/1781/1695 2600/1782/1696
f 2598/1780/1694 2600/1782/1696 2601/1783/1697
f 2602/1784/1698 2598/1780/1694 2601/1783/1697
f 2602/1784/1698 2601/1783/1697 2603/1785/1699
f 2604/1786/1700 2602/1784/1698 2603/1785/1699
f 2604/1786/1700 2603/1785/1699 2605/1787/1701
f 2606/1788/1702 2604/1786/1700 2605/1787/1701
f 2606/1788/1702 2605/1787/1701 2607/1789/1703
f 2608/1790/1704 2606/1788/1702 2607/1789/1703
f 2608/1790/1704 2607/1789/1703 2609/1791/1705
f 2610/1792/1706 2608/1790/1704 2609/1791/1705
f 2610/1792/1706 2609/1791/1705 2611/1793/1707
f 2612/1794/1708 2610/1792/1706 2611/1793/1707
f 2612/1794/1708 2611/1793/1707 2613/1795/1709
f 2614/1796/1710 2612/1794/1708 2613/1795/1709
f 2614/1796/1710 2613/1795/1709 2615/1797/1711
f 2616/1798/1712 2614/1796/1710 2615/1797/1711
f 2616/1798/1712 2615/1797/1711 2617/1799/1713
f 2618/1800/1714 2616/1798/1712 2617/1799/1713
f 2618/1800/1714 2617/1799/1713 2619/1801/1715
f 2620/1802/1716 2618/1800/1714 2619/1801/1715
f 2620/1802/1716 2619/1801/1715 2621/1803/1717
f 2622/1804/1718 2620/1802/1716 2621/1803/1717
f 2622/1804/1718 2621/1803/1717 2623/1805/1719
f 2624/1806/1720 2622/1804/1718 2623/1805/1719
f 2624/1806/1720 2623/1805/1719 2625/1807/1721
f 2585/1767/1681 2624/1806/1720 2625/1807/1721
f 2585/1767/1681 2625/1807/1721 2586/1768/1682
f 2626/1808/1722 2627/1809/1723 2585/1767/1681
f 2626/1808/1722 2585/1767/1681 2584/1766/1680
f 2628/1810/1724 2626/1808/1722 2584/1766/1680
f 2628/1810/1724 2584/1766/1680 2588/1770/1684
f 2629/1811/1725 2628/1810/1724 2588/1770/1684
f 2629/1811/1725 2588/1770/1684 2590/1772/1686
f 2630/1812/1726 2629/1811/1725 2590/1772/1686
f 2630/1812/1726 2590/1772/1686 2592/1774/1688
f 2631/1813/1727 2630/1812/1726 2592/1774/1688
f 2631/1813/1727 2592/1774/1688 2594/1776/1690
f 2632/1814/1728 2631/1813/1727 2594/1776/1690
f 2632/1814/1728 2594/1776/1690 2596/1778/1692
f 2633/1815/1729 2634/1816/1730 2599/1781/1695
f 2633/1815/1729 2599/1781/1695 2598/1780/1694
f 2635/1817/1731 2633/1815/1729 2598/1780/1694
f 2635/1817/1731 2598/1780/1694 2602/1784/1698
f 2636/1818/1732 2635/1817/1731 2602/1784/1698
f 2636/1818/1732 2602/1784/1698 2604/1786/1700
f 2637/1819/1733 2636/1818/1732 2604/1786/1700
f 2637/1819/1733 2604/1786/1700 2606/1788/1702
f 2638/1820/1734 2637/1819/1733 2606/1788/1702
f 2638/1820/1734 2606/1788/1702 2608/1790/1704
f 2639/1821/1735 2638/1820/1734 2608/1790/1704
f 2639/1821/1735 2608/1790/1704 2610/1792/1706
f 2640/1822/1736 2639/1821/1735 2610/1792/1706
f 2640/1822/1736 2610/1792/1706 2612/1794/1708
f 2641/1823/1737 2640/1822/1736 2612/1794/1708
f 2641/1823/1737 2612/1794/1708 2614/1796/1710
f 2642/1824/1738 2641/1823/1737 2614/1796/1710
f 2642/1824/1738 2614/1796/1710 2616/1798/1712
f 2643/1825/1739 2642/1824/1738 2616/1798/1712
f 2643/1825/1739 2616/1798/1712 2618/1800/1714
f 2644/1826/1740 2643/1825/1739 2618/1800/1714
f 2644/1826/1740 2618/1800/1714 2620/1802/1716
f 2645/1827/1741 2644/1826/1740 2620/1802/1716
f 2645/1827/1741 2620/1802/1716 2622/1804/1718
f 2646/1828/1742 2645/1827/1741 2622/1804/1718
f 2646/1828/1742 2622/1804/1718 2624/1806/1720
f 2627/1809/1723 2646/1828/1742 2624/1806/1720
f 2627/1809/1723 2624/1806/1720 2585/1767/1681
f 2263/1525/1413 2262/1524/1412 2627/1809/1723
f 2263/1525/1413 2627/1809/1723 2626/1808/1722
f 2301/1563/1451 2263/1525/1413 2626/1808/1722
f 2301/1563/1451 2626/1808/1722 2628/1810/1724
f 2299/1561/1449 2301/1563/1451 2628/1810/1724
f 2299/1561/1449 2628/1810/1724 2629/1811/1725
f 2297/1559/1447 2299/1561/1449 2629/1811/1725
f 2297/1559/1447 2629/1811/1725 2630/1812/1726
f 2294/1556/1444 2297/1559/1447 2630/1812/1726
f 2294/1556/1444 2630/1812/1726 2631/1813/1727
f 2295/1557/1445 2294/1556/1444 2631/1813/1727
f 2295/1557/1445 2631/1813/1727 2632/1814/1728
f 2289/1551/1439 2291/1553/1441 2634/1816/1730
f 2289/1551/1439 2634/1816/1730 2633/1815/1729
f 2287/1549/1437 2289/1551/1439 2633/1815/1729
f 2287/1549/1437 2633/1815/1729 2635/1817/1731
f 2285/1547/1435 2287/1549/1437 2635/1817/1731
f 2285/1547/1435 2635/1817/1731 2636/1818/1732
f 2283/1545/1433 2285/1547/1435 2636/1818/1732
f 2283/1545/1433 2636/1818/1732 2637/1819/1733
f 2281/1543/1431 2283/1545/1433 2637/1819/1733
f 2281/1543/1431 2637/1819/1733 2638/1820/1734
f 2279/1541/1429 2281/1543/1431 2638/1820/1734
f 2279/1541/1429 2638/1820/1734 2639/1821/1735
f 2277/1539/1427 2279/1541/1429 2639/1821/1735
f 2277/1539/1427 2639/1821/1735 2640/1822/1736
f 2275/1537/1425 2277/1539/1427 2640/1822/1736
f 2275/1537/1425 2640/1822/1736 2641/1823/1737
f 2273/1535/1423 2275/1537/1425 2641/1823/1737
f 2273/1535/1423 2641/1823/1737 2642/1824/1738
f 2271/1533/1421 2273/1535/1423 2642/1824/1738
f 2271/1533/1421 2642/1824/1738 2643/1825/1739
f 2269/1531/1419 2271/1533/1421 2643/1825/1739
f 2269/1531/1419 2643/1825/1739 2644/1826/1740
f 2267/1529/1417 2269/1531/1419 2644/1826/1740
f 2267/1529/1417 2644/1826/1740 2645/1827/1741
f 2265/1527/1415 2267/1529/1417 2645/1827/1741
f 2265/1527/1415 2645/1827/1741 2646/1828/1742
f 2262/1524/1412 2265/1527/1415 2646/1828/1742
f 2262/1524/1412 2646/1828/1742 2627/1809/1723
f 2647/1829/1743 2648/1830/1744 2649/1831/1744
f 2647/1829/1743 2649/1831/1744 2650/1832/1745
f 2648/1830/1744 2651/1833/1746 2652/1834/1746
f 2648/1830/1744 2652/1834/1746 2649/1831/1744
f 2651/1833/1746 2653/1835/34 2654/1836/34
f 2651/1833/1746 2654/1836/34 2652/1834/1746
f 2653/1835/34 2655/1837/1747 2656/1838/1747
f 2653/1835/34 2656/1838/1747 2654/1836/34
f 2655/1837/1747 2657/1839/1748 2658/1840/1748
f 2655/1837/1747 2658/1840/1748 2656/1838/1747
f 2657/1839/1748 2659/1841/1749 2660/1842/1750
f 2657/1839/1748 2660/1842/1750 2658/1840/1748
f 2647/1829/1743 2650/1832/1745 2661/1843/66
f 2647/1829/1743 2661/1843/66 2662/1844/66
f 2660/1842/1750 2659/1841/1749 2663/1845/25
f 2660/1842/1750 2663/1845/25 2664/1846/25
f 2665/1847/25 2666/1848/25 2667/1849/25
f 2665/1847/25 2667/1849/25 2668/1850/25
f 2669/1851/66 2670/1852/66 2671/1853/66
f 2669/1851/66 2671/1853/66 2672/1854/66
f 2673/1847/7 2674/1855/7 2675/1856/7
f 2673/1847/7 2675/1856/7 2676/1857/7
f 2677/1858/985 2678/1859/20 2679/1860/20
f 2677/1858/985 2679/1860/20 2680/1861/852
f 2674/1855/7 2681/1862/7 2682/1863/7
f 2674/1855/7 2682/1863/7 2675/1856/7
f 2683/1864/448 2677/1858/985 2680/1861/852
f 2683/1864/448 2680/1861/852 2684/1865/448
f 2681/1862/7 2685/1866/7 2686/1867/7
f 2681/1862/7 2686/1867/7 2682/1863/7
f 2687/1868/20 2683/1864/448 2684/1865/448
f 2687/1868/20 2684/1865/448 2688/1869/20
f 2685/1866/7 2689/1870/7 2690/1871/7
f 2685/1866/7 2690/1871/7 2686/1867/7
f 2691/1872/20 2687/1868/20 2688/1869/20
f 2691/1872/20 2688/1869/20 2692/1873/20
f 2689/1870/7 2693/1874/1751 2694/1875/1751
f 2689/1870/7 2694/1875/1751 2690/1871/7
f 2695/1876/20 2691/1872/20 2692/1873/20
f 2695/1876/20 2692/1873/20 2696/1877/20
f 2693/1874/1751 2697/1854/7 2698/1878/7
f 2693/1874/1751 2698/1878/7 2694/1875/1751
f 2699/1879/853 2695/1876/20 2696/1877/20
f 2699/1879/853 2696/1877/20 2700/1880/853
f 2678/1859/20 2701/1881/20 2702/1882/20
f 2678/1859/20 2702/1882/20 2679/1860/20
f 2703/1848/7 2673/1847/7 2676/1857/7
f 2703/1848/7 2676/1857/7 2704/1883/7
f 2697/1854/7 2705/1853/7 2706/1884/7
f 2697/1854/7 2706/1884/7 2698/1878/7
f 2707/1885/853 2699/1879/853 2700/1880/853
f 2707/1885/853 2700/1880/853 2708/1886/853
f 2709/1887/1752 2710/1888/1753 2711/1889/1753
f 2709/1887/1752 2711/1889/1753 2712/1890/1752
f 2713/1891/1754 2714/1892/1755 2715/1893/1755
f 2713/1891/1754 2715/1893/1755 2716/1894/1754
f 2714/1892/1755 2717/1895/34 2718/1896/34
f 2714/1892/1755 2718/1896/34 2715/1893/1755
f 2717/1895/34 2709/1887/1752 2712/1890/1752
f 2717/1895/34 2712/1890/1752 2718/1896/34
f 2719/490/1756 2720/491/1757 2721/492/1757
f 2719/490/1756 2721/492/1757 2722/493/1756
f 2723/491/1758 2724/494/1759 2725/495/1759
f 2723/491/1758 2725/495/1759 2726/492/1758
f 2727/494/1760 2728/496/1761 2729/497/1761
f 2727/494/1760 2729/497/1761 2730/495/1760
f 2731/496/1762 2732/498/1762 2733/499/1762
f 2731/496/1762 2733/499/1762 2734/497/1762
f 2735/498/1763 2736/500/1764 2737/501/1764
f 2735/498/1763 2737/501/1764 2738/499/1763
f 2739/500/1765 2740/502/1766 2741/503/1765
f 2739/500/1765 2741/503/1765 2742/501/1767
f 2743/508/25 2744/505/25 2745/504/25
f 2743/508/25 2745/504/25 2746/509/25
f 2745/504/25 2744/505/25 2747/506/25
f 2745/504/25 2747/506/25 2748/507/25
f 2749/1897/25 2750/1898/25 2751/1899/1768
f 2749/1897/25 2751/1899/1768 2752/1900/1769
f 2752/1900/1769 2751/1899/1768 2753/1901/1770
f 2752/1900/1769 2753/1901/1770 2754/1902/1771
f 2754/1902/1771 2753/1901/1770 2755/1903/1772
f 2754/1902/1771 2755/1903/1772 2756/1904/1772
f 2757/1905/1773 2758/1906/1773 2753/1901/1770
f 2757/1905/1773 2753/1901/1770 2751/1899/1768
f 2759/1907/1774 2760/1908/1774 2752/1900/1769
f 2759/1907/1774 2752/1900/1769 2754/1902/1771
f 2761/1442/1775 2762/1445/1776 2763/1444/1777
f 2761/1442/1775 2763/1444/1777 2764/1443/1778
f 2764/1443/1778 2763/1444/1777 2765/1447/1779
f 2764/1443/1778 2765/1447/1779 2766/1446/1780
f 2767/1448/1781 2768/1449/1782 2762/1445/1776
f 2767/1448/1781 2762/1445/1776 2761/1442/1775
f 2769/1450/1783 2770/1451/1784 2768/1449/1782
f 2769/1450/1783 2768/1449/1782 2767/1448/1781
f 2771/1452/1785 2772/1453/1786 2770/1451/1784
f 2771/1452/1785 2770/1451/1784 2769/1450/1783
f 2773/1454/1787 2774/1455/1788 2772/1453/1786
f 2773/1454/1787 2772/1453/1786 2771/1452/1785
f 2775/1456/1789 2776/1457/1790 2774/1455/1788
f 2775/1456/1789 2774/1455/1788 2773/1454/1787
f 2777/1458/1791 2778/1459/1792 2776/1457/1790
f 2777/1458/1791 2776/1457/1790 2775/1456/1789
f 2779/1460/1793 2780/1461/1794 2778/1459/1792
f 2779/1460/1793 2778/1459/1792 2777/1458/1791
f 2781/1462/1795 2782/1463/1796 2780/1461/1794
f 2781/1462/1795 2780/1461/1794 2779/1460/1793
f 2783/1464/1797 2784/1465/1798 2782/1463/1796
f 2783/1464/1797 2782/1463/1796 2781/1462/1795
f 2785/1466/1799 2786/1467/1800 2784/1465/1798
f 2785/1466/1799 2784/1465/1798 2783/1464/1797
f 2787/1468/1801 2788/1469/1802 2786/1467/1800
f 2787/1468/1801 2786/1467/1800 2785/1466/1799
f 2789/1470/1803 2790/1471/1804 2788/1469/1802
f 2789/1470/1803 2788/1469/1802 2787/1468/1801
f 2791/1472/1805 2792/1473/1806 2790/1471/1804
f 2791/1472/1805 2790/1471/1804 2789/1470/1803
f 2793/1474/1807 2794/1475/1808 2792/1473/1806
f 2793/1474/1807 2792/1473/1806 2791/1472/1805
f 2795/1476/1809 2796/1477/1810 2794/1475/1808
f 2795/1476/1809 2794/1475/1808 2793/1474/1807
f 2797/1478/1811 2798/1479/1812 2796/1477/1810
f 2797/1478/1811 2796/1477/1810 2795/1476/1809
f 2799/1480/1813 2800/1481/1814 2798/1479/1812
f 2799/1480/1813 2798/1479/1812 2797/1478/1811
f 2766/1446/1780 2765/1447/1779 2800/1481/1814
f 2766/1446/1780 2800/1481/1814 2799/1480/1813
f 2801/1482/1815 2802/1485/1816 2803/1484/1817
f 2801/1482/1815 2803/1484/1817 2804/1483/1818
f 2804/1483/1818 2805/1487/1819 2806/1486/1820
f 2804/1483/1818 2806/1486/1820 2801/1482/1815
f 2805/1487/1819 2807/1489/1821 2808/1488/1822
f 2805/1487/1819 2808/1488/1822 2806/1486/1820
f 2807/1489/1821 2809/1491/1823 2810/1490/1824
f 2807/1489/1821 2810/1490/1824 2808/1488/1822
f 2809/1491/1823 2811/1493/1825 2812/1492/1826
f 2809/1491/1823 2812/1492/1826 2810/1490/1824
f 2811/1493/1825 2813/1495/1827 2814/1494/1828
f 2811/1493/1825 2814/1494/1828 2812/1492/1826
f 2813/1495/1827 2815/1497/1829 2816/1496/1830
f 2813/1495/1827 2816/1496/1830 2814/1494/1828
f 2815/1497/1829 2817/1499/1831 2818/1498/1832
f 2815/1497/1829 2818/1498/1832 2816/1496/1830
f 2817/1499/1831 2819/1501/1833 2820/1500/1834
f 2817/1499/1831 2820/1500/1834 2818/1498/1832
f 2819/1501/1833 2821/1503/1835 2822/1502/1836
f 2819/1501/1833 2822/1502/1836 2820/1500/1834
f 2821/1503/1835 2823/1505/1837 2824/1504/1838
f 2821/1503/1835 2824/1504/1838 2822/1502/1836
f 2823/1505/1837 2825/1507/1839 2826/1506/1840
f 2823/1505/1837 2826/1506/1840 2824/1504/1838
f 2825/1507/1839 2827/1509/1841 2828/1508/1842
f 2825/1507/1839 2828/1508/1842 2826/1506/1840
f 2827/1509/1841 2829/1511/1843 2830/1510/1844
f 2827/1509/1841 2830/1510/1844 2828/1508/1842
f 2829/1511/1843 2831/1513/1845 2832/1512/1846
f 2829/1511/1843 2832/1512/1846 2830/1510/1844
f 2831/1513/1845 2833/1515/1847 2834/1514/1848
f 2831/1513/1845 2834/1514/1848 2832/1512/1846
f 2833/1515/1847 2835/1517/1849 2836/1516/1850
f 2833/1515/1847 2836/1516/1850 2834/1514/1848
f 2835/1517/1849 2837/1519/1851 2838/1518/1852
f 2835/1517/1849 2838/1518/1852 2836/1516/1850
f 2837/1519/1851 2839/1521/1853 2840/1520/1854
f 2837/1519/1851 2840/1520/1854 2838/1518/1852
f 2839/1521/1853 2803/1484/1817 2802/1485/1816
f 2839/1521/1853 2802/1485/1816 2840/1520/1854
f 2841/1522/1855 2842/1525/1856 2843/1524/1857
f 2841/1522/1855 2843/1524/1857 2844/1523/1858
f 2844/1523/1858 2843/1524/1857 2845/1527/1859
f 2844/1523/1858 2845/1527/1859 2846/1526/1860
f 2846/1526/1860 2845/1527/1859 2847/1529/1861
f 2846/1526/1860 2847/1529/1861 2848/1528/1862
f 2848/1528/1862 2847/1529/1861 2849/1531/1863
f 2848/1528/1862 2849/1531/1863 2850/1530/1864
f 2850/1530/1864 2849/1531/1863 2851/1533/1865
f 2850/1530/1864 2851/1533/1865 2852/1532/1866
f 2852/1532/1866 2851/1533/1865 2853/1535/1867
f 2852/1532/1866 2853/1535/1867 2854/1534/1868
f 2854/1534/1868 2853/1535/1867 2855/1537/1869
f 2854/1534/1868 2855/1537/1869 2856/1536/1870
f 2856/1536/1870 2855/1537/1869 2857/1539/1871
f 2856/1536/1870 2857/1539/1871 2858/1538/1872
f 2858/1538/1872 2857/1539/1871 2859/1541/1873
f 2858/1538/1872 2859/1541/1873 2860/1540/1874
f 2860/1540/1874 2859/1541/1873 2861/1543/1875
f 2860/1540/1874 2861/1543/1875 2862/1542/1876
f 2862/1542/1876 2861/1543/1875 2863/1545/1877
f 2862/1542/1876 2863/1545/1877 2864/1544/1878
f 2864/1544/1878 2863/1545/1877 2865/1547/1879
f 2864/1544/1878 2865/1547/1879 2866/1546/1880
f 2866/1546/1880 2865/1547/1879 2867/1549/1881
f 2866/1546/1880 2867/1549/1881 2868/1548/1882
f 2868/1548/1882 2867/1549/1881 2869/1551/1883
f 2868/1548/1882 2869/1551/1883 2870/1550/1884
f 2870/1550/1884 2869/1551/1883 2871/1553/1885
f 2870/1550/1884 2871/1553/1885 2872/1552/1886
f 2873/1554/1887 2874/1557/1885 2875/1556/1888
f 2873/1554/1887 2875/1556/1888 2876/1555/1889
f 2876/1555/1889 2875/1556/1888 2877/1559/1890
f 2876/1555/1889 2877/1559/1890 2878/1558/1891
f 2878/1558/1891 2877/1559/1890 2879/1561/1892
f 2878/1558/1891 2879/1561/1892 2880/1560/1893
f 2880/1560/1893 2879/1561/1892 2881/1563/1894
f 2880/1560/1893 2881/1563/1894 2882/1562/1895
f 2882/1562/1895 2881/1563/1894 2842/1525/1856
f 2882/1562/1895 2842/1525/1856 2841/1522/1855
f 2883/1444/1896 2884/1565/1896 2885/1564/1897
f 2883/1444/1896 2885/1564/1897 2886/1447/1897
f 2887/1445/1898 2888/1566/1898 2884/1565/1896
f 2887/1445/1898 2884/1565/1896 2883/1444/1896
f 2889/1449/1899 2890/1567/1899 2888/1566/1898
f 2889/1449/1899 2888/1566/1898 2887/1445/1898
f 2891/1451/1900 2892/1568/1900 2890/1567/1899
f 2891/1451/1900 2890/1567/1899 2889/1449/1899
f 2893/1453/1901 2894/1569/1901 2892/1568/1900
f 2893/1453/1901 2892/1568/1900 2891/1451/1900
f 2895/1455/1902 2896/1570/1902 2894/1569/1901
f 2895/1455/1902 2894/1569/1901 2893/1453/1901
f 2897/1457/1903 2898/1571/1904 2896/1570/1902
f 2897/1457/1903 2896/1570/1902 2895/1455/1902
f 2899/1459/1905 2900/1572/1905 2898/1571/1904
f 2899/1459/1905 2898/1571/1904 2897/1457/1903
f 2901/1461/1906 2902/1573/1907 2900/1572/1905
f 2901/1461/1906 2900/1572/1905 2899/1459/1905
f 2903/1463/1908 2904/1574/1909 2902/1573/1907
f 2903/1463/1908 2902/1573/1907 2901/1461/1906
f 2905/1465/1910 2906/1575/1910 2904/1574/1909
f 2905/1465/1910 2904/1574/1909 2903/1463/1908
f 2907/1467/1911 2908/1576/1912 2906/1575/1910
f 2907/1467/1911 2906/1575/1910 2905/1465/1910
f 2909/1469/1913 2910/1577/1913 2908/1576/1912
f 2909/1469/1913 2908/1576/1912 2907/1467/1911
f 2911/1471/1914 2912/1578/1914 2910/1577/1913
f 2911/1471/1914 2910/1577/1913 2909/1469/1913
f 2913/1473/1915 2914/1579/1915 2912/1578/1914
f 2913/1473/1915 2912/1578/1914 2911/1471/1914
f 2915/1475/1916 2916/1580/1916 2914/1579/1915
f 2915/1475/1916 2914/1579/1915 2913/1473/1915
f 2917/1477/1917 2918/1581/1917 2916/1580/1916
f 2917/1477/1917 2916/1580/1916 2915/1475/1916
f 2919/1479/1918 2920/1582/1919 2918/1581/1917
f 2919/1479/1918 2918/1581/1917 2917/1477/1917
f 2921/1481/1920 2922/1583/1921 2920/1582/1919
f 2921/1481/1920 2920/1582/1919 2919/1479/1918
f 2886/1447/1897 2885/1564/1897 2922/1583/1921
f 2886/1447/1897 2922/1583/1921 2921/1481/1920
f 2923/1584/1922 2924/1587/1923 2925/1586/1924
f 2923/1584/1922 2925/1586/1924 2926/1585/1925
f 2927/1588/1926 2928/1589/1927 2924/1587/1923
f 2927/1588/1926 2924/1587/1923 2923/1584/1922
f 2926/1585/1925 2925/1586/1924 2929/1591/1928
f 2926/1585/1925 2929/1591/1928 2930/1590/1929
f 2930/1590/1929 2929/1591/1928 2931/1593/1930
f 2930/1590/1929 2931/1593/1930 2932/1592/1931
f 2932/1592/1931 2931/1593/1930 2933/1595/1932
f 2932/1592/1931 2933/1595/1932 2934/1594/1932
f 2934/1594/1932 2933/1595/1932 2935/1597/1933
f 2934/1594/1932 2935/1597/1933 2936/1596/1934
f 2936/1596/1934 2935/1597/1933 2937/1599/1935
f 2936/1596/1934 2937/1599/1935 2938/1598/1936
f 2938/1598/1936 2937/1599/1935 2939/1601/1937
f 2938/1598/1936 2939/1601/1937 2940/1600/1938
f 2940/1600/1938 2939/1601/1937 2941/1603/1939
f 2940/1600/1938 2941/1603/1939 2942/1602/1940
f 2942/1602/1940 2941/1603/1939 2943/1605/1941
f 2942/1602/1940 2943/1605/1941 2944/1604/1942
f 2944/1604/1942 2943/1605/1941 2945/1607/1943
f 2944/1604/1942 2945/1607/1943 2946/1606/1944
f 2946/1606/1944 2945/1607/1943 2947/1609/1945
f 2946/1606/1944 2947/1609/1945 2948/1608/1946
f 2948/1608/1946 2947/1609/1945 2949/1611/1947
f 2948/1608/1946 2949/1611/1947 2950/1610/1948
f 2950/1610/1948 2949/1611/1947 2951/1613/1949
f 2950/1610/1948 2951/1613/1949 2952/1612/1950
f 2952/1612/1950 2951/1613/1949 2953/1615/1951
f 2952/1612/1950 2953/1615/1951 2954/1614/1951
f 2954/1614/1951 2953/1615/1951 2955/1617/1952
f 2954/1614/1951 2955/1617/1952 2956/1616/1953
f 2956/1616/1953 2955/1617/1952 2957/1619/1954
f 2956/1616/1953 2957/1619/1954 2958/1618/1955
f 2958/1618/1955 2957/1619/1954 2959/1621/1956
f 2958/1618/1955 2959/1621/1956 2960/1620/1957
f 2960/1620/1957 2959/1621/1956 2961/1623/1958
f 2960/1620/1957 2961/1623/1958 2962/1622/1959
f 2962/1622/1959 2961/1623/1958 2928/1589/1927
f 2962/1622/1959 2928/1589/1927 2927/1588/1926
f 2963/1587/1960 2964/1625/1961 2965/1624/1962
f 2963/1587/1960 2965/1624/1962 2966/1586/1963
f 2967/1589/1964 2968/1626/1965 2964/1625/1961
f 2967/1589/1964 2964/1625/1961 2963/1587/1960
f 2966/1586/1963 2965/1624/1962 2969/1627/1966
f 2966/1586/1963 2969/1627/1966 2970/1591/1967
f 2970/1591/1967 2969/1627/1966 2971/1628/1968
f 2970/1591/1967 2971/1628/1968 2972/1593/1969
f 2972/1593/1969 2971/1628/1968 2973/1629/1970
f 2972/1593/1969 2973/1629/1970 2974/1595/1970
f 2974/1595/1970 2973/1629/1970 2975/1630/1971
f 2974/1595/1970 2975/1630/1971 2976/1597/1972
f 2976/1597/1972 2975/1630/1971 2977/1631/1973
f 2976/1597/1972 2977/1631/1973 2978/1599/1974
f 2978/1599/1974 2977/1631/1973 2979/1632/1975
f 2978/1599/1974 2979/1632/1975 2980/1601/1976
f 2980/1601/1976 2979/1632/1975 2981/1633/1977
f 2980/1601/1976 2981/1633/1977 2982/1603/1978
f 2982/1603/1978 2981/1633/1977 2983/1634/1979
f 2982/1603/1978 2983/1634/1979 2984/1605/1980
f 2984/1605/1980 2983/1634/1979 2985/1635/1981
f 2984/1605/1980 2985/1635/1981 2986/1607/1982
f 2986/1607/1982 2985/1635/1981 2987/1636/1983
f 2986/1607/1982 2987/1636/1983 2988/1609/1984
f 2988/1609/1984 2987/1636/1983 2989/1637/1985
f 2988/1609/1984 2989/1637/1985 2990/1611/1986
f 2990/1611/1986 2989/1637/1985 2991/1638/1987
f 2990/1611/1986 2991/1638/1987 2992/1613/1988
f 2992/1613/1988 2991/1638/1987 2993/1639/1989
f 2992/1613/1988 2993/1639/1989 2994/1615/1989
f 2994/1615/1989 2993/1639/1989 2995/1640/1990
f 2994/1615/1989 2995/1640/1990 2996/1617/1991
f 2996/1617/1991 2995/1640/1990 2997/1641/1992
f 2996/1617/1991 2997/1641/1992 2998/1619/1993
f 2998/1619/1993 2997/1641/1992 2999/1642/1994
f 2998/1619/1993 2999/1642/1994 3000/1621/1995
f 3000/1621/1995 2999/1642/1994 3001/1643/1996
f 3000/1621/1995 3001/1643/1996 3002/1623/1997
f 3002/1623/1997 3001/1643/1996 2968/1626/1965
f 3002/1623/1997 2968/1626/1965 2967/1589/1964
f 3003/1625/1998 3004/1645/1998 3005/1644/1999
f 3003/1625/1998 3005/1644/1999 3006/1624/2000
f 3007/1626/2001 3008/1646/2001 3004/1645/1998
f 3007/1626/2001 3004/1645/1998 3003/1625/1998
f 3006/1624/2000 3005/1644/1999 3009/1647/2002
f 3006/1624/2000 3009/1647/2002 3010/1627/2002
f 3010/1627/2002 3009/1647/2002 3011/1648/2003
f 3010/1627/2002 3011/1648/2003 3012/1628/2003
f 3012/1628/2003 3011/1648/2003 3013/1649/2004
f 3012/1628/2003 3013/1649/2004 3014/1629/2004
f 3014/1629/2004 3013/1649/2004 3015/1650/2005
f 3014/1629/2004 3015/1650/2005 3016/1630/2005
f 3016/1630/2005 3015/1650/2005 3017/1651/2006
f 3016/1630/2005 3017/1651/2006 3018/1631/2007
f 3018/1631/2007 3017/1651/2006 3019/1652/2008
f 3018/1631/2007 3019/1652/2008 3020/1632/2008
f 3020/1632/2008 3019/1652/2008 3021/1653/2009
f 3020/1632/2008 3021/1653/2009 3022/1633/2010
f 3022/1633/2010 3021/1653/2009 3023/1654/2011
f 3022/1633/2010 3023/1654/2011 3024/1634/2011
f 3024/1634/2011 3023/1654/2011 3025/1655/2012
f 3024/1634/2011 3025/1655/2012 3026/1635/2012
f 3026/1635/2012 3025/1655/2012 3027/1656/2013
f 3026/1635/2012 3027/1656/2013 3028/1636/2013
f 3028/1636/2013 3027/1656/2013 3029/1657/2014
f 3028/1636/2013 3029/1657/2014 3030/1637/2014
f 3030/1637/2014 3029/1657/2014 3031/1658/2015
f 3030/1637/2014 3031/1658/2015 3032/1638/2015
f 3032/1638/2015 3031/1658/2015 3033/1659/2016
f 3032/1638/2015 3033/1659/2016 3034/1639/2016
f 3034/1639/2016 3033/1659/2016 3035/1660/2017
f 3034/1639/2016 3035/1660/2017 3036/1640/2017
f 3036/1640/2017 3035/1660/2017 3037/1661/2018
f 3036/1640/2017 3037/1661/2018 3038/1641/2018
f 3038/1641/2018 3037/1661/2018 3039/1662/2019
f 3038/1641/2018 3039/1662/2019 3040/1642/2019
f 3040/1642/2019 3039/1662/2019 3041/1663/2020
f 3040/1642/2019 3041/1663/2020 3042/1643/2021
f 3042/1643/2021 3041/1663/2020 3008/1646/2001
f 3042/1643/2021 3008/1646/2001 3007/1626/2001
f 3043/1664/2022 3044/1667/2023 3045/1666/2024
f 3043/1664/2022 3045/1666/2024 3046/1665/2025
f 3047/1668/2026 3048/1669/2026 3044/1667/2023
f 3047/1668/2026 3044/1667/2023 3043/1664/2022
f 3046/1665/2025 3045/1666/2024 3049/1671/2027
f 3046/1665/2025 3049/1671/2027 3050/1670/2027
f 3050/1670/2027 3049/1671/2027 3051/1673/2028
f 3050/1670/2027 3051/1673/2028 3052/1672/2028
f 3052/1672/2028 3051/1673/2028 3053/1675/2029
f 3052/1672/2028 3053/1675/2029 3054/1674/2030
f 3054/1674/2030 3053/1675/2029 3055/1677/2031
f 3054/1674/2030 3055/1677/2031 3056/1676/2031
f 3056/1676/2031 3055/1677/2031 3057/1679/2032
f 3056/1676/2031 3057/1679/2032 3058/1678/2032
f 3058/1678/2032 3057/1679/2032 3059/1681/2033
f 3058/1678/2032 3059/1681/2033 3060/1680/2034
f 3060/1680/2034 3059/1681/2033 3061/1683/2035
f 3060/1680/2034 3061/1683/2035 3062/1682/2036
f 3062/1682/2036 3061/1683/2035 3063/1685/2037
f 3062/1682/2036 3063/1685/2037 3064/1684/2037
f 3064/1684/2037 3063/1685/2037 3065/1687/2038
f 3064/1684/2037 3065/1687/2038 3066/1686/2038
f 3066/1686/2038 3065/1687/2038 3067/1689/2039
f 3066/1686/2038 3067/1689/2039 3068/1688/2040
f 3068/1688/2040 3067/1689/2039 3069/1691/2041
f 3068/1688/2040 3069/1691/2041 3070/1690/2042
f 3070/1690/2042 3069/1691/2041 3071/1693/2043
f 3070/1690/2042 3071/1693/2043 3072/1692/2044
f 3072/1692/2044 3071/1693/2043 3073/1695/2045
f 3072/1692/2044 3073/1695/2045 3074/1694/2045
f 3075/1696/2046 3076/1699/2047 3077/1698/2048
f 3075/1696/2046 3077/1698/2048 3078/1697/2048
f 3078/1697/2048 3077/1698/2048 3079/1701/2049
f 3078/1697/2048 3079/1701/2049 3080/1700/2050
f 3080/1700/2050 3079/1701/2049 3081/1703/2051
f 3080/1700/2050 3081/1703/2051 3082/1702/2052
f 3082/1702/2052 3081/1703/2051 3083/1705/2053
f 3082/1702/2052 3083/1705/2053 3084/1704/2054
f 3084/1704/2054 3083/1705/2053 3048/1669/2026
f 3084/1704/2054 3048/1669/2026 3047/1668/2026
f 3085/1706/2055 3086/1709/2056 3087/1708/2057
f 3085/1706/2055 3087/1708/2057 3088/1707/2058
f 3088/1707/2058 3087/1708/2057 3089/1711/2057
f 3088/1707/2058 3089/1711/2057 3090/1710/2059
f 3090/1710/2059 3089/1711/2057 3091/1713/2058
f 3090/1710/2059 3091/1713/2058 3092/1712/2057
f 3092/1712/2057 3091/1713/2058 3093/1715/2058
f 3092/1712/2057 3093/1715/2058 3094/1714/2058
f 3094/1714/2058 3093/1715/2058 3095/1717/2058
f 3094/1714/2058 3095/1717/2058 3096/1716/2058
f 3096/1716/2058 3095/1717/2058 3097/1719/2060
f 3096/1716/2058 3097/1719/2060 3098/1718/2058
f 3098/1718/2058 3097/1719/2060 3099/1721/2058
f 3098/1718/2058 3099/1721/2058 3100/1720/2058
f 3100/1720/2058 3099/1721/2058 3101/1723/2061
f 3100/1720/2058 3101/1723/2061 3102/1722/2062
f 3102/1722/2062 3101/1723/2061 3103/1725/2062
f 3102/1722/2062 3103/1725/2062 3104/1724/2061
f 3105/1726/2063 2805/1487/1819 2804/1483/1818
f 3105/1726/2063 2804/1483/1818 3106/1727/2064
f 3106/1727/2064 2804/1483/1818 2803/1484/1817
f 3106/1727/2064 2803/1484/1817 3107/1728/2065
f 3108/1729/2066 2807/1489/1821 2805/1487/1819
f 3108/1729/2066 2805/1487/1819 3105/1726/2063
f 3107/1728/2065 2803/1484/1817 2839/1521/1853
f 3107/1728/2065 2839/1521/1853 3109/1730/2067
f 3110/1731/2068 2809/1491/1823 2807/1489/1821
f 3110/1731/2068 2807/1489/1821 3108/1729/2066
f 3111/1732/2069 2811/1493/1825 2809/1491/1823
f 3111/1732/2069 2809/1491/1823 3110/1731/2068
f 3112/1733/2070 2813/1495/1827 2811/1493/1825
f 3112/1733/2070 2811/1493/1825 3111/1732/2069
f 3113/1734/2071 2815/1497/1829 2813/1495/1827
f 3113/1734/2071 2813/1495/1827 3112/1733/2070
f 3114/1735/2072 2817/1499/1831 2815/1497/1829
f 3114/1735/2072 2815/1497/1829 3113/1734/2071
f 3115/1736/2073 2819/1501/1833 2817/1499/1831
f 3115/1736/2073 2817/1499/1831 3114/1735/2072
f 3116/1737/2074 2821/1503/1835 2819/1501/1833
f 3116/1737/2074 2819/1501/1833 3115/1736/2073
f 3117/1738/2075 2823/1505/1837 2821/1503/1835
f 3117/1738/2075 2821/1503/1835 3116/1737/2074
f 3118/1739/2076 2825/1507/1839 2823/1505/1837
f 3118/1739/2076 2823/1505/1837 3117/1738/2075
f 3119/1740/2077 2827/1509/1841 2825/1507/1839
f 3119/1740/2077 2825/1507/1839 3118/1739/2076
f 3120/1741/2078 2829/1511/1843 2827/1509/1841
f 3120/1741/2078 2827/1509/1841 3119/1740/2077
f 3121/1742/2079 2831/1513/1845 2829/1511/1843
f 3121/1742/2079 2829/1511/1843 3120/1741/2078
f 3122/1743/2080 2833/1515/1847 2831/1513/1845
f 3122/1743/2080 2831/1513/1845 3121/1742/2079
f 3123/1744/2081 2835/1517/1849 2833/1515/1847
f 3123/1744/2081 2833/1515/1847 3122/1743/2080
f 3124/1745/2082 2837/1519/1851 2835/1517/1849
f 3124/1745/2082 2835/1517/1849 3123/1744/2081
f 3109/1730/2067 2839/1521/1853 2837/1519/1851
f 3109/1730/2067 2837/1519/1851 3124/1745/2082
f 3125/1584/2083 3126/1585/2084 3127/1747/2085
f 3125/1584/2083 3127/1747/2085 3128/1746/2086
f 3128/1746/2086 3129/1748/2087 3130/1588/2088
f 3128/1746/2086 3130/1588/2088 3125/1584/2083
f 3126/1585/2084 3131/1590/2089 3132/1749/2090
f 3126/1585/2084 3132/1749/2090 3127/1747/2085
f 3131/1590/2089 3133/1592/2091 3134/1750/2092
f 3131/1590/2089 3134/1750/2092 3132/1749/2090
f 3133/1592/2091 3135/1594/2093 3136/1751/2093
f 3133/1592/2091 3136/1751/2093 3134/1750/2092
f 3135/1594/2093 3137/1596/2094 3138/1752/2095
f 3135/1594/2093 3138/1752/2095 3136/1751/2093
f 3137/1596/2094 3139/1598/2096 3140/1753/2097
f 3137/1596/2094 3140/1753/2097 3138/1752/2095
f 3139/1598/2096 3141/1600/2098 3142/1754/2099
f 3139/1598/2096 3142/1754/2099 3140/1753/2097
f 3141/1600/2098 3143/1602/2100 3144/1755/2101
f 3141/1600/2098 3144/1755/2101 3142/1754/2099
f 3143/1602/2100 3145/1604/2102 3146/1756/2103
f 3143/1602/2100 3146/1756/2103 3144/1755/2101
f 3145/1604/2102 3147/1606/2104 3148/1757/2105
f 3145/1604/2102 3148/1757/2105 3146/1756/2103
f 3147/1606/2104 3149/1608/2106 3150/1758/2107
f 3147/1606/2104 3150/1758/2107 3148/1757/2105
f 3149/1608/2106 3151/1610/2108 3152/1759/2109
f 3149/1608/2106 3152/1759/2109 3150/1758/2107
f 3151/1610/2108 3153/1612/2110 3154/1760/2111
f 3151/1610/2108 3154/1760/2111 3152/1759/2109
f 3153/1612/2110 3155/1614/2112 3156/1761/2112
f 3153/1612/2110 3156/1761/2112 3154/1760/2111
f 3155/1614/2112 3157/1616/2113 3158/1762/2114
f 3155/1614/2112 3158/1762/2114 3156/1761/2112
f 3157/1616/2113 3159/1618/2115 3160/1763/2116
f 3157/1616/2113 3160/1763/2116 3158/1762/2114
f 3159/1618/2115 3161/1620/2117 3162/1764/2118
f 3159/1618/2115 3162/1764/2118 3160/1763/2116
f 3161/1620/2117 3163/1622/2119 3164/1765/2120
f 3161/1620/2117 3164/1765/2120 3162/1764/2118
f 3163/1622/2119 3130/1588/2088 3129/1748/2087
f 3163/1622/2119 3129/1748/2087 3164/1765/2120
f 3165/1766/2121 3166/1769/2122 3167/1768/2123
f 3165/1766/2121 3167/1768/2123 3168/1767/2124
f 3169/1770/2125 3170/1771/2126 3166/1769/2122
f 3169/1770/2125 3166/1769/2122 3165/1766/2121
f 3171/1772/2127 3172/1773/2128 3170/1771/2126
f 3171/1772/2127 3170/1771/2126 3169/1770/2125
f 3173/1774/2129 3174/1775/2130 3172/1773/2128
f 3173/1774/2129 3172/1773/2128 3171/1772/2127
f 3175/1776/2131 3176/1777/2132 3174/1775/2130
f 3175/1776/2131 3174/1775/2130 3173/1774/2129
f 3177/1778/2133 3178/1779/2134 3176/1777/2132
f 3177/1778/2133 3176/1777/2132 3175/1776/2131
f 3179/1780/2135 3180/1783/2136 3181/1782/2137
f 3179/1780/2135 3181/1782/2137 3182/1781/2138
f 3183/1784/2139 3184/1785/2140 3180/1783/2136
f 3183/1784/2139 3180/1783/2136 3179/1780/2135
f 3185/1786/2141 3186/1787/2142 3184/1785/2140
f 3185/1786/2141 3184/1785/2140 3183/1784/2139
f 3187/1788/2143 3188/1789/2144 3186/1787/2142
f 3187/1788/2143 3186/1787/2142 3185/1786/2141
f 3189/1790/2145 3190/1791/2146 3188/1789/2144
f 3189/1790/2145 3188/1789/2144 3187/1788/2143
f 3191/1792/2147 3192/1793/2148 3190/1791/2146
f 3191/1792/2147 3190/1791/2146 3189/1790/2145
f 3193/1794/2149 3194/1795/2150 3192/1793/2148
f 3193/1794/2149 3192/1793/2148 3191/1792/2147
f 3195/1796/2151 3196/1797/2152 3194/1795/2150
f 3195/1796/2151 3194/1795/2150 3193/1794/2149
f 3197/1798/2153 3198/1799/2154 3196/1797/2152
f 3197/1798/2153 3196/1797/2152 3195/1796/2151
f 3199/1800/2155 3200/1801/2156 3198/1799/2154
f 3199/1800/2155 3198/1799/2154 3197/1798/2153
f 3201/1802/2157 3202/1803/2158 3200/1801/2156
f 3201/1802/2157 3200/1801/2156 3199/1800/2155
f 3203/1804/2159 3204/1805/2160 3202/1803/2158
f 3203/1804/2159 3202/1803/2158 3201/1802/2157
f 3205/1806/2161 3206/1807/2162 3204/1805/2160
f 3205/1806/2161 3204/1805/2160 3203/1804/2159
f 3168/1767/2124 3167/1768/2123 3206/1807/2162
f 3168/1767/2124 3206/1807/2162 3205/1806/2161
f 3207/1808/2163 3165/1766/2121 3168/1767/2124
f 3207/1808/2163 3168/1767/2124 3208/1809/2164
f 3209/1810/2165 3169/1770/2125 3165/1766/2121
f 3209/1810/2165 3165/1766/2121 3207/1808/2163
f 3210/1811/2166 3171/1772/2127 3169/1770/2125
f 3210/1811/2166 3169/1770/2125 3209/1810/2165
f 3211/1812/2167 3173/1774/2129 3171/1772/2127
f 3211/1812/2167 3171/1772/2127 3210/1811/2166
f 3212/1813/2168 3175/1776/2131 3173/1774/2129
f 3212/1813/2168 3173/1774/2129 3211/1812/2167
f 3213/1814/2169 3177/1778/2133 3175/1776/2131
f 3213/1814/2169 3175/1776/2131 3212/1813/2168
f 3214/1815/2170 3179/1780/2135 3182/1781/2138
f 3214/1815/2170 3182/1781/2138 3215/1816/2171
f 3216/1817/2172 3183/1784/2139 3179/1780/2135
f 3216/1817/2172 3179/1780/2135 3214/1815/2170
f 3217/1818/2173 3185/1786/2141 3183/1784/2139
f 3217/1818/2173 3183/1784/2139 3216/1817/2172
f 3218/1819/2174 3187/1788/2143 3185/1786/2141
f 3218/1819/2174 3185/1786/2141 3217/1818/2173
f 3219/1820/2175 3189/1790/2145 3187/1788/2143
f 3219/1820/2175 3187/1788/2143 3218/1819/2174
f 3220/1821/2176 3191/1792/2147 3189/1790/2145
f 3220/1821/2176 3189/1790/2145 3219/1820/2175
f 3221/1822/2177 3193/1794/2149 3191/1792/2147
f 3221/1822/2177 3191/1792/2147 3220/1821/2176
f 3222/1823/2178 3195/1796/2151 3193/1794/2149
f 3222/1823/2178 3193/1794/2149 3221/1822/2177
f 3223/1824/2179 3197/1798/2153 3195/1796/2151
f 3223/1824/2179 3195/1796/2151 3222/1823/2178
f 3224/1825/2180 3199/1800/2155 3197/1798/2153
f 3224/1825/2180 3197/1798/2153 3223/1824/2179
f 3225/1826/2181 3201/1802/2157 3199/1800/2155
f 3225/1826/2181 3199/1800/2155 3224/1825/2180
f 3226/1827/2182 3203/1804/2159 3201/1802/2157
f 3226/1827/2182 3201/1802/2157 3225/1826/2181
f 3227/1828/2183 3205/1806/2161 3203/1804/2159
f 3227/1828/2183 3203/1804/2159 3226/1827/2182
f 3208/1809/2164 3168/1767/2124 3205/1806/2161
f 3208/1809/2164 3205/1806/2161 3227/1828/2183
f 2842/1525/1856 3207/1808/2163 3208/1809/2164
f 2842/1525/1856 3208/1809/2164 2843/1524/1857
f 2881/1563/1894 3209/1810/2165 3207/1808/2163
f 2881/1563/1894 3207/1808/2163 2842/1525/1856
f 2879/1561/1892 3210/1811/2166 3209/1810/2165
f 2879/1561/1892 3209/1810/2165 2881/1563/1894
f 2877/1559/1890 3211/1812/2167 3210/1811/2166
f 2877/1559/1890 3210/1811/2166 2879/1561/1892
f 2875/1556/1888 3212/1813/2168 3211/1812/2167
f 2875/1556/1888 3211/1812/2167 2877/1559/1890
f 2874/1557/1885 3213/1814/2169 3212/1813/2168
f 2874/1557/1885 3212/1813/2168 2875/1556/1888
f 2869/1551/1883 3214/1815/2170 3215/1816/2171
f 2869/1551/1883 3215/1816/2171 2871/1553/1885
f 2867/1549/1881 3216/1817/2172 3214/1815/2170
f 2867/1549/1881 3214/1815/2170 2869/1551/1883
f 2865/1547/1879 3217/1818/2173 3216/1817/2172
f 2865/1547/1879 3216/1817/2172 2867/1549/1881
f 2863/1545/1877 3218/1819/2174 3217/1818/2173
f 2863/1545/1877 3217/1818/2173 2865/1547/1879
f 2861/1543/1875 3219/1820/2175 3218/1819/2174
f 2861/1543/1875 3218/1819/2174 2863/1545/1877
f 2859/1541/1873 3220/1821/2176 3219/1820/2175
f 2859/1541/1873 3219/1820/2175 2861/1543/1875
f 2857/1539/1871 3221/1822/2177 3220/1821/2176
f 2857/1539/1871 3220/1821/2176 2859/1541/1873
f 2855/1537/1869 3222/1823/2178 3221/1822/2177
f 2855/1537/1869 3221/1822/2177 2857/1539/1871
f 2853/1535/1867 3223/1824/2179 3222/1823/2178
f 2853/1535/1867 3222/1823/2178 2855/1537/1869
f 2851/1533/1865 3224/1825/2180 3223/1824/2179
f 2851/1533/1865 3223/1824/2179 2853/1535/1867
f 2849/1531/1863 3225/1826/2181 3224/1825/2180
f 2849/1531/1863 3224/1825/2180 2851/1533/1865
f 2847/1529/1861 3226/1827/2182 3225/1826/2181
f 2847/1529/1861 3225/1826/2181 2849/1531/1863
f 2845/1527/1859 3227/1828/2183 3226/1827/2182
f 2845/1527/1859 3226/1827/2182 2847/1529/1861
f 2843/1524/1857 3208/1809/2164 3227/1828/2183
f 2843/1524/1857 3227/1828/2183 2845/1527/1859
f 3228/836/2184 3229/837/2185 3230/838/2186
f 3228/836/2184 3230/838/2186 3231/839/2186
f 3232/837/2187 3233/840/2187 3234/841/2187
f 3232/837/2187 3234/841/2187 3235/838/2188
f 3236/840/2189 3237/842/2190 3238/843/2189
f 3236/840/2189 3238/843/2189 3239/841/2191
f 3240/842/2192 3241/844/2192 3242/845/2193
f 3240/842/2192 3242/845/2193 3243/843/2193
f 3244/844/2194 3245/846/2194 3246/847/2194
f 3244/844/2194 3246/847/2194 3247/845/2194
f 3248/846/2195 3249/848/2196 3250/849/2195
f 3248/846/2195 3250/849/2195 3251/847/2195
f 3252/854/2197 3253/851/2198 3254/852/20
f 3252/854/2197 3254/852/20 3255/855/853
f 3255/855/853 3254/852/20 3256/853/447
f 3255/855/853 3256/853/447 3257/850/986
f 3258/1117/2199 3259/1118/2199 3260/1119/2199
f 3258/1117/2199 3260/1119/2199 3261/1120/2200
f 3262/1118/2201 3263/1121/2201 3264/1122/2201
f 3262/1118/2201 3264/1122/2201 3265/1119/2202
f 3266/1121/2203 3267/1123/2203 3268/1124/2203
f 3266/1121/2203 3268/1124/2203 3269/1122/2203
f 3270/1123/2204 3271/1125/2204 3272/1126/2204
f 3270/1123/2204 3272/1126/2204 3273/1124/2204
f 3274/1125/2205 3275/1127/2206 3276/1128/2205
f 3274/1125/2205 3276/1128/2205 3277/1126/2207
f 3278/1127/2208 3279/1129/2209 3280/1130/2208
f 3278/1127/2208 3280/1130/2208 3281/1128/2208
f 3282/1131/25 3283/1132/25 3284/1133/25
f 3282/1131/25 3284/1133/25 3285/1134/25
f 3286/1135/25 3287/1136/2210 3283/1132/25
f 3286/1135/25 3283/1132/25 3282/1131/25
f 3288/1909/2211 3289/1910/2212 3290/1911/2213
f 3288/1909/2211 3290/1911/2213 3291/1912/2214
f 3292/1913/2215 3293/1914/2216 3294/1915/2217
f 3292/1913/2215 3294/1915/2217 3295/1916/2218
f 3289/1910/2212 3294/1915/2217 3293/1914/2216
f 3289/1910/2212 3293/1914/2216 3290/1911/2213
f 3296/1917/2219 3288/1909/2211 3291/1912/2214
f 3296/1917/2219 3291/1912/2214 3297/1918/2220
f 3298/1919/2221 3299/1920/2222 3300/1921/2222
f 3298/1919/2221 3300/1921/2222 3301/1922/2221
f 3302/1923/2223 3303/1924/2224 3304/1925/2224
f 3302/1923/2223 3304/1925/2224 3305/1926/2225
f 3303/1924/2224 3306/1927/2226 3307/1928/2227
f 3303/1924/2224 3307/1928/2227 3304/1925/2224
f 3306/1927/2226 3298/1919/2221 3301/1922/2221
f 3306/1927/2226 3301/1922/2221 3307/1928/2227
f 3308/1929/537 3309/1930/537 3310/1931/25
f 3308/1929/537 3310/1931/25 3311/1932/25
f 3312/1933/66 3313/1934/66 3314/1935/66
f 3312/1933/66 3314/1935/66 3315/1936/66
f 3316/1937/2228 3302/1923/2223 3305/1926/2225
f 3316/1937/2228 3305/1926/2225 3317/1938/2228
f 3311/1932/25 3310/1931/25 3318/1939/25
f 3311/1932/25 3318/1939/25 3319/1940/25
f 3320/1941/66 3321/1942/66 3313/1934/66
f 3320/1941/66 3313/1934/66 3312/1933/66
f 3322/794/2229 3323/797/2230 3324/796/2231
f 3322/794/2229 3324/796/2231 3325/795/2232
f 3326/798/2233 3327/799/2234 3323/797/2230
f 3326/798/2233 3323/797/2230 3322/794/2229
f 3328/800/2235 3329/801/2236 3327/799/2234
f 3328/800/2235 3327/799/2234 3326/798/2233
f 3330/802/2237 3331/803/2238 3329/801/2236
f 3330/802/2237 3329/801/2236 3328/800/2235
f 3332/804/2239 3333/805/2240 3331/803/2238
f 3332/804/2239 3331/803/2238 3330/802/2237
f 3334/806/2241 3335/807/2239 3325/795/2232
f 3334/806/2241 3325/795/2232 3324/796/2231
f 3324/796/2231 3323/797/2230 3336/809/2242
f 3324/796/2231 3336/809/2242 3337/808/2243
f 3323/797/2230 3327/799/2234 3338/810/2244
f 3323/797/2230 3338/810/2244 3336/809/2242
f 3327/799/2234 3329/801/2236 3339/811/2245
f 3327/799/2234 3339/811/2245 3338/810/2244
f 3329/801/2236 3331/803/2238 3340/812/2246
f 3329/801/2236 3340/812/2246 3339/811/2245
f 3331/803/2238 3333/805/2240 3341/813/2247
f 3331/803/2238 3341/813/2247 3340/812/2246
f 3334/806/2241 3324/796/2231 3337/808/2243
f 3334/806/2241 3337/808/2243 3342/814/2247
f 3343/815/2248 3344/818/2249 3345/817/2250
f 3343/815/2248 3345/817/2250 3346/816/2251
f 3347/819/2252 3348/822/2253 3349/821/2254
f 3347/819/2252 3349/821/2254 3350/820/2248
f 3351/823/2255 3352/824/2256 3348/822/2253
f 3351/823/2255 3348/822/2253 3347/819/2252
f 3353/825/2257 3354/826/2258 3352/824/2256
f 3353/825/2257 3352/824/2256 3351/823/2255
f 3355/827/2259 3356/828/2260 3354/826/2258
f 3355/827/2259 3354/826/2258 3353/825/2257
f 3356/828/2260 3355/827/2259 3346/816/2251
f 3356/828/2260 3346/816/2251 3345/817/2250
f 3345/817/2250 3344/818/2249 3357/830/2261
f 3345/817/2250 3357/830/2261 3358/829/2262
f 3349/821/2254 3348/822/2253 3359/832/2263
f 3349/821/2254 3359/832/2263 3360/831/2264
f 3348/822/2253 3352/824/2256 3361/833/2265
f 3348/822/2253 3361/833/2265 3359/832/2263
f 3352/824/2256 3354/826/2258 3362/834/2266
f 3352/824/2256 3362/834/2266 3361/833/2265
f 3354/826/2258 3356/828/2260 3363/835/2267
f 3354/826/2258 3363/835/2267 3362/834/2266
f 3356/828/2260 3345/817/2250 3358/829/2262
f 3356/828/2260 3358/829/2262 3363/835/2267
f 3325/795/2232 3335/807/2239 3343/815/2248
f 3325/795/2232 3343/815/2248 3346/816/2251
f 3332/804/2239 3330/802/2237 3347/819/2252
f 3332/804/2239 3347/819/2252 3350/820/2248
f 3330/802/2237 3328/800/2235 3351/823/2255
f 3330/802/2237 3351/823/2255 3347/819/2252
f 3328/800/2235 3326/798/2233 3353/825/2257
f 3328/800/2235 3353/825/2257 3351/823/2255
f 3326/798/2233 3322/794/2229 3355/827/2259
f 3326/798/2233 3355/827/2259 3353/825/2257
f 3322/794/2229 3325/795/2232 3346/816/2251
f 3322/794/2229 3346/816/2251 3355/827/2259
f 3364/1943/984 3365/1944/984 3366/1945/484
f 3364/1943/984 3366/1945/484 3367/1946/2268
f 3368/1944/472 3369/1947/469 3370/1948/442
f 3368/1944/472 3370/1948/442 3371/1945/442
f 3372/1947/34 3373/1949/34 3374/1950/34
f 3372/1947/34 3374/1950/34 3375/1948/34
f 3376/1949/2269 3377/1951/2269 3378/1952/2269
f 3376/1949/2269 3378/1952/2269 3379/1950/2269
f 3380/1951/486 3381/1953/486 3382/1954/444
f 3380/1951/486 3382/1954/444 3383/1952/444
f 3384/1953/446 3385/1955/446 3386/1956/446
f 3384/1953/446 3386/1956/446 3387/1954/446
f 3388/1957/20 3389/1958/20 3390/1959/20
f 3388/1957/20 3390/1959/20 3391/1960/20
f 3388/1957/20 3392/1961/20 3393/1962/20
f 3388/1957/20 3393/1962/20 3389/1958/20
f 3394/670/548 3395/671/549 3396/672/550
f 3394/670/548 3396/672/550 3397/673/551
f 3398/674/2270 3399/675/553 3400/676/2271
f 3398/674/2270 3400/676/2271 3401/677/2272
f 3402/671/556 3403/678/557 3404/679/558
f 3402/671/556 3404/679/558 3405/680/559
f 3406/677/560 3407/681/561 3408/682/562
f 3406/677/560 3408/682/562 3409/683/563
f 3410/1963/439 3411/1964/439 3412/1965/440
f 3410/1963/439 3412/1965/440 3413/1966/440
f 3414/1964/441 3415/1967/441 3416/1968/442
f 3414/1964/441 3416/1968/442 3417/1965/442
f 3418/1967/34 3419/1969/34 3420/1970/34
f 3418/1967/34 3420/1970/34 3421/1968/34
f 3422/1969/443 3423/1971/443 3424/1972/473
f 3422/1969/443 3424/1972/473 3425/1970/473
f 3426/1971/444 3427/1973/486 3428/1974/444
f 3426/1971/444 3428/1974/444 3429/1972/444
f 3430/1973/446 3431/1975/446 3432/1976/446
f 3430/1973/446 3432/1976/446 3433/1974/446
f 3434/1977/20 3435/1978/20 3436/1979/20
f 3434/1977/20 3436/1979/20 3437/1980/447
f 3438/1981/448 3439/1982/20 3435/1978/20
f 3438/1981/448 3435/1978/20 3434/1977/20
f 3440/1983/468 3441/1984/471 3442/1985/484
f 3440/1983/468 3442/1985/484 3443/1986/484
f 3444/1984/472 3445/1987/472 3446/1988/837
f 3444/1984/472 3446/1988/837 3447/1985/837
f 3448/1987/34 3449/1989/34 3450/1990/34
f 3448/1987/34 3450/1990/34 3451/1988/34
f 3452/1989/485 3453/1991/485 3454/1992/473
f 3452/1989/485 3454/1992/473 3455/1990/473
f 3456/1991/486 3457/1993/486 3458/1994/487
f 3456/1991/486 3458/1994/487 3459/1992/487
f 3460/1993/446 3461/1995/446 3462/1996/446
f 3460/1993/446 3462/1996/446 3463/1994/446
f 3464/1997/20 3465/1998/20 3466/1999/20
f 3464/1997/20 3466/1999/20 3467/2000/985
f 3468/2001/20 3469/2002/986 3465/1998/20
f 3468/2001/20 3465/1998/20 3464/1997/20
f 3470/490/2273 3471/491/2273 3472/492/2273
f 3470/490/2273 3472/492/2273 3473/493/2273
f 3474/491/2274 3475/494/2275 3476/495/2275
f 3474/491/2274 3476/495/2275 3477/492/2274
f 3478/494/2276 3479/496/2276 3480/497/2276
f 3478/494/2276 3480/497/2276 3481/495/2276
f 3482/496/2277 3483/498/2277 3484/499/2277
f 3482/496/2277 3484/499/2277 3485/497/2277
f 3486/498/2278 3487/500/2278 3488/501/2278
f 3486/498/2278 3488/501/2278 3489/499/2278
f 3490/500/2279 3491/502/2279 3492/503/2279
f 3490/500/2279 3492/503/2279 3493/501/2279
f 3494/508/25 3495/505/25 3496/504/25
f 3494/508/25 3496/504/25 3497/509/25
f 3496/504/25 3495/505/25 3498/506/25
f 3496/504/25 3498/506/25 3499/507/25
f 3500/1442/2280 3501/1445/2281 3502/1444/2282
f 3500/1442/2280 3502/1444/2282 3503/1443/2283
f 3503/1443/2283 3502/1444/2282 3504/1447/2284
f 3503/1443/2283 3504/1447/2284 3505/1446/2285
f 3506/1448/2286 3507/1449/2287 3501/1445/2281
f 3506/1448/2286 3501/1445/2281 3500/1442/2280
f 3508/1450/2288 3509/1451/2289 3507/1449/2287
f 3508/1450/2288 3507/1449/2287 3506/1448/2286
f 3510/1452/2290 3511/1453/2291 3509/1451/2289
f 3510/1452/2290 3509/1451/2289 3508/1450/2288
f 3512/1454/2292 3513/1455/2293 3511/1453/2291
f 3512/1454/2292 3511/1453/2291 3510/1452/2290
f 3514/1456/2294 3515/1457/2295 3513/1455/2293
f 3514/1456/2294 3513/1455/2293 3512/1454/2292
f 3516/1458/2296 3517/1459/2297 3515/1457/2295
f 3516/1458/2296 3515/1457/2295 3514/1456/2294
f 3518/1460/2298 3519/1461/2299 3517/1459/2297
f 3518/1460/2298 3517/1459/2297 3516/1458/2296
f 3520/1462/2300 3521/1463/2301 3519/1461/2299
f 3520/1462/2300 3519/1461/2299 3518/1460/2298
f 3522/1464/2302 3523/1465/2303 3521/1463/2301
f 3522/1464/2302 3521/1463/2301 3520/1462/2300
f 3524/1466/2304 3525/1467/2305 3523/1465/2303
f 3524/1466/2304 3523/1465/2303 3522/1464/2302
f 3526/1468/2306 3527/1469/2307 3525/1467/2305
f 3526/1468/2306 3525/1467/2305 3524/1466/2304
f 3528/1470/2308 3529/1471/2309 3527/1469/2307
f 3528/1470/2308 3527/1469/2307 3526/1468/2306
f 3530/1472/2310 3531/1473/2311 3529/1471/2309
f 3530/1472/2310 3529/1471/2309 3528/1470/2308
f 3532/1474/2312 3533/1475/2313 3531/1473/2311
f 3532/1474/2312 3531/1473/2311 3530/1472/2310
f 3534/1476/2314 3535/1477/2315 3533/1475/2313
f 3534/1476/2314 3533/1475/2313 3532/1474/2312
f 3536/1478/2316 3537/1479/2317 3535/1477/2315
f 3536/1478/2316 3535/1477/2315 3534/1476/2314
f 3538/1480/2318 3539/1481/2319 3537/1479/2317
f 3538/1480/2318 3537/1479/2317 3536/1478/2316
f 3505/1446/2285 3504/1447/2284 3539/1481/2319
f 3505/1446/2285 3539/1481/2319 3538/1480/2318
f 3540/1482/2320 3541/1485/2321 3542/1484/2322
f 3540/1482/2320 3542/1484/2322 3543/1483/2323
f 3543/1483/2323 3544/1487/2324 3545/1486/2325
f 3543/1483/2323 3545/1486/2325 3540/1482/2320
f 3544/1487/2324 3546/1489/2326 3547/1488/2327
f 3544/1487/2324 3547/1488/2327 3545/1486/2325
f 3546/1489/2326 3548/1491/2328 3549/1490/2329
f 3546/1489/2326 3549/1490/2329 3547/1488/2327
f 3548/1491/2328 3550/1493/2330 3551/1492/2331
f 3548/1491/2328 3551/1492/2331 3549/1490/2329
f 3550/1493/2330 3552/1495/2332 3553/1494/2333
f 3550/1493/2330 3553/1494/2333 3551/1492/2331
f 3552/1495/2332 3554/1497/2334 3555/1496/2335
f 3552/1495/2332 3555/1496/2335 3553/1494/2333
f 3554/1497/2334 3556/1499/2336 3557/1498/2337
f 3554/1497/2334 3557/1498/2337 3555/1496/2335
f 3556/1499/2336 3558/1501/2338 3559/1500/2339
f 3556/1499/2336 3559/1500/2339 3557/1498/2337
f 3558/1501/2338 3560/1503/2340 3561/1502/2341
f 3558/1501/2338 3561/1502/2341 3559/1500/2339
f 3560/1503/2340 3562/1505/2342 3563/1504/2343
f 3560/1503/2340 3563/1504/2343 3561/1502/2341
f 3562/1505/2342 3564/1507/2344 3565/1506/2345
f 3562/1505/2342 3565/1506/2345 3563/1504/2343
f 3564/1507/2344 3566/1509/2346 3567/1508/2347
f 3564/1507/2344 3567/1508/2347 3565/1506/2345
f 3566/1509/2346 3568/1511/2348 3569/1510/2349
f 3566/1509/2346 3569/1510/2349 3567/1508/2347
f 3568/1511/2348 3570/1513/2350 3571/1512/2351
f 3568/1511/2348 3571/1512/2351 3569/1510/2349
f 3570/1513/2350 3572/1515/2352 3573/1514/2353
f 3570/1513/2350 3573/1514/2353 3571/1512/2351
f 3572/1515/2352 3574/1517/2354 3575/1516/2355
f 3572/1515/2352 3575/1516/2355 3573/1514/2353
f 3574/1517/2354 3576/1519/2356 3577/1518/2357
f 3574/1517/2354 3577/1518/2357 3575/1516/2355
f 3576/1519/2356 3578/1521/2358 3579/1520/2359
f 3576/1519/2356 3579/1520/2359 3577/1518/2357
f 3578/1521/2358 3542/1484/2322 3541/1485/2321
f 3578/1521/2358 3541/1485/2321 3579/1520/2359
f 3580/1522/2360 3581/1525/2361 3582/1524/2362
f 3580/1522/2360 3582/1524/2362 3583/1523/2363
f 3583/1523/2363 3582/1524/2362 3584/1527/2364
f 3583/1523/2363 3584/1527/2364 3585/1526/2365
f 3585/1526/2365 3584/1527/2364 3586/1529/2366
f 3585/1526/2365 3586/1529/2366 3587/1528/2367
f 3587/1528/2367 3586/1529/2366 3588/1531/2368
f 3587/1528/2367 3588/1531/2368 3589/1530/2369
f 3589/1530/2369 3588/1531/2368 3590/1533/2370
f 3589/1530/2369 3590/1533/2370 3591/1532/2371
f 3591/1532/2371 3590/1533/2370 3592/1535/2372
f 3591/1532/2371 3592/1535/2372 3593/1534/2373
f 3593/1534/2373 3592/1535/2372 3594/1537/2374
f 3593/1534/2373 3594/1537/2374 3595/1536/2375
f 3595/1536/2375 3594/1537/2374 3596/1539/2376
f 3595/1536/2375 3596/1539/2376 3597/1538/2377
f 3597/1538/2377 3596/1539/2376 3598/1541/2378
f 3597/1538/2377 3598/1541/2378 3599/1540/2379
f 3599/1540/2379 3598/1541/2378 3600/1543/2380
f 3599/1540/2379 3600/1543/2380 3601/1542/2381
f 3601/1542/2381 3600/1543/2380 3602/1545/2382
f 3601/1542/2381 3602/1545/2382 3603/1544/2383
f 3603/1544/2383 3602/1545/2382 3604/1547/2384
f 3603/1544/2383 3604/1547/2384 3605/1546/2385
f 3605/1546/2385 3604/1547/2384 3606/1549/2386
f 3605/1546/2385 3606/1549/2386 3607/1548/2387
f 3607/1548/2387 3606/1549/2386 3608/1551/2388
f 3607/1548/2387 3608/1551/2388 3609/1550/2389
f 3609/1550/2389 3608/1551/2388 3610/1553/2390
f 3609/1550/2389 3610/1553/2390 3611/1552/2391
f 3612/1554/2392 3613/1557/2393 3614/1556/2394
f 3612/1554/2392 3614/1556/2394 3615/1555/2395
f 3615/1555/2395 3614/1556/2394 3616/1559/2396
f 3615/1555/2395 3616/1559/2396 3617/1558/2397
f 3617/1558/2397 3616/1559/2396 3618/1561/2398
f 3617/1558/2397 3618/1561/2398 3619/1560/2399
f 3619/1560/2399 3618/1561/2398 3620/1563/2400
f 3619/1560/2399 3620/1563/2400 3621/1562/2401
f 3621/1562/2401 3620/1563/2400 3581/1525/2361
f 3621/1562/2401 3581/1525/2361 3580/1522/2360
f 3622/1444/2402 3623/1565/2402 3624/1564/2403
f 3622/1444/2402 3624/1564/2403 3625/1447/2403
f 3626/1445/2404 3627/1566/2404 3623/1565/2402
f 3626/1445/2404 3623/1565/2402 3622/1444/2402
f 3628/1449/2405 3629/1567/2405 3627/1566/2404
f 3628/1449/2405 3627/1566/2404 3626/1445/2404
f 3630/1451/2406 3631/1568/2406 3629/1567/2405
f 3630/1451/2406 3629/1567/2405 3628/1449/2405
f 3632/1453/2407 3633/1569/2407 3631/1568/2406
f 3632/1453/2407 3631/1568/2406 3630/1451/2406
f 3634/1455/2408 3635/1570/2409 3633/1569/2407
f 3634/1455/2408 3633/1569/2407 3632/1453/2407
f 3636/1457/2410 3637/1571/2411 3635/1570/2409
f 3636/1457/2410 3635/1570/2409 3634/1455/2408
f 3638/1459/2412 3639/1572/2412 3637/1571/2411
f 3638/1459/2412 3637/1571/2411 3636/1457/2410
f 3640/1461/2413 3641/1573/2413 3639/1572/2412
f 3640/1461/2413 3639/1572/2412 3638/1459/2412
f 3642/1463/2414 3643/1574/2415 3641/1573/2413
f 3642/1463/2414 3641/1573/2413 3640/1461/2413
f 3644/1465/2416 3645/1575/2416 3643/1574/2415
f 3644/1465/2416 3643/1574/2415 3642/1463/2414
f 3646/1467/2417 3647/1576/2417 3645/1575/2416
f 3646/1467/2417 3645/1575/2416 3644/1465/2416
f 3648/1469/2418 3649/1577/2419 3647/1576/2417
f 3648/1469/2418 3647/1576/2417 3646/1467/2417
f 3650/1471/2420 3651/1578/2420 3649/1577/2419
f 3650/1471/2420 3649/1577/2419 3648/1469/2418
f 3652/1473/2421 3653/1579/2421 3651/1578/2420
f 3652/1473/2421 3651/1578/2420 3650/1471/2420
f 3654/1475/2422 3655/1580/2422 3653/1579/2421
f 3654/1475/2422 3653/1579/2421 3652/1473/2421
f 3656/1477/2423 3657/1581/2423 3655/1580/2422
f 3656/1477/2423 3655/1580/2422 3654/1475/2422
f 3658/1479/2424 3659/1582/2425 3657/1581/2423
f 3658/1479/2424 3657/1581/2423 3656/1477/2423
f 3660/1481/2426 3661/1583/2426 3659/1582/2425
f 3660/1481/2426 3659/1582/2425 3658/1479/2424
f 3625/1447/2403 3624/1564/2403 3661/1583/2426
f 3625/1447/2403 3661/1583/2426 3660/1481/2426
f 3662/1584/2427 3663/1587/2428 3664/1586/2429
f 3662/1584/2427 3664/1586/2429 3665/1585/2430
f 3666/1588/2431 3667/1589/2432 3663/1587/2428
f 3666/1588/2431 3663/1587/2428 3662/1584/2427
f 3665/1585/2430 3664/1586/2429 3668/1591/2433
f 3665/1585/2430 3668/1591/2433 3669/1590/2434
f 3669/1590/2434 3668/1591/2433 3670/1593/2435
f 3669/1590/2434 3670/1593/2435 3671/1592/2436
f 3671/1592/2436 3670/1593/2435 3672/1595/2437
f 3671/1592/2436 3672/1595/2437 3673/1594/2437
f 3673/1594/2437 3672/1595/2437 3674/1597/2438
f 3673/1594/2437 3674/1597/2438 3675/1596/2439
f 3675/1596/2439 3674/1597/2438 3676/1599/2440
f 3675/1596/2439 3676/1599/2440 3677/1598/2441
f 3677/1598/2441 3676/1599/2440 3678/1601/2442
f 3677/1598/2441 3678/1601/2442 3679/1600/2443
f 3679/1600/2443 3678/1601/2442 3680/1603/2444
f 3679/1600/2443 3680/1603/2444 3681/1602/2445
f 3681/1602/2445 3680/1603/2444 3682/1605/2446
f 3681/1602/2445 3682/1605/2446 3683/1604/2447
f 3683/1604/2447 3682/1605/2446 3684/1607/2448
f 3683/1604/2447 3684/1607/2448 3685/1606/2449
f 3685/1606/2449 3684/1607/2448 3686/1609/2450
f 3685/1606/2449 3686/1609/2450 3687/1608/2451
f 3687/1608/2451 3686/1609/2450 3688/1611/2452
f 3687/1608/2451 3688/1611/2452 3689/1610/2453
f 3689/1610/2453 3688/1611/2452 3690/1613/2454
f 3689/1610/2453 3690/1613/2454 3691/1612/2455
f 3691/1612/2455 3690/1613/2454 3692/1615/2456
f 3691/1612/2455 3692/1615/2456 3693/1614/2456
f 3693/1614/2456 3692/1615/2456 3694/1617/2457
f 3693/1614/2456 3694/1617/2457 3695/1616/2458
f 3695/1616/2458 3694/1617/2457 3696/1619/2459
f 3695/1616/2458 3696/1619/2459 3697/1618/2460
f 3697/1618/2460 3696/1619/2459 3698/1621/2461
f 3697/1618/2460 3698/1621/2461 3699/1620/2462
f 3699/1620/2462 3698/1621/2461 3700/1623/2463
f 3699/1620/2462 3700/1623/2463 3701/1622/2464
f 3701/1622/2464 3700/1623/2463 3667/1589/2432
f 3701/1622/2464 3667/1589/2432 3666/1588/2431
f 3702/1587/2465 3703/1625/2466 3704/1624/2467
f 3702/1587/2465 3704/1624/2467 3705/1586/2468
f 3706/1589/2469 3707/1626/2470 3703/1625/2466
f 3706/1589/2469 3703/1625/2466 3702/1587/2465
f 3705/1586/2468 3704/1624/2467 3708/1627/2471
f 3705/1586/2468 3708/1627/2471 3709/1591/2472
f 3709/1591/2472 3708/1627/2471 3710/1628/2473
f 3709/1591/2472 3710/1628/2473 3711/1593/2474
f 3711/1593/2474 3710/1628/2473 3712/1629/2475
f 3711/1593/2474 3712/1629/2475 3713/1595/2475
f 3713/1595/2475 3712/1629/2475 3714/1630/2476
f 3713/1595/2475 3714/1630/2476 3715/1597/2477
f 3715/1597/2477 3714/1630/2476 3716/1631/2478
f 3715/1597/2477 3716/1631/2478 3717/1599/2479
f 3717/1599/2479 3716/1631/2478 3718/1632/2480
f 3717/1599/2479 3718/1632/2480 3719/1601/2481
f 3719/1601/2481 3718/1632/2480 3720/1633/2482
f 3719/1601/2481 3720/1633/2482 3721/1603/2483
f 3721/1603/2483 3720/1633/2482 3722/1634/2484
f 3721/1603/2483 3722/1634/2484 3723/1605/2485
f 3723/1605/2485 3722/1634/2484 3724/1635/2486
f 3723/1605/2485 3724/1635/2486 3725/1607/2487
f 3725/1607/2487 3724/1635/2486 3726/1636/2488
f 3725/1607/2487 3726/1636/2488 3727/1609/2489
f 3727/1609/2489 3726/1636/2488 3728/1637/2490
f 3727/1609/2489 3728/1637/2490 3729/1611/2491
f 3729/1611/2491 3728/1637/2490 3730/1638/2492
f 3729/1611/2491 3730/1638/2492 3731/1613/2493
f 3731/1613/2493 3730/1638/2492 3732/1639/2494
f 3731/1613/2493 3732/1639/2494 3733/1615/2494
f 3733/1615/2494 3732/1639/2494 3734/1640/2495
f 3733/1615/2494 3734/1640/2495 3735/1617/2495
f 3735/1617/2495 3734/1640/2495 3736/1641/2496
f 3735/1617/2495 3736/1641/2496 3737/1619/2497
f 3737/1619/2497 3736/1641/2496 3738/1642/2498
f 3737/1619/2497 3738/1642/2498 3739/1621/2499
f 3739/1621/2499 3738/1642/2498 3740/1643/2500
f 3739/1621/2499 3740/1643/2500 3741/1623/2501
f 3741/1623/2501 3740/1643/2500 3707/1626/2470
f 3741/1623/2501 3707/1626/2470 3706/1589/2469
f 3742/1625/2502 3743/1645/2502 3744/1644/2503
f 3742/1625/2502 3744/1644/2503 3745/1624/2504
f 3746/1626/2505 3747/1646/2505 3743/1645/2502
f 3746/1626/2505 3743/1645/2502 3742/1625/2502
f 3745/1624/2504 3744/1644/2503 3748/1647/2506
f 3745/1624/2504 3748/1647/2506 3749/1627/2506
f 3749/1627/2506 3748/1647/2506 3750/1648/2507
f 3749/1627/2506 3750/1648/2507 3751/1628/2508
f 3751/1628/2508 3750/1648/2507 3752/1649/2509
f 3751/1628/2508 3752/1649/2509 3753/1629/2509
f 3753/1629/2509 3752/1649/2509 3754/1650/2510
f 3753/1629/2509 3754/1650/2510 3755/1630/2510
f 3755/1630/2510 3754/1650/2510 3756/1651/2511
f 3755/1630/2510 3756/1651/2511 3757/1631/2511
f 3757/1631/2511 3756/1651/2511 3758/1652/2512
f 3757/1631/2511 3758/1652/2512 3759/1632/2512
f 3759/1632/2512 3758/1652/2512 3760/1653/2513
f 3759/1632/2512 3760/1653/2513 3761/1633/2514
f 3761/1633/2514 3760/1653/2513 3762/1654/2515
f 3761/1633/2514 3762/1654/2515 3763/1634/2515
f 3763/1634/2515 3762/1654/2515 3764/1655/2516
f 3763/1634/2515 3764/1655/2516 3765/1635/2516
f 3765/1635/2516 3764/1655/2516 3766/1656/2517
f 3765/1635/2516 3766/1656/2517 3767/1636/2517
f 3767/1636/2517 3766/1656/2517 3768/1657/2518
f 3767/1636/2517 3768/1657/2518 3769/1637/2518
f 3769/1637/2518 3768/1657/2518 3770/1658/2519
f 3769/1637/2518 3770/1658/2519 3771/1638/2520
f 3771/1638/2520 3770/1658/2519 3772/1659/2521
f 3771/1638/2520 3772/1659/2521 3773/1639/2521
f 3773/1639/2521 3772/1659/2521 3774/1660/2522
f 3773/1639/2521 3774/1660/2522 3775/1640/2522
f 3775/1640/2522 3774/1660/2522 3776/1661/2523
f 3775/1640/2522 3776/1661/2523 3777/1641/2523
f 3777/1641/2523 3776/1661/2523 3778/1662/2524
f 3777/1641/2523 3778/1662/2524 3779/1642/2524
f 3779/1642/2524 3778/1662/2524 3780/1663/2525
f 3779/1642/2524 3780/1663/2525 3781/1643/2525
f 3781/1643/2525 3780/1663/2525 3747/1646/2505
f 3781/1643/2525 3747/1646/2505 3746/1626/2505
f 3782/1664/2526 3783/1667/2527 3784/1666/2528
f 3782/1664/2526 3784/1666/2528 3785/1665/2529
f 3786/1668/2530 3787/1669/2531 3783/1667/2527
f 3786/1668/2530 3783/1667/2527 3782/1664/2526
f 3785/1665/2529 3784/1666/2528 3788/1671/2532
f 3785/1665/2529 3788/1671/2532 3789/1670/2533
f 3789/1670/2533 3788/1671/2532 3790/1673/2534
f 3789/1670/2533 3790/1673/2534 3791/1672/2534
f 3791/1672/2534 3790/1673/2534 3792/1675/2535
f 3791/1672/2534 3792/1675/2535 3793/1674/2535
f 3793/1674/2535 3792/1675/2535 3794/1677/2536
f 3793/1674/2535 3794/1677/2536 3795/1676/2537
f 3795/1676/2537 3794/1677/2536 3796/1679/2538
f 3795/1676/2537 3796/1679/2538 3797/1678/2539
f 3797/1678/2539 3796/1679/2538 3798/1681/2540
f 3797/1678/2539 3798/1681/2540 3799/1680/2540
f 3799/1680/2540 3798/1681/2540 3800/1683/2541
f 3799/1680/2540 3800/1683/2541 3801/1682/2542
f 3801/1682/2542 3800/1683/2541 3802/1685/2543
f 3801/1682/2542 3802/1685/2543 3803/1684/2544
f 3803/1684/2544 3802/1685/2543 3804/1687/2545
f 3803/1684/2544 3804/1687/2545 3805/1686/2546
f 3805/1686/2546 3804/1687/2545 3806/1689/2547
f 3805/1686/2546 3806/1689/2547 3807/1688/2548
f 3807/1688/2548 3806/1689/2547 3808/1691/2549
f 3807/1688/2548 3808/1691/2549 3809/1690/2550
f 3809/1690/2550 3808/1691/2549 3810/1693/2551
f 3809/1690/2550 3810/1693/2551 3811/1692/2552
f 3811/1692/2552 3810/1693/2551 3812/1695/2553
f 3811/1692/2552 3812/1695/2553 3813/1694/2553
f 3814/1696/2554 3815/1699/2555 3816/1698/2556
f 3814/1696/2554 3816/1698/2556 3817/1697/2556
f 3817/1697/2556 3816/1698/2556 3818/1701/2557
f 3817/1697/2556 3818/1701/2557 3819/1700/2558
f 3819/1700/2558 3818/1701/2557 3820/1703/2559
f 3819/1700/2558 3820/1703/2559 3821/1702/2560
f 3821/1702/2560 3820/1703/2559 3822/1705/2561
f 3821/1702/2560 3822/1705/2561 3823/1704/2562
f 3823/1704/2562 3822/1705/2561 3787/1669/2531
f 3823/1704/2562 3787/1669/2531 3786/1668/2530
f 3824/1706/2563 3825/1709/2564 3826/1708/2565
f 3824/1706/2563 3826/1708/2565 3827/1707/2564
f 3827/1707/2564 3826/1708/2565 3828/1711/2566
f 3827/1707/2564 3828/1711/2566 3829/1710/2566
f 3829/1710/2566 3828/1711/2566 3830/1713/2566
f 3829/1710/2566 3830/1713/2566 3831/1712/2567
f 3831/1712/2567 3830/1713/2566 3832/1715/2566
f 3831/1712/2567 3832/1715/2566 3833/1714/2566
f 3833/1714/2566 3832/1715/2566 3834/1717/2563
f 3833/1714/2566 3834/1717/2563 3835/1716/2568
f 3835/1716/2568 3834/1717/2563 3836/1719/2566
f 3835/1716/2568 3836/1719/2566 3837/1718/2566
f 3837/1718/2566 3836/1719/2566 3838/1721/2568
f 3837/1718/2566 3838/1721/2568 3839/1720/2566
f 3839/1720/2566 3838/1721/2568 3840/1723/2564
f 3839/1720/2566 3840/1723/2564 3841/1722/2563
f 3841/1722/2563 3840/1723/2564 3842/1725/2565
f 3841/1722/2563 3842/1725/2565 3843/1724/2563
f 3844/1726/2569 3544/1487/2324 3543/1483/2323
f 3844/1726/2569 3543/1483/2323 3845/1727/2570
f 3845/1727/2570 3543/1483/2323 3542/1484/2322
f 3845/1727/2570 3542/1484/2322 3846/1728/2571
f 3847/1729/2572 3546/1489/2326 3544/1487/2324
f 3847/1729/2572 3544/1487/2324 3844/1726/2569
f 3846/1728/2571 3542/1484/2322 3578/1521/2358
f 3846/1728/2571 3578/1521/2358 3848/1730/2573
f 3849/1731/2574 3548/1491/2328 3546/1489/2326
f 3849/1731/2574 3546/1489/2326 3847/1729/2572
f 3850/1732/2575 3550/1493/2330 3548/1491/2328
f 3850/1732/2575 3548/1491/2328 3849/1731/2574
f 3851/1733/2576 3552/1495/2332 3550/1493/2330
f 3851/1733/2576 3550/1493/2330 3850/1732/2575
f 3852/1734/2577 3554/1497/2334 3552/1495/2332
f 3852/1734/2577 3552/1495/2332 3851/1733/2576
f 3853/1735/2578 3556/1499/2336 3554/1497/2334
f 3853/1735/2578 3554/1497/2334 3852/1734/2577
f 3854/1736/2579 3558/1501/2338 3556/1499/2336
f 3854/1736/2579 3556/1499/2336 3853/1735/2578
f 3855/1737/2580 3560/1503/2340 3558/1501/2338
f 3855/1737/2580 3558/1501/2338 3854/1736/2579
f 3856/1738/2581 3562/1505/2342 3560/1503/2340
f 3856/1738/2581 3560/1503/2340 3855/1737/2580
f 3857/1739/2582 3564/1507/2344 3562/1505/2342
f 3857/1739/2582 3562/1505/2342 3856/1738/2581
f 3858/1740/2583 3566/1509/2346 3564/1507/2344
f 3858/1740/2583 3564/1507/2344 3857/1739/2582
f 3859/1741/2584 3568/1511/2348 3566/1509/2346
f 3859/1741/2584 3566/1509/2346 3858/1740/2583
f 3860/1742/2585 3570/1513/2350 3568/1511/2348
f 3860/1742/2585 3568/1511/2348 3859/1741/2584
f 3861/1743/2586 3572/1515/2352 3570/1513/2350
f 3861/1743/2586 3570/1513/2350 3860/1742/2585
f 3862/1744/2587 3574/1517/2354 3572/1515/2352
f 3862/1744/2587 3572/1515/2352 3861/1743/2586
f 3863/1745/2588 3576/1519/2356 3574/1517/2354
f 3863/1745/2588 3574/1517/2354 3862/1744/2587
f 3848/1730/2573 3578/1521/2358 3576/1519/2356
f 3848/1730/2573 3576/1519/2356 3863/1745/2588
f 3864/1584/2589 3865/1585/2590 3866/1747/2591
f 3864/1584/2589 3866/1747/2591 3867/1746/2592
f 3867/1746/2592 3868/1748/2593 3869/1588/2594
f 3867/1746/2592 3869/1588/2594 3864/1584/2589
f 3865/1585/2590 3870/1590/2595 3871/1749/2596
f 3865/1585/2590 3871/1749/2596 3866/1747/2591
f 3870/1590/2595 3872/1592/2597 3873/1750/2598
f 3870/1590/2595 3873/1750/2598 3871/1749/2596
f 3872/1592/2597 3874/1594/2599 3875/1751/2600
f 3872/1592/2597 3875/1751/2600 3873/1750/2598
f 3874/1594/2599 3876/1596/2601 3877/1752/2602
f 3874/1594/2599 3877/1752/2602 3875/1751/2600
f 3876/1596/2601 3878/1598/2603 3879/1753/2604
f 3876/1596/2601 3879/1753/2604 3877/1752/2602
f 3878/1598/2603 3880/1600/2605 3881/1754/2606
f 3878/1598/2603 3881/1754/2606 3879/1753/2604
f 3880/1600/2605 3882/1602/2607 3883/1755/2608
f 3880/1600/2605 3883/1755/2608 3881/1754/2606
f 3882/1602/2607 3884/1604/2609 3885/1756/2610
f 3882/1602/2607 3885/1756/2610 3883/1755/2608
f 3884/1604/2609 3886/1606/2611 3887/1757/2612
f 3884/1604/2609 3887/1757/2612 3885/1756/2610
f 3886/1606/2611 3888/1608/2613 3889/1758/2614
f 3886/1606/2611 3889/1758/2614 3887/1757/2612
f 3888/1608/2613 3890/1610/2615 3891/1759/2616
f 3888/1608/2613 3891/1759/2616 3889/1758/2614
f 3890/1610/2615 3892/1612/2617 3893/1760/2618
f 3890/1610/2615 3893/1760/2618 3891/1759/2616
f 3892/1612/2617 3894/1614/2619 3895/1761/2619
f 3892/1612/2617 3895/1761/2619 3893/1760/2618
f 3894/1614/2619 3896/1616/2620 3897/1762/2621
f 3894/1614/2619 3897/1762/2621 3895/1761/2619
f 3896/1616/2620 3898/1618/2622 3899/1763/2623
f 3896/1616/2620 3899/1763/2623 3897/1762/2621
f 3898/1618/2622 3900/1620/2624 3901/1764/2625
f 3898/1618/2622 3901/1764/2625 3899/1763/2623
f 3900/1620/2624 3902/1622/2626 3903/1765/2627
f 3900/1620/2624 3903/1765/2627 3901/1764/2625
f 3902/1622/2626 3869/1588/2594 3868/1748/2593
f 3902/1622/2626 3868/1748/2593 3903/1765/2627
f 3904/1766/2628 3905/1769/2629 3906/1768/2630
f 3904/1766/2628 3906/1768/2630 3907/1767/2631
f 3908/1770/2632 3909/1771/2633 3905/1769/2629
f 3908/1770/2632 3905/1769/2629 3904/1766/2628
f 3910/1772/2634 3911/1773/2635 3909/1771/2633
f 3910/1772/2634 3909/1771/2633 3908/1770/2632
f 3912/1774/2636 3913/1775/2637 3911/1773/2635
f 3912/1774/2636 3911/1773/2635 3910/1772/2634
f 3914/1776/2638 3915/1777/2639 3913/1775/2637
f 3914/1776/2638 3913/1775/2637 3912/1774/2636
f 3916/1778/2640 3917/1779/2641 3915/1777/2639
f 3916/1778/2640 3915/1777/2639 3914/1776/2638
f 3918/1780/2642 3919/1783/2643 3920/1782/2644
f 3918/1780/2642 3920/1782/2644 3921/1781/2645
f 3922/1784/2646 3923/1785/2647 3919/1783/2643
f 3922/1784/2646 3919/1783/2643 3918/1780/2642
f 3924/1786/2648 3925/1787/2649 3923/1785/2647
f 3924/1786/2648 3923/1785/2647 3922/1784/2646
f 3926/1788/2650 3927/1789/2651 3925/1787/2649
f 3926/1788/2650 3925/1787/2649 3924/1786/2648
f 3928/1790/2652 3929/1791/2653 3927/1789/2651
f 3928/1790/2652 3927/1789/2651 3926/1788/2650
f 3930/1792/2654 3931/1793/2655 3929/1791/2653
f 3930/1792/2654 3929/1791/2653 3928/1790/2652
f 3932/1794/2656 3933/1795/2657 3931/1793/2655
f 3932/1794/2656 3931/1793/2655 3930/1792/2654
f 3934/1796/2658 3935/1797/2659 3933/1795/2657
f 3934/1796/2658 3933/1795/2657 3932/1794/2656
f 3936/1798/2660 3937/1799/2661 3935/1797/2659
f 3936/1798/2660 3935/1797/2659 3934/1796/2658
f 3938/1800/2662 3939/1801/2663 3937/1799/2661
f 3938/1800/2662 3937/1799/2661 3936/1798/2660
f 3940/1802/2664 3941/1803/2665 3939/1801/2663
f 3940/1802/2664 3939/1801/2663 3938/1800/2662
f 3942/1804/2666 3943/1805/2667 3941/1803/2665
f 3942/1804/2666 3941/1803/2665 3940/1802/2664
f 3944/1806/2668 3945/1807/2669 3943/1805/2667
f 3944/1806/2668 3943/1805/2667 3942/1804/2666
f 3907/1767/2631 3906/1768/2630 3945/1807/2669
f 3907/1767/2631 3945/1807/2669 3944/1806/2668
f 3946/1808/2670 3904/1766/2628 3907/1767/2631
f 3946/1808/2670 3907/1767/2631 3947/1809/2671
f 3948/1810/2672 3908/1770/2632 3904/1766/2628
f 3948/1810/2672 3904/1766/2628 3946/1808/2670
f 3949/1811/2673 3910/1772/2634 3908/1770/2632
f 3949/1811/2673 3908/1770/2632 3948/1810/2672
f 3950/1812/2674 3912/1774/2636 3910/1772/2634
f 3950/1812/2674 3910/1772/2634 3949/1811/2673
f 3951/1813/2675 3914/1776/2638 3912/1774/2636
f 3951/1813/2675 3912/1774/2636 3950/1812/2674
f 3952/1814/2676 3916/1778/2640 3914/1776/2638
f 3952/1814/2676 3914/1776/2638 3951/1813/2675
f 3953/1815/2677 3918/1780/2642 3921/1781/2645
f 3953/1815/2677 3921/1781/2645 3954/1816/2678
f 3955/1817/2679 3922/1784/2646 3918/1780/2642
f 3955/1817/2679 3918/1780/2642 3953/1815/2677
f 3956/1818/2680 3924/1786/2648 3922/1784/2646
f 3956/1818/2680 3922/1784/2646 3955/1817/2679
f 3957/1819/2681 3926/1788/2650 3924/1786/2648
f 3957/1819/2681 3924/1786/2648 3956/1818/2680
f 3958/1820/2682 3928/1790/2652 3926/1788/2650
f 3958/1820/2682 3926/1788/2650 3957/1819/2681
f 3959/1821/2683 3930/1792/2654 3928/1790/2652
f 3959/1821/2683 3928/1790/2652 3958/1820/2682
f 3960/1822/2684 3932/1794/2656 3930/1792/2654
f 3960/1822/2684 3930/1792/2654 3959/1821/2683
f 3961/1823/2685 3934/1796/2658 3932/1794/2656
f 3961/1823/2685 3932/1794/2656 3960/1822/2684
f 3962/1824/2686 3936/1798/2660 3934/1796/2658
f 3962/1824/2686 3934/1796/2658 3961/1823/2685
f 3963/1825/2687 3938/1800/2662 3936/1798/2660
f 3963/1825/2687 3936/1798/2660 3962/1824/2686
f 3964/1826/2688 3940/1802/2664 3938/1800/2662
f 3964/1826/2688 3938/1800/2662 3963/1825/2687
f 3965/1827/2689 3942/1804/2666 3940/1802/2664
f 3965/1827/2689 3940/1802/2664 3964/1826/2688
f 3966/1828/2690 3944/1806/2668 3942/1804/2666
f 3966/1828/2690 3942/1804/2666 3965/1827/2689
f 3947/1809/2671 3907/1767/2631 3944/1806/2668
f 3947/1809/2671 3944/1806/2668 3966/1828/2690
f 3581/1525/2361 3946/1808/2670 3947/1809/2671
f 3581/1525/2361 3947/1809/2671 3582/1524/2362
f 3620/1563/2400 3948/1810/2672 3946/1808/2670
f 3620/1563/2400 3946/1808/2670 3581/1525/2361
f 3618/1561/2398 3949/1811/2673 3948/1810/2672
f 3618/1561/2398 3948/1810/2672 3620/1563/2400
f 3616/1559/2396 3950/1812/2674 3949/1811/2673
f 3616/1559/2396 3949/1811/2673 3618/1561/2398
f 3614/1556/2394 3951/1813/2675 3950/1812/2674
f 3614/1556/2394 3950/1812/2674 3616/1559/2396
f 3613/1557/2393 3952/1814/2676 3951/1813/2675
f 3613/1557/2393 3951/1813/2675 3614/1556/2394
f 3608/1551/2388 3953/1815/2677 3954/1816/2678
f 3608/1551/2388 3954/1816/2678 3610/1553/2390
f 3606/1549/2386 3955/1817/2679 3953/1815/2677
f 3606/1549/2386 3953/1815/2677 3608/1551/2388
f 3604/1547/2384 3956/1818/2680 3955/1817/2679
f 3604/1547/2384 3955/1817/2679 3606/1549/2386
f 3602/1545/2382 3957/1819/2681 3956/1818/2680
f 3602/1545/2382 3956/1818/2680 3604/1547/2384
f 3600/1543/2380 3958/1820/2682 3957/1819/2681
f 3600/1543/2380 3957/1819/2681 3602/1545/2382
f 3598/1541/2378 3959/1821/2683 3958/1820/2682
f 3598/1541/2378 3958/1820/2682 3600/1543/2380
f 3596/1539/2376 3960/1822/2684 3959/1821/2683
f 3596/1539/2376 3959/1821/2683 3598/1541/2378
f 3594/1537/2374 3961/1823/2685 3960/1822/2684
f 3594/1537/2374 3960/1822/2684 3596/1539/2376
f 3592/1535/2372 3962/1824/2686 3961/1823/2685
f 3592/1535/2372 3961/1823/2685 3594/1537/2374
f 3590/1533/2370 3963/1825/2687 3962/1824/2686
f 3590/1533/2370 3962/1824/2686 3592/1535/2372
f 3588/1531/2368 3964/1826/2688 3963/1825/2687
f 3588/1531/2368 3963/1825/2687 3590/1533/2370
f 3586/1529/2366 3965/1827/2689 3964/1826/2688
f 3586/1529/2366 3964/1826/2688 3588/1531/2368
f 3584/1527/2364 3966/1828/2690 3965/1827/2689
f 3584/1527/2364 3965/1827/2689 3586/1529/2366
f 3582/1524/2362 3947/1809/2671 3966/1828/2690
f 3582/1524/2362 3966/1828/2690 3584/1527/2364
f 3967/836/984 3968/837/439 3969/838/484
f 3967/836/984 3969/838/484 3970/839/484
f 3971/837/472 3972/840/472 3973/841/442
f 3971/837/472 3973/841/442 3974/838/2691
f 3975/840/34 3976/842/34 3977/843/34
f 3975/840/34 3977/843/34 3978/841/34
f 3979/842/443 3980/844/443 3981/845/2269
f 3979/842/443 3981/845/2269 3982/843/2269
f 3983/844/486 3984/846/486 3985/847/486
f 3983/844/486 3985/847/486 3986/845/486
f 3987/846/446 3988/848/446 3989/849/446
f 3987/846/446 3989/849/446 3990/847/446
f 3991/855/20 3992/852/20 3993/853/20
f 3991/855/20 3993/853/20 3994/850/20
f 3995/854/20 3996/851/447 3992/852/20
f 3995/854/20 3992/852/20 3991/855/20
f 3997/2003/2692 3998/2004/2693 3999/2005/2694
f 3997/2003/2692 3999/2005/2694 4000/2006/8
f 4001/2007/2695 4002/2008/2696 4003/2009/2697
f 4001/2007/2695 4003/2009/2697 4004/2010/12
f 13/13/8 15/15/10 20/20/15
f 13/13/8 20/20/15 19/19/14
f 15/15/10 14/14/9 17/17/12
f 15/15/10 17/17/12 16/16/11
f 16/16/11 18/18/13 24/24/19
f 16/16/11 24/24/19 23/23/18
f 4005/2011/14 4006/2012/16 4007/2013/2698
f 4005/2011/14 4007/2013/2698 4008/2014/2699
f 21/21/16 20/20/15 23/23/18
f 21/21/16 23/23/18 22/22/17
f 4009/2015/2700 4010/2016/2701 4011/2017/2702
f 4009/2015/2700 4011/2017/2702 4012/2018/2703
f 3998/2004/2693 4001/2007/2695 4004/2010/12
f 3998/2004/2693 4004/2010/12 3999/2005/2694
f 15/15/10 16/16/11 23/23/18
f 15/15/10 23/23/18 20/20/15
f 4006/2012/16 4009/2015/2700 4012/2018/2703
f 4006/2012/16 4012/2018/2703 4007/2013/2698
f 4002/2008/2696 4013/2019/2704 4014/2020/2705
f 4002/2008/2696 4014/2020/2705 4003/2009/2697
f 4008/2014/2699 3997/2003/2692 4000/2006/8
f 4008/2014/2699 4000/2006/8 4005/2011/14
f 4015/618/2706 4016/621/2707 4017/620/2708
f 4015/618/2706 4017/620/2708 4018/619/2709
f 4019/622/2710 4015/618/2706 4018/619/2709
f 4019/622/2710 4018/619/2709 4020/623/2711
f 4021/624/2712 4019/622/2710 4020/623/2711
f 4021/624/2712 4020/623/2711 4022/625/2713
f 4023/626/2714 4021/624/2712 4022/625/2713
f 4023/626/2714 4022/625/2713 4024/627/2715
f 4025/628/2716 4023/626/2714 4024/627/2715
f 4025/628/2716 4024/627/2715 4026/629/2717
f 4016/621/2707 4027/631/2716 4028/630/2718
f 4016/621/2707 4028/630/2718 4017/620/2708
f 4018/619/2709 4029/633/2719 4030/632/2720
f 4018/619/2709 4030/632/2720 4020/623/2711
f 4020/623/2711 4030/632/2720 4031/634/2721
f 4020/623/2711 4031/634/2721 4022/625/2713
f 4022/625/2713 4031/634/2721 4032/635/2722
f 4022/625/2713 4032/635/2722 4024/627/2715
f 4024/627/2715 4032/635/2722 4033/636/2723
f 4024/627/2715 4033/636/2723 4026/629/2717
f 4028/630/2718 4034/638/2724 4035/637/2725
f 4028/630/2718 4035/637/2725 4017/620/2708
f 4035/637/2725 4029/633/2719 4018/619/2709
f 4035/637/2725 4018/619/2709 4017/620/2708
f 4036/639/2726 4037/642/2727 4038/641/2728
f 4036/639/2726 4038/641/2728 4039/640/2729
f 4040/643/2730 4036/639/2726 4039/640/2729
f 4040/643/2730 4039/640/2729 4041/644/2731
f 4042/645/2732 4043/648/2730 4044/647/2733
f 4042/645/2732 4044/647/2733 4045/646/2734
f 4046/649/2735 4042/645/2732 4045/646/2734
f 4046/649/2735 4045/646/2734 4047/650/2736
f 4048/651/2737 4046/649/2735 4047/650/2736
f 4048/651/2737 4047/650/2736 4049/652/2738
f 4037/642/2727 4048/651/2737 4049/652/2738
f 4037/642/2727 4049/652/2738 4038/641/2728
f 4039/640/2729 4050/654/2739 4051/653/2740
f 4039/640/2729 4051/653/2740 4041/644/2731
f 4044/647/2733 4052/656/2740 4053/655/2741
f 4044/647/2733 4053/655/2741 4045/646/2734
f 4045/646/2734 4053/655/2741 4054/657/2742
f 4045/646/2734 4054/657/2742 4047/650/2736
f 4047/650/2736 4054/657/2742 4055/658/2743
f 4047/650/2736 4055/658/2743 4049/652/2738
f 4049/652/2738 4055/658/2743 4056/659/2744
f 4049/652/2738 4056/659/2744 4038/641/2728
f 4050/654/2739 4039/640/2729 4038/641/2728
f 4050/654/2739 4038/641/2728 4056/659/2744
f 4016/621/2707 4036/639/2726 4040/643/2730
f 4016/621/2707 4040/643/2730 4027/631/2716
f 4025/628/2716 4043/648/2730 4042/645/2732
f 4025/628/2716 4042/645/2732 4023/626/2714
f 4023/626/2714 4042/645/2732 4046/649/2735
f 4023/626/2714 4046/649/2735 4021/624/2712
f 4021/624/2712 4046/649/2735 4048/651/2737
f 4021/624/2712 4048/651/2737 4019/622/2710
f 4019/622/2710 4048/651/2737 4037/642/2727
f 4019/622/2710 4037/642/2727 4015/618/2706
f 4036/639/2726 4016/621/2707 4015/618/2706
f 4036/639/2726 4015/618/2706 4037/642/2727
f 4057/490/2745 4058/493/2745 4059/492/2745
f 4057/490/2745 4059/492/2745 4060/491/2745
f 4061/491/2746 4062/492/2746 4063/495/2747
f 4061/491/2746 4063/495/2747 4064/494/2747
f 4065/494/2748 4066/495/2748 4067/497/2749
f 4065/494/2748 4067/497/2749 4068/496/2749
f 4069/496/2750 4070/497/2750 4071/499/2750
f 4069/496/2750 4071/499/2750 4072/498/2750
f 4073/498/2751 4074/499/2751 4075/501/2751
f 4073/498/2751 4075/501/2751 4076/500/2751
f 4077/500/2752 4078/501/2752 4079/503/2752
f 4077/500/2752 4079/503/2752 4080/502/2752
f 4081/508/66 4082/507/66 4083/506/66
f 4081/508/66 4083/506/66 4084/505/66
f 4081/508/66 4085/509/458 4086/504/66
f 4081/508/66 4086/504/66 4082/507/66
f 4087/2021/2753 4088/2022/2754 4089/2023/2755
f 4087/2021/2753 4089/2023/2755 4090/2024/2756
f 4090/2024/2756 4089/2023/2755 4091/2025/1226
f 4090/2024/2756 4091/2025/1226 4092/2026/1225
f 4093/2027/2757 4094/2028/2758 4095/2029/2759
f 4093/2027/2757 4095/2029/2759 4096/2030/2760
f 4097/2031/2761 4098/2032/2762 4099/2033/1222
f 4097/2031/2761 4099/2033/1222 4100/2034/2763
f 4101/2035/2764 4102/2036/2765 4103/2037/1192
f 4101/2035/2764 4103/2037/1192 4104/2038/1219
f 4087/2021/2753 4090/2024/2756 4105/2039/1219
f 4087/2021/2753 4105/2039/1219 4106/2040/1192
f 4107/2041/2766 4108/2042/2767 4109/2043/2768
f 4107/2041/2766 4109/2043/2768 4110/2044/2769
f 4093/2027/2757 4096/2030/2760 4111/2045/1186
f 4093/2027/2757 4111/2045/1186 4112/2046/1183
f 4113/2047/2770 4114/2048/1210 4115/2049/2771
f 4113/2047/2770 4115/2049/2771 4116/2050/2772
f 4117/2051/2773 4118/2052/1183 4119/2053/2774
f 4117/2051/2773 4119/2053/2774 4120/2054/2775
f 4121/2055/2776 4101/2035/2764 4104/2038/1219
f 4121/2055/2776 4104/2038/1219 4122/2056/2777
f 4123/2057/1219 4113/2047/2770 4116/2050/2772
f 4123/2057/1219 4116/2050/2772 4124/2058/2777
f 4116/2050/2772 4115/2049/2771 4125/2059/2778
f 4116/2050/2772 4125/2059/2778 4126/2060/2779
f 4120/2054/2775 4119/2053/2774 4127/2061/2780
f 4120/2054/2775 4127/2061/2780 4128/2062/2781
f 4129/2063/2782 4130/2064/2783 4121/2055/2776
f 4129/2063/2782 4121/2055/2776 4122/2056/2777
f 4124/2058/2777 4116/2050/2772 4126/2060/2779
f 4124/2058/2777 4126/2060/2779 4131/2065/2784
f 4132/2066/2785 4133/2067/2786 4117/2051/2773
f 4132/2066/2785 4117/2051/2773 4120/2054/2775
f 4128/2062/2781 4134/2068/2787 4132/2066/2785
f 4128/2062/2781 4132/2066/2785 4120/2054/2775
f 4135/2069/2788 4136/2070/2789 4137/2071/2790
f 4135/2069/2788 4137/2071/2790 4138/2072/2791
f 4139/2073/2774 4140/2074/2792 4141/2075/2793
f 4139/2073/2774 4141/2075/2793 4142/2076/2794
f 4143/2077/1183 4144/2078/1182 4140/2074/2792
f 4143/2077/1183 4140/2074/2792 4139/2073/2774
f 4145/2079/1184 4146/2080/1185 4144/2078/1182
f 4145/2079/1184 4144/2078/1182 4143/2077/1183
f 4147/2081/1180 4148/2082/1181 4149/2083/2795
f 4147/2081/1180 4149/2083/2795 4150/2084/2796
f 4151/2085/2797 4152/2086/1173 4094/2028/2758
f 4151/2085/2797 4094/2028/2758 4093/2027/2757
f 4153/2087/1258 4154/2088/1259 4155/2089/1229
f 4153/2087/1258 4155/2089/1229 4156/2090/1228
f 4157/2091/2798 4158/2092/2799 4153/2087/1258
f 4157/2091/2798 4153/2087/1258 4156/2090/1228
f 4159/2093/2800 4160/2094/2801 4161/2095/2802
f 4159/2093/2800 4161/2095/2802 4162/2096/2803
f 4163/2097/2804 4164/2098/1240 4165/2099/2805
f 4163/2097/2804 4165/2099/2805 4166/2100/2806
f 4165/2099/2805 4167/2101/2807 4168/2102/1251
f 4165/2099/2805 4168/2102/1251 4166/2100/2806
f 4167/2101/2807 4169/2103/1244 4170/2104/1252
f 4167/2101/2807 4170/2104/1252 4168/2102/1251
f 4171/2105/2808 4172/2106/1181 4173/2107/1181
f 4171/2105/2808 4173/2107/1181 4174/2108/1246
f 4175/2109/1260 4176/2110/1261 4177/2111/1249
f 4175/2109/1260 4177/2111/1249 4178/2112/1248
f 4179/2113/1241 4180/2114/1243 4169/2103/1244
f 4179/2113/1241 4169/2103/1244 4167/2101/2807
f 4181/2115/2809 4179/2113/1241 4167/2101/2807
f 4181/2115/2809 4167/2101/2807 4165/2099/2805
f 4164/2098/1240 4182/2116/2810 4181/2115/2809
f 4164/2098/1240 4181/2115/2809 4165/2099/2805
f 4162/2096/2803 4161/2095/2802 4183/2117/2811
f 4162/2096/2803 4183/2117/2811 4184/2118/2812
f 4185/2119/2813 4157/2091/2798 4156/2090/1228
f 4185/2119/2813 4156/2090/1228 4186/2120/1227
f 4156/2090/1228 4155/2089/1229 4187/2121/2814
f 4156/2090/1228 4187/2121/2814 4186/2120/1227
f 4178/2112/1248 4177/2111/1249 4188/2122/2815
f 4178/2112/1248 4188/2122/2815 4189/2123/1247
f 4174/2108/1246 4173/2107/1181 4190/2124/1181
f 4174/2108/1246 4190/2124/1181 4191/2125/1245
f 4192/2126/2816 4193/2127/2817 4194/2128/2761
f 4192/2126/2816 4194/2128/2761 4195/2129/2818
f 4196/2130/1274 4197/2131/2819 4192/2126/2816
f 4196/2130/1274 4192/2126/2816 4195/2129/2818
f 4198/2132/1269 4199/2133/1271 4171/2105/2808
f 4198/2132/1269 4171/2105/2808 4174/2108/1246
f 4200/2134/2820 4198/2132/1269 4174/2108/1246
f 4200/2134/2820 4174/2108/1246 4191/2125/1245
f 4201/2135/1263 4202/2136/1268 4203/2137/1267
f 4201/2135/1263 4203/2137/1267 4204/2138/1264
f 4205/2139/2821 4201/2135/1263 4204/2138/1264
f 4205/2139/2821 4204/2138/1264 4206/2140/2795
f 4089/2023/2755 4088/2022/2754 4207/2141/2822
f 4089/2023/2755 4207/2141/2822 4208/2142/2823
f 4209/2143/2824 4091/2025/1226 4089/2023/2755
f 4209/2143/2824 4089/2023/2755 4208/2142/2823
f 4177/2111/1249 4176/2110/1261 4210/2144/2825
f 4177/2111/1249 4210/2144/2825 4211/2145/1281
f 4188/2122/2815 4177/2111/1249 4211/2145/1281
f 4188/2122/2815 4211/2145/1281 4212/2146/1282
f 4094/2028/2758 4152/2086/1173 4213/2147/2826
f 4094/2028/2758 4213/2147/2826 4214/2148/2827
f 4095/2029/2759 4094/2028/2758 4214/2148/2827
f 4095/2029/2759 4214/2148/2827 4215/2149/2828
f 4211/2145/1281 4210/2144/2825 4216/2150/2829
f 4211/2145/1281 4216/2150/2829 4217/2151/2830
f 4218/2152/2831 4219/2153/1294 4209/2143/2824
f 4218/2152/2831 4209/2143/2824 4208/2142/2823
f 4208/2142/2823 4207/2141/2822 4220/2154/2832
f 4208/2142/2823 4220/2154/2832 4218/2152/2831
f 4215/2149/2828 4214/2148/2827 4221/2155/1289
f 4215/2149/2828 4221/2155/1289 4222/2156/2833
f 4214/2148/2827 4213/2147/2826 4223/2157/2834
f 4214/2148/2827 4223/2157/2834 4221/2155/1289
f 4212/2146/1282 4211/2145/1281 4217/2151/2830
f 4212/2146/1282 4217/2151/2830 4224/2158/1288
f 4144/2078/1182 4146/2080/1185 4180/2114/1243
f 4144/2078/1182 4180/2114/1243 4179/2113/1241
f 4140/2074/2792 4144/2078/1182 4179/2113/1241
f 4140/2074/2792 4179/2113/1241 4181/2115/2809
f 4182/2116/2810 4141/2075/2793 4140/2074/2792
f 4182/2116/2810 4140/2074/2792 4181/2115/2809
f 4184/2118/2812 4183/2117/2811 4136/2070/2789
f 4184/2118/2812 4136/2070/2789 4135/2069/2788
f 4134/2068/2787 4185/2119/2813 4186/2120/1227
f 4134/2068/2787 4186/2120/1227 4132/2066/2785
f 4186/2120/1227 4187/2121/2814 4133/2067/2786
f 4186/2120/1227 4133/2067/2786 4132/2066/2785
f 4189/2123/1247 4188/2122/2815 4152/2086/1173
f 4189/2123/1247 4152/2086/1173 4151/2085/2797
f 4213/2147/2826 4152/2086/1173 4188/2122/2815
f 4213/2147/2826 4188/2122/2815 4212/2146/1282
f 4224/2158/1288 4223/2157/2834 4213/2147/2826
f 4224/2158/1288 4213/2147/2826 4212/2146/1282
f 4203/2137/1267 4202/2136/1268 4200/2134/2820
f 4203/2137/1267 4200/2134/2820 4191/2125/1245
f 4191/2125/1245 4190/2124/1181 4148/2082/1181
f 4191/2125/1245 4148/2082/1181 4147/2081/1180
f 4115/2049/2771 4114/2048/1210 4154/2088/1259
f 4115/2049/2771 4154/2088/1259 4153/2087/1258
f 4158/2092/2799 4125/2059/2778 4115/2049/2771
f 4158/2092/2799 4115/2049/2771 4153/2087/1258
f 4109/2043/2768 4108/2042/2767 4160/2094/2801
f 4109/2043/2768 4160/2094/2801 4159/2093/2800
f 4130/2064/2783 4163/2097/2804 4166/2100/2806
f 4130/2064/2783 4166/2100/2806 4121/2055/2776
f 4166/2100/2806 4168/2102/1251 4101/2035/2764
f 4166/2100/2806 4101/2035/2764 4121/2055/2776
f 4168/2102/1251 4170/2104/1252 4102/2036/2765
f 4168/2102/1251 4102/2036/2765 4101/2035/2764
f 4099/2033/1222 4098/2032/2762 4172/2106/1181
f 4099/2033/1222 4172/2106/1181 4171/2105/2808
f 4199/2133/1271 4197/2131/2819 4196/2130/1274
f 4199/2133/1271 4196/2130/1274 4171/2105/2808
f 4210/2144/2825 4209/2143/2824 4219/2153/1294
f 4210/2144/2825 4219/2153/1294 4216/2150/2829
f 4176/2110/1261 4091/2025/1226 4209/2143/2824
f 4176/2110/1261 4209/2143/2824 4210/2144/2825
f 4092/2026/1225 4091/2025/1226 4176/2110/1261
f 4092/2026/1225 4176/2110/1261 4175/2109/1260
f 4218/2152/2831 4220/2154/2832 4193/2127/2817
f 4218/2152/2831 4193/2127/2817 4192/2126/2816
f 4197/2131/2819 4219/2153/1294 4218/2152/2831
f 4197/2131/2819 4218/2152/2831 4192/2126/2816
f 4216/2150/2829 4219/2153/1294 4197/2131/2819
f 4216/2150/2829 4197/2131/2819 4199/2133/1271
f 4217/2151/2830 4216/2150/2829 4199/2133/1271
f 4217/2151/2830 4199/2133/1271 4198/2132/1269
f 4224/2158/1288 4217/2151/2830 4198/2132/1269
f 4224/2158/1288 4198/2132/1269 4200/2134/2820
f 4202/2136/1268 4223/2157/2834 4224/2158/1288
f 4202/2136/1268 4224/2158/1288 4200/2134/2820
f 4221/2155/1289 4223/2157/2834 4202/2136/1268
f 4221/2155/1289 4202/2136/1268 4201/2135/1263
f 4222/2156/2833 4221/2155/1289 4201/2135/1263
f 4222/2156/2833 4201/2135/1263 4205/2139/2821
f 4131/2065/2784 4126/2060/2779 4107/2041/2766
f 4131/2065/2784 4107/2041/2766 4110/2044/2769
f 4109/2043/2768 4130/2064/2783 4129/2063/2782
f 4109/2043/2768 4129/2063/2782 4110/2044/2769
f 4159/2093/2800 4163/2097/2804 4130/2064/2783
f 4159/2093/2800 4130/2064/2783 4109/2043/2768
f 4162/2096/2803 4164/2098/1240 4163/2097/2804
f 4162/2096/2803 4163/2097/2804 4159/2093/2800
f 4184/2118/2812 4182/2116/2810 4164/2098/1240
f 4184/2118/2812 4164/2098/1240 4162/2096/2803
f 4135/2069/2788 4141/2075/2793 4182/2116/2810
f 4135/2069/2788 4182/2116/2810 4184/2118/2812
f 4142/2076/2794 4141/2075/2793 4135/2069/2788
f 4142/2076/2794 4135/2069/2788 4138/2072/2791
f 4128/2062/2781 4127/2061/2780 4138/2072/2791
f 4128/2062/2781 4138/2072/2791 4137/2071/2790
f 4136/2070/2789 4134/2068/2787 4128/2062/2781
f 4136/2070/2789 4128/2062/2781 4137/2071/2790
f 4183/2117/2811 4185/2119/2813 4134/2068/2787
f 4183/2117/2811 4134/2068/2787 4136/2070/2789
f 4161/2095/2802 4157/2091/2798 4185/2119/2813
f 4161/2095/2802 4185/2119/2813 4183/2117/2811
f 4160/2094/2801 4158/2092/2799 4157/2091/2798
f 4160/2094/2801 4157/2091/2798 4161/2095/2802
f 4108/2042/2767 4125/2059/2778 4158/2092/2799
f 4108/2042/2767 4158/2092/2799 4160/2094/2801
f 4126/2060/2779 4125/2059/2778 4108/2042/2767
f 4126/2060/2779 4108/2042/2767 4107/2041/2766
f 4225/2159/20 4226/2160/20 4227/2161/20
f 4225/2159/20 4227/2161/20 4228/2162/20
f 4229/2162/2835 4230/2161/2836 4231/2163/2837
f 4229/2162/2835 4231/2163/2837 4232/2164/2838
f 4233/2165/2839 4234/2166/2839 4235/2167/2840
f 4233/2165/2839 4235/2167/2840 4236/2168/2840
f 4237/2160/2841 4238/2159/2842 4239/2169/2843
f 4237/2160/2841 4239/2169/2843 4240/2170/2844
f 4241/2171/2845 4242/2172/2845 4243/2173/2845
f 4241/2171/2845 4243/2173/2845 4244/2174/2845
f 4245/2175/2846 4246/2176/2846 4231/2163/2837
f 4245/2175/2846 4231/2163/2837 4230/2161/2836
f 4229/2162/2835 4232/2164/2838 4239/2169/2843
f 4229/2162/2835 4239/2169/2843 4238/2159/2842
f 4237/2160/2841 4240/2170/2844 4247/2177/2847
f 4237/2160/2841 4247/2177/2847 4248/2178/2847
f 4249/2166/2848 4250/2179/2848 4251/2180/2848
f 4249/2166/2848 4251/2180/2848 4252/2167/2848
f 4253/2165/34 4254/2168/34 4255/2173/34
f 4253/2165/34 4255/2173/34 4256/2172/34
f 4257/2171/2849 4258/2174/2849 4259/2181/2849
f 4257/2171/2849 4259/2181/2849 4260/2182/2849
f 4227/2161/20 4226/2160/20 4261/2178/20
f 4227/2161/20 4261/2178/20 4262/2175/20
f 4263/2183/2850 4264/2184/25 4265/2185/2851
f 4263/2183/2850 4265/2185/2851 4266/2186/2852
f 4267/2187/2853 4263/2183/2850 4266/2186/2852
f 4267/2187/2853 4266/2186/2852 4268/2188/2854
f 4269/2189/2855 4267/2187/2853 4268/2188/2854
f 4269/2189/2855 4268/2188/2854 4270/2190/2856
f 4271/2191/2857 4272/2192/2858 4273/2193/2859
f 4271/2191/2857 4273/2193/2859 4274/2194/2860
f 4275/2195/2861 4271/2191/2857 4274/2194/2860
f 4275/2195/2861 4274/2194/2860 4276/2196/2862
f 4277/2197/66 4275/2195/2861 4276/2196/2862
f 4277/2197/66 4276/2196/2862 4278/2198/2863
f 4279/2199/2864 4280/2200/25 4281/2201/2865
f 4279/2199/2864 4281/2201/2865 4282/2202/2852
f 4283/2203/2866 4279/2199/2864 4282/2202/2852
f 4283/2203/2866 4282/2202/2852 4284/2204/2854
f 4285/2205/2855 4283/2203/2866 4284/2204/2854
f 4285/2205/2855 4284/2204/2854 4286/2206/2867
f 4287/2207/2868 4288/2208/2858 4289/2209/2859
f 4287/2207/2868 4289/2209/2859 4290/2210/2869
f 4291/2211/2870 4287/2207/2868 4290/2210/2869
f 4291/2211/2870 4290/2210/2869 4292/2212/2862
f 4293/2213/66 4291/2211/2870 4292/2212/2862
f 4293/2213/66 4292/2212/2862 4294/2214/2863
f 4295/2215/2871 4296/2216/28 4297/2217/2851
f 4295/2215/2871 4297/2217/2851 4298/2218/2852
f 4299/2219/2853 4295/2215/2871 4298/2218/2852
f 4299/2219/2853 4298/2218/2852 4300/2220/2854
f 4301/2221/2855 4299/2219/2853 4300/2220/2854
f 4301/2221/2855 4300/2220/2854 4302/2222/2856
f 4303/2223/2872 4304/2224/2858 4305/2225/2859
f 4303/2223/2872 4305/2225/2859 4306/2226/2869
f 4307/2227/2861 4303/2223/2872 4306/2226/2869
f 4307/2227/2861 4306/2226/2869 4308/2228/2862
f 4309/2229/66 4307/2227/2861 4308/2228/2862
f 4309/2229/66 4308/2228/2862 4310/2230/2863
f 4311/2231/2873 4312/2232/25 4313/2233/2874
f 4311/2231/2873 4313/2233/2874 4314/2234/2875
f 4315/2235/2876 4316/2236/2877 4317/2237/66
f 4315/2235/2876 4317/2237/66 4318/2238/2878
f 4319/2239/2879 4320/2240/2880 4321/2241/2881
f 4319/2239/2879 4321/2241/2881 4322/2242/2855
f 4320/2240/2880 4314/2234/2875 4313/2233/2874
f 4320/2240/2880 4313/2233/2874 4321/2241/2881
f 4315/2235/2876 4323/2243/2882 4324/2244/2883
f 4315/2235/2876 4324/2244/2883 4316/2236/2877
f 4323/2243/2882 4325/2245/2884 4326/2246/2858
f 4323/2243/2882 4326/2246/2858 4324/2244/2883
f 4327/2247/2885 4328/2248/25 4329/2249/25
f 4327/2247/2885 4329/2249/25 4330/2250/2886
f 4331/2251/2887 4327/2247/2885 4330/2250/2886
f 4331/2251/2887 4330/2250/2886 4332/2252/2887
f 4333/2253/2888 4331/2251/2887 4332/2252/2887
f 4333/2253/2888 4332/2252/2887 4334/2254/2888
f 4335/2255/2889 4336/2256/2890 4337/2257/2891
f 4335/2255/2889 4337/2257/2891 4338/2258/2889
f 4339/2259/2892 4335/2255/2889 4338/2258/2889
f 4339/2259/2892 4338/2258/2889 4340/2260/2892
f 4341/2261/66 4339/2259/2892 4340/2260/2892
f 4341/2261/66 4340/2260/2892 4342/2262/66
f 4343/2263/2885 4344/2264/25 4345/2265/25
f 4343/2263/2885 4345/2265/25 4346/2266/2893
f 4347/2267/2887 4343/2263/2885 4346/2266/2893
f 4347/2267/2887 4346/2266/2893 4348/2268/2887
f 4349/2269/2894 4347/2267/2887 4348/2268/2887
f 4349/2269/2894 4348/2268/2887 4350/2270/2888
f 4351/2271/2895 4352/2272/2891 4353/2273/2890
f 4351/2271/2895 4353/2273/2890 4354/2274/2889
f 4355/2275/2896 4351/2271/2895 4354/2274/2889
f 4355/2275/2896 4354/2274/2889 4356/2276/2892
f 4357/2277/66 4355/2275/2896 4356/2276/2892
f 4357/2277/66 4356/2276/2892 4358/2278/66
f 4359/2279/2886 4360/2280/25 4361/2281/25
f 4359/2279/2886 4361/2281/25 4362/2282/2886
f 4363/2283/2897 4359/2279/2886 4362/2282/2886
f 4363/2283/2897 4362/2282/2886 4364/2284/2897
f 4365/2285/2888 4363/2283/2897 4364/2284/2897
f 4365/2285/2888 4364/2284/2897 4366/2286/2888
f 4367/2287/2898 4368/2288/2891 4369/2289/2891
f 4367/2287/2898 4369/2289/2891 4370/2290/2889
f 4371/2291/2896 4367/2287/2898 4370/2290/2889
f 4371/2291/2896 4370/2290/2889 4372/2292/2892
f 4373/2293/66 4371/2291/2896 4372/2292/2892
f 4373/2293/66 4372/2292/2892 4374/2294/66
f 4375/2295/2899 4376/2296/25 4377/2297/2900
f 4375/2295/2899 4377/2297/2900 4378/2298/2901
f 4379/2299/2902 4375/2295/2899 4378/2298/2901
f 4379/2299/2902 4378/2298/2901 4380/2300/2903
f 4381/2301/2855 4379/2299/2902 4380/2300/2903
f 4381/2301/2855 4380/2300/2903 4382/2302/2904
f 4383/2303/2905 4384/2304/2858 4385/2305/2906
f 4383/2303/2905 4385/2305/2906 4386/2306/2907
f 4387/2307/2908 4383/2303/2905 4386/2306/2907
f 4387/2307/2908 4386/2306/2907 4388/2308/2909
f 4389/2309/66 4387/2307/2908 4388/2308/2909
f 4389/2309/66 4388/2308/2909 4390/2310/2910
f 4391/2311/2886 4392/2312/25 4393/2313/25
f 4391/2311/2886 4393/2313/25 4394/2314/2886
f 4395/2315/2887 4391/2311/2886 4394/2314/2886
f 4395/2315/2887 4394/2314/2886 4396/2316/2887
f 4397/2317/2894 4395/2315/2887 4396/2316/2887
f 4397/2317/2894 4396/2316/2887 4398/2318/2888
f 4399/2319/2889 4400/2320/2891 4401/2321/2890
f 4399/2319/2889 4401/2321/2890 4402/2322/2898
f 4403/2323/2896 4399/2319/2889 4402/2322/2898
f 4403/2323/2896 4402/2322/2898 4404/2324/2892
f 4405/2325/66 4403/2323/2896 4404/2324/2892
f 4405/2325/66 4404/2324/2892 4406/2326/66
f 4407/2327/7 4408/2328/7 4409/2329/7
f 4407/2327/7 4409/2329/7 4410/2330/7
f 4411/2253/25 4412/2254/25 4413/49/25
f 4411/2253/25 4413/49/25 4414/29/25
f 4415/2257/66 4416/2256/66 4417/31/66
f 4415/2257/66 4417/31/66 4418/48/66
f 4419/2269/25 4420/2270/25 4421/47/25
f 4419/2269/25 4421/47/25 4422/35/25
f 4423/2273/66 4424/2272/66 4425/37/66
f 4423/2273/66 4425/37/66 4426/46/66
f 4427/2285/25 4428/2286/25 4429/2331/25
f 4427/2285/25 4429/2331/25 4430/41/25
f 4431/2289/66 4432/2288/66 4433/43/66
f 4431/2289/66 4433/43/66 4434/2332/66
f 4435/2333/20 4436/2334/20 4437/2335/20
f 4435/2333/20 4437/2335/20 4438/2336/20
f 4439/2317/25 4440/2318/25 4441/51/25
f 4439/2317/25 4441/51/25 4442/2337/25
f 4443/2321/66 4444/2320/66 4445/2338/66
f 4443/2321/66 4445/2338/66 4446/50/66
f 4447/2339/853 4448/2340/20 4449/2186/853
f 4447/2339/853 4449/2186/853 4450/2185/853
f 4451/2341/2911 4452/2342/2911 4453/2343/2911
f 4451/2341/2911 4453/2343/2911 4454/2344/2911
f 4448/2340/20 4455/2345/20 4456/2188/20
f 4448/2340/20 4456/2188/20 4449/2186/853
f 4457/2346/7 4451/2341/2911 4454/2344/2911
f 4457/2346/7 4454/2344/2911 4458/2347/7
f 4455/2345/20 4459/2348/853 4460/2190/853
f 4455/2345/20 4460/2190/853 4456/2188/20
f 4461/2349/7 4457/2346/7 4458/2347/7
f 4461/2349/7 4458/2347/7 4462/2350/7
f 4463/2351/20 4464/2352/20 4465/2194/20
f 4463/2351/20 4465/2194/20 4466/2193/20
f 4467/2353/7 4468/2354/7 4469/2355/7
f 4467/2353/7 4469/2355/7 4470/2356/7
f 4464/2352/20 4471/2357/20 4472/2196/20
f 4464/2352/20 4472/2196/20 4465/2194/20
f 4473/2358/7 4467/2353/7 4470/2356/7
f 4473/2358/7 4470/2356/7 4474/2359/7
f 4471/2357/20 4475/2360/20 4476/2198/20
f 4471/2357/20 4476/2198/20 4472/2196/20
f 4477/2361/7 4473/2358/7 4474/2359/7
f 4477/2361/7 4474/2359/7 4478/2362/7
f 4479/2363/853 4480/2364/853 4481/2202/853
f 4479/2363/853 4481/2202/853 4482/2201/853
f 4483/2365/7 4484/2366/7 4485/2367/7
f 4483/2365/7 4485/2367/7 4486/2368/7
f 4480/2364/853 4487/2369/20 4488/2204/20
f 4480/2364/853 4488/2204/20 4481/2202/853
f 4489/2370/7 4483/2365/7 4486/2368/7
f 4489/2370/7 4486/2368/7 4490/2371/7
f 4487/2369/20 4491/2372/20 4492/2206/20
f 4487/2369/20 4492/2206/20 4488/2204/20
f 4493/2373/7 4489/2370/7 4490/2371/7
f 4493/2373/7 4490/2371/7 4494/2374/7
f 4495/2375/20 4496/2376/20 4497/2210/20
f 4495/2375/20 4497/2210/20 4498/2209/20
f 4499/2377/7 4500/2378/7 4501/2379/7
f 4499/2377/7 4501/2379/7 4502/2380/7
f 4496/2376/20 4503/2381/20 4504/2212/20
f 4496/2376/20 4504/2212/20 4497/2210/20
f 4505/2382/7 4499/2377/7 4502/2380/7
f 4505/2382/7 4502/2380/7 4506/2383/7
f 4503/2381/20 4507/2384/20 4508/2214/20
f 4503/2381/20 4508/2214/20 4504/2212/20
f 4509/2385/7 4505/2382/7 4506/2383/7
f 4509/2385/7 4506/2383/7 4510/2386/7
f 4511/2387/20 4512/2388/20 4513/2218/20
f 4511/2387/20 4513/2218/20 4514/2217/20
f 4515/2389/2911 4516/2390/2911 4517/2391/2911
f 4515/2389/2911 4517/2391/2911 4518/2392/2911
f 4512/2388/20 4519/2393/20 4520/2220/20
f 4512/2388/20 4520/2220/20 4513/2218/20
f 4521/2394/7 4515/2389/2911 4518/2392/2911
f 4521/2394/7 4518/2392/2911 4522/2395/7
f 4519/2393/20 4523/2396/20 4524/2222/20
f 4519/2393/20 4524/2222/20 4520/2220/20
f 4525/2397/7 4521/2394/7 4522/2395/7
f 4525/2397/7 4522/2395/7 4526/2398/7
f 4527/2399/20 4528/2400/20 4529/2226/20
f 4527/2399/20 4529/2226/20 4530/2225/20
f 4531/2401/7 4532/2402/7 4533/2403/7
f 4531/2401/7 4533/2403/7 4534/2404/7
f 4528/2400/20 4535/2405/20 4536/2228/20
f 4528/2400/20 4536/2228/20 4529/2226/20
f 4537/2406/7 4531/2401/7 4534/2404/7
f 4537/2406/7 4534/2404/7 4538/2407/7
f 4535/2405/20 4539/2408/20 4540/2230/20
f 4535/2405/20 4540/2230/20 4536/2228/20
f 4541/2409/7 4537/2406/7 4538/2407/7
f 4541/2409/7 4538/2407/7 4542/2410/7
f 4543/2411/853 4544/2412/853 4545/2413/853
f 4543/2411/853 4545/2413/853 4546/2414/853
f 4547/2415/7 4548/2416/7 4549/2231/7
f 4547/2415/7 4549/2231/7 4550/2234/7
f 4551/2417/20 4552/2418/20 4553/2419/20
f 4551/2417/20 4553/2419/20 4554/2420/20
f 4555/2421/7 4556/2422/7 4557/2235/7
f 4555/2421/7 4557/2235/7 4558/2238/7
f 4559/2423/7 4560/2424/7 4561/2240/7
f 4559/2423/7 4561/2240/7 4562/2239/7
f 4563/2425/20 4564/2426/20 4565/2427/20
f 4563/2425/20 4565/2427/20 4566/2428/20
f 4560/2424/7 4547/2415/7 4550/2234/7
f 4560/2424/7 4550/2234/7 4561/2240/7
f 4544/2412/853 4563/2425/20 4566/2428/20
f 4544/2412/853 4566/2428/20 4545/2413/853
f 4556/2422/7 4567/2429/7 4568/2243/7
f 4556/2422/7 4568/2243/7 4557/2235/7
f 4569/2430/20 4551/2417/20 4554/2420/20
f 4569/2430/20 4554/2420/20 4570/2431/20
f 4567/2429/7 4571/2432/7 4572/2245/7
f 4567/2429/7 4572/2245/7 4568/2243/7
f 4573/2433/20 4569/2430/20 4570/2431/20
f 4573/2433/20 4570/2431/20 4574/2434/20
f 4575/2435/7 4576/2436/7 4577/2437/7
f 4575/2435/7 4577/2437/7 4578/2438/7
f 120/100/20 119/99/20 4579/2439/20
f 120/100/20 4579/2439/20 4580/2440/20
f 4581/2441/7 4575/2435/7 4578/2438/7
f 4581/2441/7 4578/2438/7 4582/2442/7
f 4579/2439/20 4583/2443/20 4584/2444/20
f 4579/2439/20 4584/2444/20 4580/2440/20
f 4585/2445/7 4581/2441/7 4582/2442/7
f 4585/2445/7 4582/2442/7 4586/2446/7
f 4583/2443/20 4435/2333/20 4438/2336/20
f 4583/2443/20 4438/2336/20 4584/2444/20
f 4587/2447/7 4588/2448/7 4589/2449/7
f 4587/2447/7 4589/2449/7 4590/2450/7
f 4436/2334/20 4591/2451/20 4592/2452/20
f 4436/2334/20 4592/2452/20 4437/2335/20
f 4593/2453/7 4587/2447/7 4590/2450/7
f 4593/2453/7 4590/2450/7 4594/2454/7
f 4591/2451/20 4595/2455/20 4596/2456/20
f 4591/2451/20 4596/2456/20 4592/2452/20
f 4597/2457/7 4593/2453/7 4594/2454/7
f 4597/2457/7 4594/2454/7 4598/2458/7
f 4599/2458/2912 4600/2454/2913 4387/2307/2908
f 4599/2458/2912 4387/2307/2908 4389/2309/66
f 4600/2454/2913 4601/2450/2914 4383/2303/2905
f 4600/2454/2913 4383/2303/2905 4387/2307/2908
f 4601/2450/2914 4602/2449/2915 4384/2304/2858
f 4601/2450/2914 4384/2304/2858 4383/2303/2905
f 4603/2446/2916 4604/2442/2917 4379/2299/2902
f 4603/2446/2916 4379/2299/2902 4381/2301/2855
f 4604/2442/2917 4605/2438/2918 4375/2295/2899
f 4604/2442/2917 4375/2295/2899 4379/2299/2902
f 4605/2438/2918 4606/2437/2919 4376/2296/25
f 4605/2438/2918 4376/2296/25 4375/2295/2899
f 4607/2407/2920 4307/2227/2861 4309/2229/66
f 4607/2407/2920 4309/2229/66 4608/2410/2921
f 4609/2404/2922 4303/2223/2872 4307/2227/2861
f 4609/2404/2922 4307/2227/2861 4607/2407/2920
f 4610/2403/2923 4304/2224/2858 4303/2223/2872
f 4610/2403/2923 4303/2223/2872 4609/2404/2922
f 4611/2395/2924 4299/2219/2853 4301/2221/2855
f 4611/2395/2924 4301/2221/2855 4612/2398/2925
f 4613/2392/2926 4295/2215/2871 4299/2219/2853
f 4613/2392/2926 4299/2219/2853 4611/2395/2924
f 4614/2391/2927 4296/2216/28 4295/2215/2871
f 4614/2391/2927 4295/2215/2871 4613/2392/2926
f 4615/2383/2920 4291/2211/2870 4293/2213/66
f 4615/2383/2920 4293/2213/66 4616/2386/2928
f 4617/2380/2922 4287/2207/2868 4291/2211/2870
f 4617/2380/2922 4291/2211/2870 4615/2383/2920
f 4618/2379/2929 4288/2208/2858 4287/2207/2868
f 4618/2379/2929 4287/2207/2868 4617/2380/2922
f 4619/2371/2930 4283/2203/2866 4285/2205/2855
f 4619/2371/2930 4285/2205/2855 4620/2374/2931
f 4621/2368/2926 4279/2199/2864 4283/2203/2866
f 4621/2368/2926 4283/2203/2866 4619/2371/2930
f 4622/2367/2932 4280/2200/25 4279/2199/2864
f 4622/2367/2932 4279/2199/2864 4621/2368/2926
f 4623/2359/2920 4275/2195/2861 4277/2197/66
f 4623/2359/2920 4277/2197/66 4624/2362/2921
f 4625/2356/2922 4271/2191/2857 4275/2195/2861
f 4625/2356/2922 4275/2195/2861 4623/2359/2920
f 4626/2355/2929 4272/2192/2858 4271/2191/2857
f 4626/2355/2929 4271/2191/2857 4625/2356/2922
f 4627/2347/2924 4267/2187/2853 4269/2189/2855
f 4627/2347/2924 4269/2189/2855 4628/2350/2925
f 4629/2344/2926 4263/2183/2850 4267/2187/2853
f 4629/2344/2926 4267/2187/2853 4627/2347/2924
f 4630/2343/2932 4264/2184/25 4263/2183/2850
f 4630/2343/2932 4263/2183/2850 4629/2344/2926
f 4324/2244/2883 4326/2246/2858 4631/2434/2933
f 4324/2244/2883 4631/2434/2933 4632/2431/2934
f 4316/2236/2877 4324/2244/2883 4632/2431/2934
f 4316/2236/2877 4632/2431/2934 4633/2420/2935
f 4317/2237/66 4316/2236/2877 4633/2420/2935
f 4317/2237/66 4633/2420/2935 4634/2419/2936
f 4313/2233/2874 4312/2232/25 4635/2414/2937
f 4313/2233/2874 4635/2414/2937 4636/2413/2938
f 4321/2241/2881 4313/2233/2874 4636/2413/2938
f 4321/2241/2881 4636/2413/2938 4637/2428/2939
f 4322/2242/2855 4321/2241/2881 4637/2428/2939
f 4322/2242/2855 4637/2428/2939 4638/2427/2940
f 4639/2330/7 4640/2329/2941 4641/52/1751
f 4639/2330/7 4641/52/1751 4642/73/7
f 4643/2459/2942 4644/2460/2943 4645/2461/2944
f 4643/2459/2942 4645/2461/2944 4646/2462/2945
f 4647/2338/2946 4648/2463/2947 4649/2464/2947
f 4647/2338/2946 4649/2464/2947 4650/2465/2946
f 4651/2466/2948 4652/2467/2949 4653/2468/2949
f 4651/2466/2948 4653/2468/2949 4654/2469/2950
f 4655/2470/2951 4656/2471/2947 4657/2472/2947
f 4655/2470/2951 4657/2472/2947 4658/2473/2952
f 4659/2337/2953 4660/51/2953 4661/30/2953
f 4659/2337/2953 4661/30/2953 4662/2474/2953
f 4663/50/2954 4664/2338/2955 4665/2465/2955
f 4663/50/2954 4665/2465/2955 4666/33/2954
f 4667/48/2955 4668/31/2954 4669/33/2954
f 4667/48/2955 4669/33/2954 4670/39/2955
f 4671/46/2954 4672/37/2955 4673/39/2955
f 4671/46/2954 4673/39/2955 4674/45/2954
f 4675/2332/2955 4676/43/2955 4677/45/2955
f 4675/2332/2955 4677/45/2955 4678/2475/2955
f 4438/2336/20 4437/2335/20 4679/2476/20
f 4438/2336/20 4679/2476/20 4680/2477/20
f 4681/41/2956 4682/2331/2953 4683/2478/2953
f 4681/41/2956 4683/2478/2953 4684/42/2956
f 4685/35/2953 4686/47/2953 4687/42/2953
f 4685/35/2953 4687/42/2953 4688/36/2953
f 4689/29/2953 4690/49/2956 4691/36/2956
f 4689/29/2953 4691/36/2956 4692/30/2953
f 4656/2471/2947 4693/2332/2957 4694/2475/2958
f 4656/2471/2947 4694/2475/2958 4657/2472/2947
f 4695/2331/2959 4651/2466/2948 4654/2469/2950
f 4695/2331/2959 4654/2469/2950 4696/2478/2960
f 4648/2463/2947 4697/2479/2961 4698/2480/2962
f 4648/2463/2947 4698/2480/2962 4649/2464/2947
f 4644/2460/2943 4699/2337/2963 4700/2474/2964
f 4644/2460/2943 4700/2474/2964 4645/2461/2944
f 4701/54/34 4702/57/34 4703/73/34
f 4701/54/34 4703/73/34 4704/52/34
f 4705/69/35 4706/67/34 4707/57/34
f 4705/69/35 4707/57/34 4708/63/35
f 4709/59/34 4710/61/2965 4711/63/2965
f 4709/59/34 4711/63/2965 4712/60/34
f 4713/72/34 4714/70/34 4715/60/34
f 4713/72/34 4715/60/34 4716/54/34
f 4717/2481/2966 4718/2482/2967 4719/2483/2968
f 4717/2481/2966 4719/2483/2968 4720/2484/2969
f 4720/2484/2969 4719/2483/2968 4721/2485/2970
f 4720/2484/2969 4721/2485/2970 4722/2486/2971
f 4721/2485/2970 4723/91/2972 4724/74/2973
f 4721/2485/2970 4724/74/2973 4722/2486/2971
f 102/82/44 103/83/45 105/85/47
f 102/82/44 105/85/47 100/80/42
f 4725/77/2974 4726/2487/2975 4727/2488/2976
f 4725/77/2974 4727/2488/2976 4728/88/2977
f 4727/2488/2976 4726/2487/2975 4718/2482/2967
f 4727/2488/2976 4718/2482/2967 4717/2481/2966
f 4729/2489/2978 4730/2490/2979 4731/2491/2980
f 4729/2489/2978 4731/2491/2980 4732/2492/2981
f 4732/2492/2981 4731/2491/2980 4733/2493/2982
f 4732/2492/2981 4733/2493/2982 4734/2494/2983
f 4735/2495/2984 4736/2496/2985 4730/2490/2979
f 4735/2495/2984 4730/2490/2979 4729/2489/2978
f 4737/2497/2986 4738/2498/2987 4739/2499/2988
f 4737/2497/2986 4739/2499/2988 4740/2500/2989
f 4741/2501/2990 4742/2502/2991 4743/2503/2992
f 4741/2501/2990 4743/2503/2992 4744/2504/2993
f 4740/2500/2989 4739/2499/2988 4745/2505/2994
f 4740/2500/2989 4745/2505/2994 4746/2506/2995
f 4745/2505/2994 4747/2507/2996 4748/2508/2997
f 4745/2505/2994 4748/2508/2997 4746/2506/2995
f 4748/2508/2997 4747/2507/2996 4742/2502/2991
f 4748/2508/2997 4742/2502/2991 4741/2501/2990
f 4749/2509/2998 4750/2510/2999 4738/2498/2987
f 4749/2509/2998 4738/2498/2987 4737/2497/2986
f 4751/2511/3000 4750/2510/2999 4749/2509/2998
f 4751/2511/3000 4749/2509/2998 4752/2512/3001
f 4744/2504/2993 4743/2503/2992 4751/2511/3000
f 4744/2504/2993 4751/2511/3000 4752/2512/3001
f 4753/2513/3002 4754/2514/3003 4755/2515/3004
f 4753/2513/3002 4755/2515/3004 4756/2516/3005
f 4757/2517/3006 4758/2518/3007 4759/2519/3008
f 4757/2517/3006 4759/2519/3008 4760/2520/3009
f 4756/2516/3005 4755/2515/3004 4761/2521/3010
f 4756/2516/3005 4761/2521/3010 4762/2522/3011
f 4761/2521/3010 4763/2523/3012 4764/2524/3012
f 4761/2521/3010 4764/2524/3012 4762/2522/3011
f 4758/2518/3007 4765/2524/3013 4766/2523/3013
f 4758/2518/3007 4766/2523/3013 4759/2519/3008
f 4767/2525/3014 4768/2526/3015 4769/2527/3016
f 4767/2525/3014 4769/2527/3016 4770/2528/3017
f 4771/2529/3018 4768/2526/3015 4767/2525/3014
f 4771/2529/3018 4767/2525/3014 4772/2530/3018
f 4773/2530/3019 4757/2517/3006 4760/2520/3009
f 4773/2530/3019 4760/2520/3009 4774/2529/3020
f 4775/2531/3021 4776/2532/3022 4777/2533/3022
f 4775/2531/3021 4777/2533/3022 4778/2534/3021
f 4779/2535/3023 4780/2536/3023 4781/2537/3023
f 4779/2535/3023 4781/2537/3023 4782/2538/3023
f 4783/2539/3024 4784/2540/3025 4785/2541/3026
f 4783/2539/3024 4785/2541/3026 4786/2542/3024
f 108/88/50 107/87/49 98/78/40
f 108/88/50 98/78/40 97/77/39
f 4787/2543/3027 4788/2544/3028 4789/2545/3029
f 4787/2543/3027 4789/2545/3029 4790/2546/3029
f 111/91/53 110/90/52 95/75/37
f 111/91/53 95/75/37 94/74/36
f 4791/2547/3030 4792/2538/3030 4793/2537/3030
f 4791/2547/3030 4793/2537/3030 4794/2548/3030
f 4795/2545/3031 4796/2544/3032 4797/2549/3033
f 4795/2545/3031 4797/2549/3033 4798/2550/3034
f 116/96/58 112/92/54 114/94/56
f 116/96/58 114/94/56 117/97/59
f 115/95/57 101/81/43 100/80/42
f 115/95/57 100/80/42 116/96/58
f 100/80/42 105/85/47 112/92/54
f 100/80/42 112/92/54 116/96/58
f 105/85/47 104/84/46 113/93/55
f 105/85/47 113/93/55 112/92/54
f 4595/2455/20 26/26/20 25/25/20
f 4595/2455/20 25/25/20 4596/2456/20
f 4799/99/20 4800/98/20 27/27/20
f 4799/99/20 27/27/20 26/26/20
f 4801/2551/25 4802/2552/2886 4803/2553/2886
f 4801/2551/25 4803/2553/2886 4804/2554/25
f 4805/2555/3035 4806/2556/3036 4807/2557/3037
f 4805/2555/3035 4807/2557/3037 4808/2558/3038
f 4809/2559/2892 4810/2560/66 4811/2561/66
f 4809/2559/2892 4811/2561/66 4812/2562/2896
f 4813/2563/2887 4805/2555/3035 4808/2558/3038
f 4813/2563/2887 4808/2558/3038 4814/2564/3039
f 4802/2552/2886 4813/2563/2887 4814/2564/3039
f 4802/2552/2886 4814/2564/3039 4803/2553/2886
f 4815/2565/3040 4809/2559/2892 4812/2562/2896
f 4815/2565/3040 4812/2562/2896 4816/2566/2898
f 4806/2556/3036 4815/2565/3040 4816/2566/2898
f 4806/2556/3036 4816/2566/2898 4807/2557/3037
f 4817/2567/7 4818/2568/7 4819/2569/7
f 4817/2567/7 4819/2569/7 4820/2570/7
f 4821/2571/7 4822/2572/7 4823/2573/7
f 4821/2571/7 4823/2573/7 4824/2574/7
f 4825/2575/7 4826/2576/7 4827/2577/7
f 4825/2575/7 4827/2577/7 4828/2578/7
f 4829/2579/7 4821/2571/7 4824/2574/7
f 4829/2579/7 4824/2574/7 4830/2580/7
f 4818/2568/7 4829/2579/7 4830/2580/7
f 4818/2568/7 4830/2580/7 4819/2569/7
f 4831/2581/7 4825/2575/7 4828/2578/7
f 4831/2581/7 4828/2578/7 4832/2582/7
f 4822/2572/7 4831/2581/7 4832/2582/7
f 4822/2572/7 4832/2582/7 4823/2573/7
f 4833/2583/3041 4834/2584/3042 4835/2585/3042
f 4833/2583/3041 4835/2585/3042 4836/2586/3041
f 4837/2587/3043 4838/2588/3044 4839/2589/3044
f 4837/2587/3043 4839/2589/3044 4840/2590/3043
f 4841/2591/3045 4842/2592/3046 4843/2593/3046
f 4841/2591/3045 4843/2593/3046 4844/2594/3045
f 4845/2595/3047 4837/2587/3043 4840/2590/3043
f 4845/2595/3047 4840/2590/3043 4846/2596/3047
f 4834/2584/3042 4845/2595/3047 4846/2596/3047
f 4834/2584/3042 4846/2596/3047 4835/2585/3042
f 4847/2597/3048 4841/2591/3045 4844/2594/3045
f 4847/2597/3048 4844/2594/3045 4848/2598/3048
f 4838/2588/3044 4847/2597/3048 4848/2598/3048
f 4838/2588/3044 4848/2598/3048 4839/2589/3044
f 4849/2599/7 4850/2600/2911 4851/2601/2911
f 4849/2599/7 4851/2601/2911 4852/2602/7
f 4853/2603/7 4854/2604/7 4855/2605/7
f 4853/2603/7 4855/2605/7 4856/2606/7
f 4857/2607/7 4858/2608/2911 4859/2609/2911
f 4857/2607/7 4859/2609/2911 4860/2610/7
f 4861/2611/1751 4853/2603/7 4856/2606/7
f 4861/2611/1751 4856/2606/7 4862/2612/1751
f 4850/2600/2911 4861/2611/1751 4862/2612/1751
f 4850/2600/2911 4862/2612/1751 4851/2601/2911
f 4863/2613/2911 4857/2607/7 4860/2610/7
f 4863/2613/2911 4860/2610/7 4864/2614/2911
f 4854/2604/7 4863/2613/2911 4864/2614/2911
f 4854/2604/7 4864/2614/2911 4855/2605/7
f 4865/2602/3049 4866/2601/3050 4867/2615/3050
f 4865/2602/3049 4867/2615/3050 4868/2616/3049
f 4869/2606/3051 4870/2605/3052 4871/2617/3052
f 4869/2606/3051 4871/2617/3052 4872/2618/3051
f 4873/2610/3053 4874/2609/3054 4875/2619/3054
f 4873/2610/3053 4875/2619/3054 4876/2620/3053
f 4877/2612/3055 4869/2606/3051 4872/2618/3051
f 4877/2612/3055 4872/2618/3051 4878/2621/3055
f 4866/2601/3050 4877/2612/3055 4878/2621/3055
f 4866/2601/3050 4878/2621/3055 4867/2615/3050
f 4879/2614/3056 4873/2610/3053 4876/2620/3053
f 4879/2614/3056 4876/2620/3053 4880/2622/3057
f 4870/2605/3052 4879/2614/3056 4880/2622/3057
f 4870/2605/3052 4880/2622/3057 4871/2617/3052
f 4881/2616/7 4882/2615/7 4883/2620/7
f 4881/2616/7 4883/2620/7 4884/2619/7
f 4885/2615/7 4886/2621/7 4887/2622/7
f 4885/2615/7 4887/2622/7 4888/2620/7
f 4889/2617/3058 4890/2622/3058 4891/2621/3059
f 4889/2617/3058 4891/2621/3059 4892/2618/3059
f 4893/1117/3060 4894/1120/3060 4895/1119/3060
f 4893/1117/3060 4895/1119/3060 4896/1118/3060
f 4897/1118/3061 4898/1119/3062 4899/1122/3061
f 4897/1118/3061 4899/1122/3061 4900/1121/3061
f 4901/1121/3063 4902/1122/3064 4903/1124/3063
f 4901/1121/3063 4903/1124/3063 4904/1123/3063
f 4905/1123/3065 4906/1124/3065 4907/1126/3065
f 4905/1123/3065 4907/1126/3065 4908/1125/3065
f 4909/1125/3066 4910/1126/3066 4911/1128/3066
f 4909/1125/3066 4911/1128/3066 4912/1127/3066
f 4913/1127/3067 4914/1128/3067 4915/1130/3067
f 4913/1127/3067 4915/1130/3067 4916/1129/3067
f 4917/1132/66 4918/1131/66 4919/1134/66
f 4917/1132/66 4919/1134/66 4920/1133/66
f 4921/1135/66 4918/1131/66 4917/1132/66
f 4921/1135/66 4917/1132/66 4922/1136/66
f 4923/2623/3068 4924/2624/3068 4925/2625/3069
f 4923/2623/3068 4925/2625/3069 4926/2626/3069
f 4927/2627/3070 4928/2628/3070 4929/2629/3071
f 4927/2627/3070 4929/2629/3071 4930/2630/3071
f 4931/2628/3072 4932/2631/3072 4933/2632/3073
f 4931/2628/3072 4933/2632/3073 4934/2629/3073
f 4935/2631/3074 4936/2623/3075 4937/2626/3076
f 4935/2631/3074 4937/2626/3076 4938/2632/3076
f 4939/1897/28 4940/1898/25 4941/1899/3077
f 4939/1897/28 4941/1899/3077 4942/1900/3078
f 4942/1900/3078 4941/1899/3077 4943/1901/3079
f 4942/1900/3078 4943/1901/3079 4944/1902/3080
f 4944/1902/3080 4943/1901/3079 4945/1903/3081
f 4944/1902/3080 4945/1903/3081 4946/1904/3081
f 4947/1905/3082 4948/1906/3082 4943/1901/3079
f 4947/1905/3082 4943/1901/3079 4941/1899/3077
f 4949/1907/3083 4950/1908/3083 4942/1900/3078
f 4949/1907/3083 4942/1900/3078 4944/1902/3080
f 4951/2633/25 4952/2634/25 4953/2635/25
f 4951/2633/25 4953/2635/25 4954/2636/25
f 4955/2637/66 4956/2638/66 4957/2639/66
f 4955/2637/66 4957/2639/66 4958/2640/66
f 4959/2634/20 4960/2639/20 4961/2638/20
f 4959/2634/20 4961/2638/20 4962/2635/20
f 4963/2641/7 4964/2633/7 4965/2636/7
f 4963/2641/7 4965/2636/7 4966/2642/7
f 4967/2643/3084 4968/2644/3084 4969/2645/3084
f 4967/2643/3084 4969/2645/3084 4970/2646/3085
f 4971/2647/3086 4972/2648/3087 4973/2649/3088
f 4971/2647/3086 4973/2649/3088 4974/2650/3089
f 4972/2648/3087 4975/2651/3090 4976/2652/3091
f 4972/2648/3087 4976/2652/3091 4973/2649/3088
f 4975/2651/3090 4977/2653/3092 4978/2654/3093
f 4975/2651/3090 4978/2654/3093 4976/2652/3091
f 4977/2653/3092 4979/2655/3094 4980/2656/3095
f 4977/2653/3092 4980/2656/3095 4978/2654/3093
f 4981/2657/3096 4982/2658/3097 4983/2659/3098
f 4981/2657/3096 4983/2659/3098 4984/2660/3099
f 4982/2658/3097 4985/2661/3100 4986/2662/3101
f 4982/2658/3097 4986/2662/3101 4983/2659/3098
f 4985/2661/3100 4987/2663/3102 4988/2664/3103
f 4985/2661/3100 4988/2664/3103 4986/2662/3101
f 4987/2663/3102 4989/2665/3104 4990/2666/3105
f 4987/2663/3102 4990/2666/3105 4988/2664/3103
f 4989/2665/3104 4991/2667/3106 4992/2668/3107
f 4989/2665/3104 4992/2668/3107 4990/2666/3105
f 4991/2667/3106 4971/2647/3086 4974/2650/3089
f 4991/2667/3106 4974/2650/3089 4992/2668/3107
f 4974/2650/3089 4993/2649/3108 4994/2669/3108
f 4974/2650/3089 4994/2669/3108 4995/2670/3109
f 4993/2649/3108 4976/2652/3091 4996/2671/3110
f 4993/2649/3108 4996/2671/3110 4994/2669/3108
f 4976/2652/3091 4978/2654/3093 4997/2672/3111
f 4976/2652/3091 4997/2672/3111 4996/2671/3110
f 4978/2654/3093 4980/2656/3095 4998/2673/3112
f 4978/2654/3093 4998/2673/3112 4997/2672/3111
f 4984/2660/3099 4983/2659/3098 4999/2674/3113
f 4984/2660/3099 4999/2674/3113 5000/2675/3114
f 4983/2659/3098 4986/2662/3101 5001/2676/3115
f 4983/2659/3098 5001/2676/3115 4999/2674/3113
f 4986/2662/3101 4988/2664/3103 5002/2677/3116
f 4986/2662/3101 5002/2677/3116 5001/2676/3115
f 4988/2664/3103 4990/2666/3105 5003/2678/3117
f 4988/2664/3103 5003/2678/3117 5002/2677/3116
f 4990/2666/3105 4992/2668/3107 5004/2679/3118
f 4990/2666/3105 5004/2679/3118 5003/2678/3117
f 4992/2668/3107 4974/2650/3089 4995/2670/3109
f 4992/2668/3107 4995/2670/3109 5004/2679/3118
f 5005/2670/3119 5006/2669/3120 5007/2680/3121
f 5005/2670/3119 5007/2680/3121 5008/2681/3119
f 5006/2669/3120 5009/2671/3122 5010/2682/3122
f 5006/2669/3120 5010/2682/3122 5007/2680/3121
f 5009/2671/3122 5011/2672/3123 5012/2683/3123
f 5009/2671/3122 5012/2683/3123 5010/2682/3122
f 5011/2672/3123 5013/2673/3124 5014/2684/3124
f 5011/2672/3123 5014/2684/3124 5012/2683/3123
f 5015/2675/3125 5016/2674/3126 5017/2685/3126
f 5015/2675/3125 5017/2685/3126 5018/2686/3125
f 5016/2674/3126 5019/2676/3127 5020/2687/3127
f 5016/2674/3126 5020/2687/3127 5017/2685/3126
f 5019/2676/3127 5021/2677/3128 5022/2688/3129
f 5019/2676/3127 5022/2688/3129 5020/2687/3127
f 5021/2677/3128 5023/2678/3130 5024/2689/3130
f 5021/2677/3128 5024/2689/3130 5022/2688/3129
f 5023/2678/3130 5025/2679/3131 5026/2690/3132
f 5023/2678/3130 5026/2690/3132 5024/2689/3130
f 5025/2679/3131 5005/2670/3119 5008/2681/3119
f 5025/2679/3131 5008/2681/3119 5026/2690/3132
f 5027/2681/3133 5028/2680/3134 5029/2691/3134
f 5027/2681/3133 5029/2691/3134 5030/2692/3135
f 5028/2680/3134 5031/2682/3136 5032/2693/3137
f 5028/2680/3134 5032/2693/3137 5029/2691/3134
f 5031/2682/3136 5033/2683/3138 5034/2694/3139
f 5031/2682/3136 5034/2694/3139 5032/2693/3137
f 5033/2683/3138 5035/2684/3140 5036/2695/3141
f 5033/2683/3138 5036/2695/3141 5034/2694/3139
f 5037/2686/3142 5038/2685/3143 5039/2696/3144
f 5037/2686/3142 5039/2696/3144 5040/2697/3145
f 5038/2685/3143 5041/2687/3146 5042/2698/3147
f 5038/2685/3143 5042/2698/3147 5039/2696/3144
f 5041/2687/3146 5043/2688/3148 5044/2699/3149
f 5041/2687/3146 5044/2699/3149 5042/2698/3147
f 5043/2688/3148 5045/2689/3150 5046/2700/3151
f 5043/2688/3148 5046/2700/3151 5044/2699/3149
f 5045/2689/3150 5047/2690/3152 5048/2701/3153
f 5045/2689/3150 5048/2701/3153 5046/2700/3151
f 5047/2690/3152 5027/2681/3133 5030/2692/3135
f 5047/2690/3152 5030/2692/3135 5048/2701/3153
f 5049/2702/3154 5050/2703/3155 5051/2704/3156
f 5049/2702/3154 5051/2704/3156 5052/2705/3157
f 5050/2703/3155 5053/2706/3158 5054/2707/3159
f 5050/2703/3155 5054/2707/3159 5051/2704/3156
f 5053/2706/3158 5055/2708/3160 5056/2709/3161
f 5053/2706/3158 5056/2709/3161 5054/2707/3159
f 5055/2708/3160 5057/2710/3162 5058/2711/3163
f 5055/2708/3160 5058/2711/3163 5056/2709/3161
f 5057/2710/3162 5059/2712/3164 5060/2713/3165
f 5057/2710/3162 5060/2713/3165 5058/2711/3163
f 5059/2712/3164 5061/2714/3147 5062/2715/3166
f 5059/2712/3164 5062/2715/3166 5060/2713/3165
f 5061/2714/3147 5063/2716/3167 5064/2717/3168
f 5061/2714/3147 5064/2717/3168 5062/2715/3166
f 5063/2716/3167 5065/2718/3169 5066/2719/3170
f 5063/2716/3167 5066/2719/3170 5064/2717/3168
f 5065/2718/3169 5067/2720/3153 5068/2721/3171
f 5065/2718/3169 5068/2721/3171 5066/2719/3170
f 5067/2720/3153 5049/2702/3154 5052/2705/3157
f 5067/2720/3153 5052/2705/3157 5068/2721/3171
f 5052/2705/3157 5051/2704/3156 5069/2722/3172
f 5052/2705/3157 5069/2722/3172 5070/2723/3173
f 5051/2704/3156 5054/2707/3159 5071/2724/3174
f 5051/2704/3156 5071/2724/3174 5069/2722/3172
f 5054/2707/3159 5056/2709/3161 5072/2725/3175
f 5054/2707/3159 5072/2725/3175 5071/2724/3174
f 5056/2709/3161 5058/2711/3163 5073/2726/3176
f 5056/2709/3161 5073/2726/3176 5072/2725/3175
f 5058/2711/3163 5060/2713/3165 5074/2727/3177
f 5058/2711/3163 5074/2727/3177 5073/2726/3176
f 5060/2713/3165 5062/2715/3166 5075/2728/3178
f 5060/2713/3165 5075/2728/3178 5074/2727/3177
f 5062/2715/3166 5064/2717/3168 5076/2729/3179
f 5062/2715/3166 5076/2729/3179 5075/2728/3178
f 5064/2717/3168 5066/2719/3170 5077/2730/3180
f 5064/2717/3168 5077/2730/3180 5076/2729/3179
f 5066/2719/3170 5068/2721/3171 5078/2731/3181
f 5066/2719/3170 5078/2731/3181 5077/2730/3180
f 5068/2721/3171 5052/2705/3157 5070/2723/3173
f 5068/2721/3171 5070/2723/3173 5078/2731/3181
f 5070/2723/3173 5069/2722/3172 5079/2732/3182
f 5070/2723/3173 5079/2732/3182 5080/2733/3183
f 5069/2722/3172 5071/2724/3174 5081/2734/3184
f 5069/2722/3172 5081/2734/3184 5079/2732/3182
f 5071/2724/3174 5072/2725/3175 5082/2735/3185
f 5071/2724/3174 5082/2735/3185 5081/2734/3184
f 5072/2725/3175 5073/2726/3176 5083/2736/3186
f 5072/2725/3175 5083/2736/3186 5082/2735/3185
f 5073/2726/3176 5074/2727/3177 5084/2737/3187
f 5073/2726/3176 5084/2737/3187 5083/2736/3186
f 5074/2727/3177 5075/2728/3178 5085/2738/3188
f 5074/2727/3177 5085/2738/3188 5084/2737/3187
f 5075/2728/3178 5076/2729/3179 5086/2739/3189
f 5075/2728/3178 5086/2739/3189 5085/2738/3188
f 5076/2729/3179 5077/2730/3180 5087/2740/3190
f 5076/2729/3179 5087/2740/3190 5086/2739/3189
f 5077/2730/3180 5078/2731/3181 5088/2741/3191
f 5077/2730/3180 5088/2741/3191 5087/2740/3190
f 5078/2731/3181 5070/2723/3173 5080/2733/3183
f 5078/2731/3181 5080/2733/3183 5088/2741/3191
f 4969/2645/3084 4968/2644/3084 5089/2742/3084
f 4969/2645/3084 5089/2742/3084 5090/2743/3192
f 5090/2743/3192 5089/2742/3084 5091/2744/3192
f 5090/2743/3192 5091/2744/3192 5092/2745/3192
f 5092/2745/3192 5091/2744/3192 5093/2746/3192
f 5092/2745/3192 5093/2746/3192 5094/2747/3085
f 5095/2748/3193 5096/2749/3194 5097/2750/3195
f 5095/2748/3193 5097/2750/3195 5098/2751/3196
f 5099/2752/3197 5100/2753/3198 5101/2754/3199
f 5099/2752/3197 5101/2754/3199 5102/2755/3199
f 5103/2756/3199 125/105/63 5099/2752/3197
f 5103/2756/3199 5099/2752/3197 5104/2755/3199
f 5105/2757/7 5099/2752/3197 125/105/63
f 5105/2757/7 125/105/63 127/107/7
f 5106/2758/7 5100/2753/3198 5099/2752/3197
f 5106/2758/7 5099/2752/3197 5105/2757/7
f 5097/2750/3195 5096/2749/3194 5107/2759/3200
f 5097/2750/3195 5107/2759/3200 5108/2760/3201
f 123/103/25 122/102/61 5109/2761/25
f 123/103/25 5109/2761/25 5110/2762/25
f 5111/2763/446 5112/2764/446 5113/2765/446
f 5111/2763/446 5113/2765/446 5114/2766/446
f 5115/2767/446 5116/2768/446 5117/2769/446
f 5115/2767/446 5117/2769/446 5118/2756/446
f 5119/2770/446 5120/2771/446 5121/2755/446
f 5119/2770/446 5121/2755/446 5122/2754/446
f 5123/2771/446 5124/2767/446 5125/2756/446
f 5123/2771/446 5125/2756/446 5126/2755/446
f 5127/2772/34 5128/2773/34 5129/2774/34
f 5127/2772/34 5129/2774/34 5130/2775/34
f 5131/2773/3202 5132/2776/3202 5133/2777/3202
f 5131/2773/3202 5133/2777/3202 5134/2774/3202
f 5135/2778/34 5136/2779/34 5137/2780/34
f 5135/2778/34 5137/2780/34 5138/2781/34
f 5139/2748/3203 5140/2782/3204 5119/2770/446
f 5139/2748/3203 5119/2770/446 5122/2754/446
f 5100/2753/3198 5096/2749/3194 5141/2748/3199
f 5100/2753/3198 5141/2748/3199 5142/2754/3199
f 5107/2759/3200 5096/2749/3194 5100/2753/3198
f 5107/2759/3200 5100/2753/3198 5106/2758/7
f 5143/2776/34 5136/2779/34 5135/2778/34
f 5143/2776/34 5135/2778/34 5144/2777/34
f 5145/2783/3205 5146/2784/3206 5147/2785/7
f 5145/2783/3205 5147/2785/7 126/106/64
f 5148/2786/3207 5145/2783/3205 126/106/64
f 5148/2786/3207 126/106/64 5149/2769/3208
f 5150/2768/446 5151/2787/446 5152/2786/446
f 5150/2768/446 5152/2786/446 5153/2769/446
f 5140/2782/3204 5139/2748/3203 5154/2765/3209
f 5140/2782/3204 5154/2765/3209 5155/2764/3210
f 5156/2748/3211 5157/2751/3212 5158/2766/3213
f 5156/2748/3211 5158/2766/3213 5159/2765/3214
f 5160/2761/3215 5161/2788/3215 5162/2789/3216
f 5160/2761/3215 5162/2789/3216 5163/2762/3217
f 5164/2790/3218 5165/2791/3219 5166/2772/3220
f 5164/2790/3218 5166/2772/3220 5167/2775/3220
f 5168/2792/34 5169/2793/3221 5170/2794/3222
f 5168/2792/34 5170/2794/3222 5171/2795/34
f 5172/2796/34 5169/2793/3221 5168/2792/34
f 5172/2796/34 5168/2792/34 5173/2797/34
f 5149/2769/3208 126/106/64 125/105/63
f 5149/2769/3208 125/105/63 5103/2756/3199
f 127/107/7 126/106/64 5147/2785/7
f 127/107/7 5147/2785/7 5174/2798/7
f 5170/2794/3222 5169/2793/3221 5165/2791/3219
f 5170/2794/3222 5165/2791/3219 5164/2790/3218
f 5175/2799/3223 5176/2800/3224 5177/2801/3195
f 5175/2799/3223 5177/2801/3195 5178/2802/3225
f 5179/2803/3197 5180/2804/3199 5181/2805/3199
f 5179/2803/3197 5181/2805/3199 5182/2806/3198
f 5183/2807/3208 5184/2804/3199 5179/2803/3197
f 5183/2807/3208 5179/2803/3197 132/112/63
f 5185/2808/7 133/113/7 132/112/63
f 5185/2808/7 132/112/63 5179/2803/3197
f 5186/2809/7 5185/2808/7 5179/2803/3197
f 5186/2809/7 5179/2803/3197 5182/2806/3198
f 5177/2801/3195 5187/2810/2911 5188/2811/3226
f 5177/2801/3195 5188/2811/3226 5178/2802/3225
f 129/109/66 5189/2812/66 5190/2813/66
f 129/109/66 5190/2813/66 130/110/67
f 5191/2814/446 5192/2815/446 5193/2816/446
f 5191/2814/446 5193/2816/446 5194/2817/446
f 5195/2818/446 5196/2807/446 5197/2819/446
f 5195/2818/446 5197/2819/446 5198/2820/446
f 5199/2821/446 5200/2805/446 5201/2804/446
f 5199/2821/446 5201/2804/446 5202/2822/446
f 5203/2822/446 5204/2804/446 5205/2807/446
f 5203/2822/446 5205/2807/446 5206/2818/446
f 5207/2823/34 5208/2824/34 5209/2825/34
f 5207/2823/34 5209/2825/34 5210/2826/34
f 5211/2826/3227 5212/2825/3227 5213/2827/3227
f 5211/2826/3227 5213/2827/3227 5214/2828/3228
f 5215/2829/34 5216/2830/34 5217/2831/34
f 5215/2829/34 5217/2831/34 5218/2832/34
f 5219/2799/3229 5200/2805/446 5199/2821/446
f 5219/2799/3229 5199/2821/446 5220/2833/3230
f 5182/2806/3198 5221/2805/3199 5222/2799/3199
f 5182/2806/3198 5222/2799/3199 5178/2802/3225
f 5188/2811/3226 5186/2809/7 5182/2806/3198
f 5188/2811/3226 5182/2806/3198 5178/2802/3225
f 5223/2828/34 5224/2827/34 5215/2829/34
f 5223/2828/34 5215/2829/34 5218/2832/34
f 5225/2834/3231 134/114/64 5226/2835/7
f 5225/2834/3231 5226/2835/7 5227/2836/3232
f 5228/2837/3233 5229/2819/3199 134/114/64
f 5228/2837/3233 134/114/64 5225/2834/3231
f 5230/2820/446 5231/2819/446 5232/2837/446
f 5230/2820/446 5232/2837/446 5233/2838/446
f 5220/2833/3230 5234/2817/3234 5235/2816/3235
f 5220/2833/3230 5235/2816/3235 5219/2799/3229
f 5236/2799/3236 5237/2816/3237 5238/2815/3238
f 5236/2799/3236 5238/2815/3238 5239/2800/3239
f 5240/2813/3240 5241/2812/3241 5242/2839/3242
f 5240/2813/3240 5242/2839/3242 5243/2840/3240
f 5244/2841/3243 5245/2824/3244 5246/2823/3245
f 5244/2841/3243 5246/2823/3245 5247/2842/3246
f 5248/2843/34 5249/2844/34 5250/2845/3247
f 5248/2843/34 5250/2845/3247 5251/2846/3221
f 5252/2847/34 5253/2848/34 5248/2843/34
f 5252/2847/34 5248/2843/34 5251/2846/3221
f 5229/2819/3199 5183/2807/3208 132/112/63
f 5229/2819/3199 132/112/63 134/114/64
f 133/113/7 5254/2849/7 5226/2835/7
f 133/113/7 5226/2835/7 134/114/64
f 5250/2845/3247 5244/2841/3243 5247/2842/3246
f 5250/2845/3247 5247/2842/3246 5251/2846/3221
f 5255/490/3248 5256/491/3248 5257/492/3248
f 5255/490/3248 5257/492/3248 5258/493/3248
f 5259/491/3249 5260/494/3249 5261/495/3249
f 5259/491/3249 5261/495/3249 5262/492/3249
f 5263/494/3250 5264/496/3250 5265/497/3250
f 5263/494/3250 5265/497/3250 5266/495/3250
f 5267/496/3251 5268/498/3251 5269/499/3251
f 5267/496/3251 5269/499/3251 5270/497/3251
f 5271/498/3252 5272/500/3252 5273/501/3252
f 5271/498/3252 5273/501/3252 5274/499/3252
f 5275/500/3253 5276/502/3254 5277/503/3253
f 5275/500/3253 5277/503/3253 5278/501/3253
f 5279/508/25 5280/505/28 5281/504/25
f 5279/508/25 5281/504/25 5282/509/25
f 5281/504/25 5280/505/28 5283/506/25
f 5281/504/25 5283/506/25 5284/507/25
f 5285/490/3255 5286/493/3255 5287/492/3255
f 5285/490/3255 5287/492/3255 5288/491/3256
f 5289/491/3257 5290/492/3257 5291/495/3257
f 5289/491/3257 5291/495/3257 5292/494/3257
f 5293/494/3258 5294/495/3259 5295/497/3258
f 5293/494/3258 5295/497/3258 5296/496/3258
f 5297/496/3260 5298/497/3261 5299/499/3260
f 5297/496/3260 5299/499/3260 5300/498/3260
f 5301/498/3262 5302/499/3262 5303/501/3262
f 5301/498/3262 5303/501/3262 5304/500/3262
f 5305/500/3263 5306/501/3263 5307/503/3263
f 5305/500/3263 5307/503/3263 5308/502/3264
f 5309/508/66 5310/509/467 5311/504/66
f 5309/508/66 5311/504/66 5312/507/66
f 5309/508/66 5312/507/66 5313/506/66
f 5309/508/66 5313/506/66 5314/505/458
f 5315/2850/34 5316/2851/34 5317/2852/34
f 5315/2850/34 5317/2852/34 5318/2853/34
f 5319/2854/3265 5320/2855/3266 5321/2856/3267
f 5319/2854/3265 5321/2856/3267 5322/2857/3268
f 5323/2858/20 5324/2859/20 5325/2860/20
f 5323/2858/20 5325/2860/20 5326/2861/20
f 142/122/76 5327/2862/3269 5328/2863/3270
f 142/122/76 5328/2863/3270 5329/2864/3271
f 138/118/72 5328/2863/3270 5327/2862/3269
f 138/118/72 5327/2862/3269 139/119/73
f 5330/2856/3272 5331/2855/3272 140/120/74
f 5330/2856/3272 140/120/74 139/119/73
f 5332/2865/3273 5333/2866/3274 5334/2867/3275
f 5332/2865/3273 5334/2867/3275 5335/2868/3276
f 5336/2869/3277 5333/2866/3274 5332/2865/3273
f 5336/2869/3277 5332/2865/3273 5337/2870/3278
f 5335/2868/3276 5334/2867/3275 5338/2871/3279
f 5335/2868/3276 5338/2871/3279 5339/121/3280
f 5340/2872/3281 5341/2865/3282 5342/2868/3283
f 5340/2872/3281 5342/2868/3283 137/117/71
f 5343/2870/3284 5341/2865/3282 5340/2872/3281
f 5343/2870/3284 5340/2872/3281 5344/2873/3285
f 137/117/71 5342/2868/3283 141/121/75
f 137/117/71 141/121/75 135/115/69
f 5344/2873/3285 5345/2874/3286 5346/2875/3287
f 5344/2873/3285 5346/2875/3287 5343/2870/3284
f 5340/2872/3281 137/117/71 136/116/70
f 5340/2872/3281 136/116/70 5347/2876/3288
f 5337/2870/3278 5348/2875/3289 5349/2877/3290
f 5337/2870/3278 5349/2877/3290 5336/2869/3277
f 5349/2877/3290 5348/2875/3289 5350/2878/3291
f 5349/2877/3290 5350/2878/3291 5351/2879/3291
f 135/115/69 142/122/76 5329/2864/3271
f 135/115/69 5329/2864/3271 5352/2880/3292
f 5339/121/3280 5338/2871/3279 5353/2881/3293
f 5339/121/3280 5353/2881/3293 5354/122/3293
f 461/429/373 5355/2882/3294 5356/2883/3294
f 461/429/373 5356/2883/3294 462/430/374
f 5357/2884/3295 5358/2885/3296 5359/2886/3297
f 5357/2884/3295 5359/2886/3297 5360/2887/3297
f 5361/2885/3298 5362/2888/3298 5363/2889/3299
f 5361/2885/3298 5363/2889/3299 5364/2886/3300
f 5365/190/3301 5366/192/3301 208/188/135
f 5365/190/3301 208/188/135 207/187/134
f 207/187/134 209/189/136 222/202/147
f 207/187/134 222/202/147 221/201/146
f 5367/130/3302 5368/2890/3303 5369/2891/3303
f 5367/130/3302 5369/2891/3303 5370/131/3303
f 5371/2892/3304 5372/2893/3305 5373/148/3305
f 5371/2892/3304 5373/148/3305 5374/2894/3306
f 5375/2895/3307 5371/2892/3304 5374/2894/3306
f 5375/2895/3307 5374/2894/3306 5376/134/3308
f 5377/133/3309 5378/2896/3310 5375/2895/3307
f 5377/133/3309 5375/2895/3307 5376/134/3308
f 5379/2897/3311 5378/2896/3310 5377/133/3309
f 5379/2897/3311 5377/133/3309 5380/136/3312
f 5381/2898/3313 5379/2897/3311 5380/136/3312
f 5381/2898/3313 5380/136/3312 5382/135/3314
f 5383/2899/3315 5384/2900/3316 166/146/97
f 5383/2899/3315 166/146/97 5385/2901/3317
f 5386/2902/3318 5387/2903/3319 5388/2904/3320
f 5386/2902/3318 5388/2904/3320 158/138/89
f 159/139/90 158/138/89 5388/2904/3320
f 159/139/90 5388/2904/3320 200/180/127
f 5389/164/3321 5383/2899/3315 5386/2902/3318
f 5389/164/3321 5386/2902/3318 5390/2905/3322
f 5390/2905/3322 5386/2902/3318 158/138/89
f 5390/2905/3322 158/138/89 160/140/91
f 5391/141/3323 5392/2906/3324 5393/2900/3325
f 5391/141/3323 5393/2900/3325 5394/2899/3326
f 5395/142/3327 5391/141/3323 5394/2899/3326
f 5395/142/3327 5394/2899/3326 184/164/115
f 204/184/131 164/144/95 157/137/88
f 204/184/131 157/137/88 152/132/83
f 205/185/132 152/132/83 162/142/93
f 205/185/132 162/142/93 5396/2907/3328
f 5397/2908/3329 5393/2900/3325 5392/2906/3324
f 5397/2908/3329 5392/2906/3324 5398/2909/3330
f 5399/2910/3331 5400/2911/3332 5401/2912/3332
f 5399/2910/3331 5401/2912/3332 5402/2913/3331
f 167/147/98 166/146/97 5384/2900/3316
f 167/147/98 5384/2900/3316 5403/2908/3333
f 5404/2914/3334 5405/2915/3334 5406/2916/3335
f 5404/2914/3334 5406/2916/3335 5407/2917/3336
f 5408/2901/3337 5409/146/3338 5410/2918/3338
f 5408/2901/3337 5410/2918/3338 5411/2919/3339
f 5407/2917/3336 5406/2916/3335 5412/2920/3340
f 5407/2917/3336 5412/2920/3340 5413/2921/3341
f 5414/2903/3342 5408/2901/3337 5411/2919/3339
f 5414/2903/3342 5411/2919/3339 5415/2922/3343
f 5413/2921/3341 5412/2920/3340 5416/2923/3344
f 5413/2921/3341 5416/2923/3344 5417/2924/3344
f 5418/2904/3345 5414/2903/3342 5415/2922/3343
f 5418/2904/3345 5415/2922/3343 5419/2925/3346
f 5420/2926/3347 5421/180/3348 5418/2904/3345
f 5420/2926/3347 5418/2904/3345 5419/2925/3346
f 5417/2924/3344 5416/2923/3344 5422/2927/3349
f 5417/2924/3344 5422/2927/3349 5423/2928/3350
f 5423/2928/3350 5422/2927/3349 5424/2929/3351
f 5423/2928/3350 5424/2929/3351 5425/2930/3352
f 5426/2931/3353 5421/180/3348 5420/2926/3347
f 5426/2931/3353 5420/2926/3347 5427/2932/3354
f 5424/2929/3351 5428/2933/3355 5429/2934/3355
f 5424/2929/3351 5429/2934/3355 5425/2930/3352
f 5430/2935/3356 5431/2936/3357 5426/2931/3353
f 5430/2935/3356 5426/2931/3353 5427/2932/3354
f 5432/2937/3358 5433/2938/3359 5434/2939/3360
f 5432/2937/3358 5434/2939/3360 5435/2940/3361
f 5433/2938/3359 5436/2941/3362 5437/2942/3362
f 5433/2938/3359 5437/2942/3362 5434/2939/3360
f 5438/2943/3363 5439/2944/3364 5440/2945/3365
f 5438/2943/3363 5440/2945/3365 5441/2946/3363
f 173/153/104 172/152/103 5440/2945/3365
f 173/153/104 5440/2945/3365 5439/2944/3364
f 5436/2941/3362 5438/2943/3363 5441/2946/3363
f 5436/2941/3362 5441/2946/3363 5437/2942/3362
f 5442/2947/3366 5381/2898/3313 5382/135/3314
f 5442/2947/3366 5382/135/3314 182/162/113
f 198/178/125 197/177/124 5443/2948/3367
f 198/178/125 5443/2948/3367 5444/2949/3368
f 196/176/123 198/178/125 5445/2950/3369
f 196/176/123 5445/2950/3369 5446/2951/3370
f 198/178/125 5447/2949/3371 5448/2952/3371
f 198/178/125 5448/2952/3371 5445/2950/3369
f 5447/2949/3371 5449/2953/3372 5450/2954/3373
f 5447/2949/3371 5450/2954/3373 5448/2952/3371
f 159/139/90 199/179/126 5451/2955/3374
f 159/139/90 5451/2955/3374 160/140/91
f 5452/2916/3375 5453/2915/3376 5454/2956/3377
f 5452/2916/3375 5454/2956/3377 5455/2957/3378
f 5456/2920/3379 5452/2916/3375 5455/2957/3378
f 5456/2920/3379 5455/2957/3378 5457/2958/3379
f 5458/2923/3344 5456/2920/3379 5457/2958/3379
f 5458/2923/3344 5457/2958/3379 5459/2959/3344
f 5460/2929/3380 5461/2927/3381 5462/2960/3382
f 5460/2929/3380 5462/2960/3382 5463/2961/3383
f 5464/2933/3384 5460/2929/3380 5463/2961/3383
f 5464/2933/3384 5463/2961/3383 5465/2962/3384
f 5466/2963/3385 5467/2940/3386 5468/2939/3387
f 5466/2963/3385 5468/2939/3387 5469/2964/3388
f 5469/2964/3388 5468/2939/3387 5470/2942/3362
f 5469/2964/3388 5470/2942/3362 5471/2965/3362
f 5471/2965/3362 5470/2942/3362 5472/2946/3389
f 5471/2965/3362 5472/2946/3389 5473/2966/3390
f 5474/2967/3391 5475/2945/3392 5476/152/3393
f 5474/2967/3391 5476/152/3393 5477/2968/3394
f 5473/2966/3390 5472/2946/3389 5475/2945/3392
f 5473/2966/3390 5475/2945/3392 5474/2967/3391
f 5478/2969/3395 5479/2970/3396 5480/2971/3397
f 5478/2969/3395 5480/2971/3397 5481/2972/3398
f 5466/2963/3385 5482/2973/3399 5483/2974/3400
f 5466/2963/3385 5483/2974/3400 5467/2940/3386
f 5484/2975/3401 5485/2976/3402 5486/2977/3403
f 5484/2975/3401 5486/2977/3403 5487/2978/3404
f 5488/2913/3405 5489/2912/3406 5490/2979/3407
f 5488/2913/3405 5490/2979/3407 5491/2980/3407
f 5492/2969/3408 5493/2975/3409 5494/2978/3410
f 5492/2969/3408 5494/2978/3410 5495/2970/3411
f 5476/152/3393 5496/151/3412 5497/2981/3413
f 5476/152/3393 5497/2981/3413 5477/2968/3394
f 5461/2927/3381 5458/2923/3344 5459/2959/3344
f 5461/2927/3381 5459/2959/3344 5462/2960/3382
f 5498/2982/3414 5499/2983/3415 5500/2984/3416
f 5498/2982/3414 5500/2984/3416 5501/2985/3417
f 5502/2981/3418 5503/151/3419 5500/2984/3416
f 5502/2981/3418 5500/2984/3416 5499/2983/3415
f 5442/2947/3366 182/162/113 176/156/107
f 5442/2947/3366 176/156/107 181/161/112
f 5504/2986/3420 5505/2987/3421 5506/2988/3422
f 5504/2986/3420 5506/2988/3422 5507/2989/3423
f 5508/2987/3424 5509/2990/3425 5510/2991/3426
f 5508/2987/3424 5510/2991/3426 5511/2988/3427
f 5512/2992/3428 5513/2986/3429 5514/2989/3429
f 5512/2992/3428 5514/2989/3429 5515/2993/3428
f 5516/2994/3430 5517/2995/3430 5518/2996/3430
f 5516/2994/3430 5518/2996/3430 5519/2997/3430
f 5520/2998/3431 5521/2999/3431 5522/3000/3431
f 5520/2998/3431 5522/3000/3431 5523/3001/3431
f 5392/2906/3324 168/148/99 5524/3002/3432
f 5392/2906/3324 5524/3002/3432 5525/3003/3433
f 168/148/99 170/150/101 5526/3004/3434
f 168/148/99 5526/3004/3434 5524/3002/3432
f 5398/2909/3330 5392/2906/3324 5525/3003/3433
f 5398/2909/3330 5525/3003/3433 5527/3005/3435
f 5528/3006/3436 5529/3007/3437 5530/3008/3438
f 5528/3006/3436 5530/3008/3438 5531/3009/3439
f 5529/3007/3437 5486/2977/3403 5532/3010/3440
f 5529/3007/3437 5532/3010/3440 5530/3008/3438
f 5486/2977/3403 5485/2976/3402 5533/3011/3441
f 5486/2977/3403 5533/3011/3441 5532/3010/3440
f 5534/3012/3442 5535/3013/3443 5536/3014/3444
f 5534/3012/3442 5536/3014/3444 5537/3015/3445
f 5538/3016/3446 5539/3017/3447 5540/3018/3448
f 5538/3016/3446 5540/3018/3448 5541/3019/3449
f 5542/3020/3450 5543/3021/3451 5544/3022/3452
f 5542/3020/3450 5544/3022/3452 5545/3023/3453
f 5539/3017/3447 5546/3024/3454 5547/3025/3455
f 5539/3017/3447 5547/3025/3455 5540/3018/3448
f 5548/3026/3456 5549/3027/3457 5550/3028/3457
f 5548/3026/3456 5550/3028/3457 5551/3029/3456
f 5552/3030/3458 5542/3020/3450 5545/3023/3453
f 5552/3030/3458 5545/3023/3453 5553/3031/3458
f 5554/3032/3459 168/148/99 5392/2906/3324
f 5554/3032/3459 5392/2906/3324 5555/3033/3460
f 5392/2906/3324 161/141/92 5556/3034/3461
f 5392/2906/3324 5556/3034/3461 5555/3033/3460
f 152/132/83 195/175/122 5556/3034/3461
f 152/132/83 5556/3034/3461 161/141/92
f 195/175/122 154/134/85 5557/2894/3462
f 195/175/122 5557/2894/3462 5558/3035/3463
f 5559/3036/3464 186/166/117 188/168/119
f 5559/3036/3464 188/168/119 5560/3037/3465
f 5561/3038/3466 5562/3039/3467 5563/3040/3468
f 5561/3038/3466 5563/3040/3468 5564/3041/3469
f 5565/3042/3470 5566/3043/3471 5567/3040/3472
f 5565/3042/3470 5567/3040/3472 5568/3039/3473
f 5569/3044/3474 5565/3042/3470 5568/3039/3473
f 5569/3044/3474 5568/3039/3473 5561/3038/3466
f 5566/3043/3471 5570/3045/3475 5564/3041/3469
f 5566/3043/3471 5564/3041/3469 5567/3040/3472
f 5570/3045/3475 5569/3044/3474 5561/3038/3466
f 5570/3045/3475 5561/3038/3466 5564/3041/3469
f 5571/2890/3476 5572/3046/3477 5573/3047/3477
f 5571/2890/3476 5573/3047/3477 5574/2891/3477
f 5575/3048/3478 5576/3049/3478 5577/3050/3478
f 5575/3048/3478 5577/3050/3478 5578/3051/3478
f 5579/3052/20 5580/3053/20 5581/3054/20
f 5579/3052/20 5581/3054/20 5582/3055/20
f 5383/2899/3315 5385/2901/3317 5387/2903/3319
f 5383/2899/3315 5387/2903/3319 5386/2902/3318
f 5583/3056/3479 5451/2955/3374 199/179/126
f 5583/3056/3479 199/179/126 5584/3057/3480
f 5585/3058/3481 5584/3057/3480 199/179/126
f 5585/3058/3481 199/179/126 5586/3059/3482
f 5510/2991/3426 5509/2990/3425 5587/3060/3483
f 5510/2991/3426 5587/3060/3483 5588/3061/3483
f 5554/3032/3459 5558/3035/3463 5557/2894/3462
f 5554/3032/3459 5557/2894/3462 168/148/99
f 157/137/88 156/136/87 153/133/84
f 157/137/88 153/133/84 152/132/83
f 155/135/86 157/137/88 174/154/105
f 155/135/86 174/154/105 182/162/113
f 5487/2978/3404 5486/2977/3403 5589/3062/3484
f 5487/2978/3404 5589/3062/3484 5590/3063/3484
f 5495/2970/3411 5494/2978/3410 5591/3063/3485
f 5495/2970/3411 5591/3063/3485 5592/2971/3485
f 5453/2915/3376 5478/2969/3395 5481/2972/3398
f 5453/2915/3376 5481/2972/3398 5454/2956/3377
f 5502/2981/3418 5499/2983/3415 5593/3064/3486
f 5502/2981/3418 5593/3064/3486 5594/3065/3487
f 5477/2968/3394 5497/2981/3413 5595/3065/3488
f 5477/2968/3394 5595/3065/3488 5596/3066/3488
f 5474/2967/3391 5477/2968/3394 5597/3066/3489
f 5474/2967/3391 5597/3066/3489 5598/3067/3490
f 5473/2966/3390 5474/2967/3391 5598/3067/3490
f 5473/2966/3390 5598/3067/3490 5599/3068/3363
f 5471/2965/3362 5473/2966/3390 5599/3068/3363
f 5471/2965/3362 5599/3068/3363 5600/3069/3362
f 5469/2964/3388 5471/2965/3362 5600/3069/3362
f 5469/2964/3388 5600/3069/3362 5601/3070/3491
f 5466/2963/3385 5469/2964/3388 5601/3070/3491
f 5466/2963/3385 5601/3070/3491 5602/3071/3492
f 5482/2973/3399 5466/2963/3385 5602/3071/3492
f 5482/2973/3399 5602/3071/3492 5603/3072/3493
f 5486/2977/3403 5529/3007/3437 5604/3073/3494
f 5486/2977/3403 5604/3073/3494 5605/3062/3494
f 5606/3074/3495 5607/2933/3496 5608/2962/3496
f 5606/3074/3495 5608/2962/3496 5609/3075/3497
f 213/193/138 5606/3074/3495 5609/3075/3497
f 213/193/138 5609/3075/3497 214/194/139
f 5610/2999/3498 5611/3076/3499 5612/3077/3499
f 5610/2999/3498 5612/3077/3499 5613/3000/3498
f 5395/142/3327 184/164/115 183/163/114
f 5395/142/3327 183/163/114 5614/2907/3500
f 5615/2953/3501 5616/3078/3502 5617/3079/3503
f 5615/2953/3501 5617/3079/3503 5618/3080/3503
f 5615/2953/3501 5444/2949/3368 5443/2948/3367
f 5615/2953/3501 5443/2948/3367 5616/3078/3502
f 199/179/126 200/180/127 5619/2931/3504
f 199/179/126 5619/2931/3504 5586/3059/3482
f 201/181/128 214/194/139 5620/3081/3505
f 201/181/128 5620/3081/3505 202/182/129
f 5621/3082/3506 5622/3083/3507 5623/3084/3508
f 5621/3082/3506 5623/3084/3508 5624/3085/3508
f 5625/3083/3509 5626/3082/3509 5627/3086/3510
f 5625/3083/3509 5627/3086/3510 5628/3087/3511
f 5628/3087/3511 5627/3086/3510 5629/3088/3512
f 5628/3087/3511 5629/3088/3512 5630/3089/3513
f 5630/3089/3513 5629/3088/3512 5631/3090/3514
f 5630/3089/3513 5631/3090/3514 5632/3091/3515
f 5632/3091/3515 5631/3090/3514 5633/3092/3516
f 5632/3091/3515 5633/3092/3516 5634/3093/3517
f 5634/3093/3517 5633/3092/3516 5635/3094/3518
f 5634/3093/3517 5635/3094/3518 5636/3095/3519
f 5636/3095/3519 5635/3094/3518 5637/3096/3520
f 5636/3095/3519 5637/3096/3520 5638/3097/3521
f 5639/3098/3522 5640/3099/3523 5641/3100/3524
f 5639/3098/3522 5641/3100/3524 5642/3101/3525
f 5643/3102/3526 5641/3100/3524 5640/3099/3523
f 5643/3102/3526 5640/3099/3523 5644/3103/3526
f 5645/3104/3527 5646/3102/3527 5647/3103/3527
f 5645/3104/3527 5647/3103/3527 5648/3105/3527
f 5649/3105/3528 180/160/111 178/158/109
f 5649/3105/3528 178/158/109 5650/3104/3529
f 5651/3106/3509 5639/3098/3522 5642/3101/3525
f 5651/3106/3509 5642/3101/3525 5652/3107/3509
f 5653/3108/3509 5654/3109/3530 5655/3110/3511
f 5653/3108/3509 5655/3110/3511 5656/3111/3509
f 5657/3112/3531 5658/3113/3532 5655/3110/3511
f 5657/3112/3531 5655/3110/3511 5654/3109/3530
f 5659/3114/3526 5658/3113/3532 5657/3112/3531
f 5659/3114/3526 5657/3112/3531 5660/3115/3526
f 5661/3116/3527 5662/3114/3527 5663/3115/3527
f 5661/3116/3527 5663/3115/3527 5664/3117/3527
f 217/197/142 216/196/141 5665/3116/3533
f 217/197/142 5665/3116/3533 5666/3117/3533
f 5667/3108/3534 5668/3111/3535 5669/3118/3536
f 5667/3108/3534 5669/3118/3536 5670/3119/3536
f 5671/3120/3537 5672/3121/3538 5673/3084/3538
f 5671/3120/3537 5673/3084/3538 5674/3083/3537
f 5675/3122/3539 5676/3123/3540 5677/3086/3541
f 5675/3122/3539 5677/3086/3541 5678/3082/3542
f 5679/3124/3543 5680/3120/3544 5681/3083/3545
f 5679/3124/3543 5681/3083/3545 5682/3087/3546
f 5676/3123/3540 5683/3125/3547 5684/3088/3548
f 5676/3123/3540 5684/3088/3548 5677/3086/3541
f 5685/3126/3549 5679/3124/3543 5682/3087/3546
f 5685/3126/3549 5682/3087/3546 5686/3089/3550
f 5683/3125/3547 5687/3127/3551 5688/3090/3552
f 5683/3125/3547 5688/3090/3552 5684/3088/3548
f 5689/3128/3553 5685/3126/3549 5686/3089/3550
f 5689/3128/3553 5686/3089/3550 5690/3091/3554
f 5687/3127/3551 5691/3129/3555 5692/3092/3556
f 5687/3127/3551 5692/3092/3556 5688/3090/3552
f 5693/3130/3557 5689/3128/3553 5690/3091/3554
f 5693/3130/3557 5690/3091/3554 5694/3093/3558
f 5691/3129/3555 5695/3131/3559 5696/3094/3560
f 5691/3129/3555 5696/3094/3560 5692/3092/3556
f 5697/3132/3561 5693/3130/3557 5694/3093/3558
f 5697/3132/3561 5694/3093/3558 5698/3095/3562
f 5695/3131/3559 5699/3133/3563 5700/3096/3564
f 5695/3131/3559 5700/3096/3564 5696/3094/3560
f 5701/3134/3565 5697/3132/3561 5698/3095/3562
f 5701/3134/3565 5698/3095/3562 5702/3097/3566
f 5703/2859/3567 5704/3135/3567 5705/3136/3568
f 5703/2859/3567 5705/3136/3568 5706/2860/3568
f 5707/3137/3569 5708/3138/3569 230/210/155
f 5707/3137/3569 230/210/155 229/209/154
f 5709/3139/853 5710/3140/20 5711/3141/20
f 5709/3139/853 5711/3141/20 5712/3142/717
f 5713/3143/3570 5714/3144/3571 5715/3145/3572
f 5713/3143/3570 5715/3145/3572 5716/3146/3573
f 5715/3145/3572 5714/3144/3571 5717/3139/3574
f 5715/3145/3572 5717/3139/3574 5718/3142/3575
f 5719/206/3576 5720/3147/3576 5721/3148/3577
f 5719/206/3576 5721/3148/3577 5722/207/3578
f 5723/3149/3579 5724/211/3580 5725/212/3581
f 5723/3149/3579 5725/212/3581 5726/3150/3580
f 5727/3151/20 5728/3152/20 5729/3153/20
f 5727/3151/20 5729/3153/20 5730/3154/20
f 5731/3155/3582 5732/3156/3583 5733/3157/3584
f 5731/3155/3582 5733/3157/3584 5734/3158/3582
f 5735/3140/20 5727/3151/20 5730/3154/20
f 5735/3140/20 5730/3154/20 5736/3141/20
f 5728/3152/20 5713/3143/3570 5716/3146/3573
f 5728/3152/20 5716/3146/3573 5729/3153/20
f 5737/3159/3585 5731/3155/3582 5734/3158/3582
f 5737/3159/3585 5734/3158/3582 5738/3160/3585
f 5732/3156/3583 5739/3149/3586 5740/3150/3586
f 5732/3156/3583 5740/3150/3586 5733/3157/3584
f 5741/3161/3587 229/209/154 228/208/153
f 5741/3161/3587 228/208/153 5742/3162/3588
f 5743/3163/20 5744/3164/20 5745/3165/20
f 5743/3163/20 5745/3165/20 5746/3166/20
f 5747/3167/3589 5748/3168/3590 5749/3169/3591
f 5747/3167/3589 5749/3169/3591 5750/3170/3590
f 5751/3171/3592 5752/3172/3592 5753/3173/3593
f 5751/3171/3592 5753/3173/3593 5754/3174/3593
f 5755/3175/3594 5756/3176/3595 5757/3172/3596
f 5755/3175/3594 5757/3172/3596 5758/3171/3597
f 5759/3170/3598 5760/3169/3599 5761/3176/3599
f 5759/3170/3598 5761/3176/3599 5762/3175/3598
f 5763/3177/3600 5764/3178/3601 5345/2874/3286
f 5763/3177/3600 5345/2874/3286 5344/2873/3285
f 5347/2876/3288 5763/3177/3600 5344/2873/3285
f 5347/2876/3288 5344/2873/3285 5340/2872/3281
f 5765/3179/3602 136/116/70 135/115/69
f 5765/3179/3602 135/115/69 5352/2880/3292
f 5766/1052/3603 5767/3180/3604 5768/3181/3605
f 5766/1052/3603 5768/3181/3605 5769/1053/3606
f 5770/2887/3607 5771/1052/3608 5772/1053/3609
f 5770/2887/3607 5772/1053/3609 5773/2884/3609
f 5498/2982/3414 5774/3182/3610 5593/3064/3486
f 5498/2982/3414 5593/3064/3486 5499/2983/3415
f 5775/3183/3611 5776/3184/3612 5777/3106/3613
f 5775/3183/3611 5777/3106/3613 5778/3107/3614
f 5779/3085/3615 5780/3185/3615 5781/3122/3616
f 5779/3085/3615 5781/3122/3616 5782/3082/3617
f 5783/3186/3618 5784/3187/3619 5785/3188/3620
f 5783/3186/3618 5785/3188/3620 5786/3189/3621
f 5787/3190/20 5788/3191/20 5789/3192/20
f 5787/3190/20 5789/3192/20 5790/3193/20
f 239/219/163 5791/3194/3622 5792/3195/3623
f 239/219/163 5792/3195/3623 5793/3196/3624
f 236/216/160 238/218/162 5793/3196/3624
f 236/216/160 5793/3196/3624 5792/3195/3623
f 5794/3188/3625 238/218/162 237/217/161
f 5794/3188/3625 237/217/161 5795/3189/3625
f 5796/3197/3626 5797/3198/3627 5798/3199/3628
f 5796/3197/3626 5798/3199/3628 5799/3200/3629
f 5800/3201/3630 5801/3202/3631 5796/3197/3626
f 5800/3201/3630 5796/3197/3626 5799/3200/3629
f 5797/3198/3627 5802/220/3632 5803/3203/3633
f 5797/3198/3627 5803/3203/3633 5798/3199/3628
f 5804/3204/3634 234/214/159 5805/3198/3635
f 5804/3204/3634 5805/3198/3635 5806/3197/3636
f 5807/3202/3637 5808/3205/3638 5804/3204/3634
f 5807/3202/3637 5804/3204/3634 5806/3197/3636
f 234/214/159 233/213/158 240/220/164
f 234/214/159 240/220/164 5805/3198/3635
f 5808/3205/3638 5807/3202/3637 5809/3206/3639
f 5808/3205/3638 5809/3206/3639 5810/3207/3640
f 5804/3204/3634 5811/3208/3288 235/215/70
f 5804/3204/3634 235/215/70 234/214/159
f 5801/3202/3631 5800/3201/3630 5812/3209/3641
f 5801/3202/3631 5812/3209/3641 5813/3206/3642
f 5812/3209/3641 5814/3210/3643 5815/3211/3643
f 5812/3209/3641 5815/3211/3643 5813/3206/3642
f 233/213/158 5816/3212/3644 5791/3194/3622
f 233/213/158 5791/3194/3622 239/219/163
f 5802/220/3632 5817/219/3645 5818/3213/3645
f 5802/220/3632 5818/3213/3645 5803/3203/3633
f 242/222/166 5819/3214/3646 5820/225/3647
f 242/222/166 5820/225/3647 467/434/379
f 5821/3215/3648 5822/3216/3297 5823/3217/3297
f 5821/3215/3648 5823/3217/3297 5824/3218/3649
f 5825/3218/3650 5826/3217/3300 5827/3219/3299
f 5825/3218/3650 5827/3219/3299 5828/3220/3650
f 5829/289/3651 306/286/224 308/288/226
f 5829/289/3651 308/288/226 5830/290/3652
f 306/286/224 320/300/236 322/302/238
f 306/286/224 322/302/238 307/287/225
f 5831/230/3303 5832/229/3303 5833/3221/3303
f 5831/230/3303 5833/3221/3303 5834/3222/3303
f 5835/3223/3653 5836/3224/3654 5837/247/3655
f 5835/3223/3653 5837/247/3655 5838/3225/3655
f 5839/3226/3656 5840/232/3657 5836/3224/3654
f 5839/3226/3656 5836/3224/3654 5835/3223/3653
f 5841/233/3658 5840/232/3657 5839/3226/3656
f 5841/233/3658 5839/3226/3656 5842/3227/3659
f 5843/3228/3660 5844/236/3661 5841/233/3658
f 5843/3228/3660 5841/233/3658 5842/3227/3659
f 5845/3229/3662 5846/234/3663 5844/236/3661
f 5845/3229/3662 5844/236/3661 5843/3228/3660
f 5847/3230/3664 5848/3231/3665 266/246/188
f 5847/3230/3664 266/246/188 5849/3232/3666
f 5850/3233/3667 257/237/179 5851/3234/3668
f 5850/3233/3667 5851/3234/3668 5852/3235/3669
f 259/239/181 299/279/217 5851/3234/3668
f 259/239/181 5851/3234/3668 257/237/179
f 5853/264/3670 5854/3236/3671 5850/3233/3667
f 5853/264/3670 5850/3233/3667 5847/3230/3664
f 5854/3236/3671 258/238/180 257/237/179
f 5854/3236/3671 257/237/179 5850/3233/3667
f 5855/241/3672 5856/3230/3673 5857/3232/3674
f 5855/241/3672 5857/3232/3674 5858/3237/3675
f 5859/240/3676 284/264/206 5856/3230/3673
f 5859/240/3676 5856/3230/3673 5855/241/3672
f 303/283/221 251/231/173 255/235/177
f 303/283/221 255/235/177 263/243/185
f 305/285/223 5860/3238/3677 260/240/182
f 305/285/223 260/240/182 251/231/173
f 5861/3239/3678 5862/3240/3679 5858/3237/3675
f 5861/3239/3678 5858/3237/3675 5857/3232/3674
f 5863/3241/3680 5864/3242/3680 5865/3243/3681
f 5863/3241/3680 5865/3243/3681 5866/3244/3681
f 265/245/187 5867/3239/3682 5849/3232/3666
f 265/245/187 5849/3232/3666 266/246/188
f 5868/3245/3334 5869/3246/3336 5870/3247/3335
f 5868/3245/3334 5870/3247/3335 5871/3248/3334
f 5872/3231/3683 5873/3249/3684 5874/3250/3685
f 5872/3231/3683 5874/3250/3685 5875/246/3685
f 5869/3246/3336 5876/3251/3341 5877/3252/3340
f 5869/3246/3336 5877/3252/3340 5870/3247/3335
f 5878/3235/3686 5879/3253/3687 5873/3249/3684
f 5878/3235/3686 5873/3249/3684 5872/3231/3683
f 5876/3251/3341 5880/3254/3344 5881/3255/3344
f 5876/3251/3341 5881/3255/3344 5877/3252/3340
f 5882/3234/3688 5883/3256/3689 5879/3253/3687
f 5882/3234/3688 5879/3253/3687 5878/3235/3686
f 5884/3257/3690 5883/3256/3689 5882/3234/3688
f 5884/3257/3690 5882/3234/3688 5885/279/3691
f 5880/3254/3344 5886/3258/3350 5887/3259/3349
f 5880/3254/3344 5887/3259/3349 5881/3255/3344
f 5886/3258/3350 5888/3260/3352 5889/3261/3692
f 5886/3258/3350 5889/3261/3692 5887/3259/3349
f 5890/3262/3693 5891/3263/3694 5884/3257/3690
f 5890/3262/3693 5884/3257/3690 5885/279/3691
f 5889/3261/3692 5888/3260/3352 5892/3264/3384
f 5889/3261/3692 5892/3264/3384 5893/3265/3384
f 5894/3266/3695 5891/3263/3694 5890/3262/3693
f 5894/3266/3695 5890/3262/3693 5895/3267/3696
f 5896/3268/3697 5897/3269/3697 5898/3270/3698
f 5896/3268/3697 5898/3270/3698 5899/3271/3699
f 5899/3271/3699 5898/3270/3698 5900/3272/3362
f 5899/3271/3699 5900/3272/3362 5901/3273/3362
f 5902/3274/3363 5903/3275/3389 5904/3276/3700
f 5902/3274/3363 5904/3276/3700 5905/3277/3701
f 271/251/193 5905/3277/3701 5904/3276/3700
f 271/251/193 5904/3276/3700 272/252/194
f 5901/3273/3362 5900/3272/3362 5903/3275/3389
f 5901/3273/3362 5903/3275/3389 5902/3274/3363
f 5906/3278/3702 281/261/203 5846/234/3663
f 5906/3278/3702 5846/234/3663 5845/3229/3662
f 296/276/214 5907/3279/3703 5908/3280/3704
f 296/276/214 5908/3280/3704 297/277/215
f 295/275/213 5909/3281/3705 5910/3282/3706
f 295/275/213 5910/3282/3706 296/276/214
f 296/276/214 5910/3282/3706 5911/3283/3707
f 296/276/214 5911/3283/3707 5912/3279/3707
f 5912/3279/3707 5911/3283/3707 5913/3284/3708
f 5912/3279/3707 5913/3284/3708 5914/3285/3709
f 259/239/181 258/238/180 5915/3286/3710
f 259/239/181 5915/3286/3710 298/278/216
f 5916/3247/3375 5917/3287/3378 5918/3288/3377
f 5916/3247/3375 5918/3288/3377 5919/3248/3711
f 5920/3252/3379 5921/3289/3379 5917/3287/3378
f 5920/3252/3379 5917/3287/3378 5916/3247/3375
f 5922/3255/3344 5923/3290/3344 5921/3289/3379
f 5922/3255/3344 5921/3289/3379 5920/3252/3379
f 5924/3261/3712 5925/3291/3383 5926/3292/3382
f 5924/3261/3712 5926/3292/3382 5927/3259/3381
f 5928/3265/3384 5929/3293/3384 5925/3291/3383
f 5928/3265/3384 5925/3291/3383 5924/3261/3712
f 5930/3294/3713 5931/3295/3491 5932/3270/3387
f 5930/3294/3713 5932/3270/3387 5933/3269/3714
f 5931/3295/3491 5934/3296/3362 5935/3272/3362
f 5931/3295/3491 5935/3272/3362 5932/3270/3387
f 5934/3296/3362 5936/3297/3390 5937/3275/3389
f 5934/3296/3362 5937/3275/3389 5935/3272/3362
f 5938/3298/3391 5939/3299/3715 5940/252/3716
f 5938/3298/3391 5940/252/3716 5941/3276/3392
f 5936/3297/3390 5938/3298/3391 5941/3276/3392
f 5936/3297/3390 5941/3276/3392 5937/3275/3389
f 5942/3300/3717 5943/3301/3398 5944/3302/3397
f 5942/3300/3717 5944/3302/3397 5945/3303/3718
f 5930/3294/3713 5933/3269/3714 5946/3304/3719
f 5930/3294/3713 5946/3304/3719 5947/3305/3720
f 5948/3306/3721 5949/3307/3722 5950/3308/3723
f 5948/3306/3721 5950/3308/3723 5951/3309/3724
f 5952/3242/3725 5953/3310/3725 5954/3311/3726
f 5952/3242/3725 5954/3311/3726 5955/3243/3725
f 5956/3300/3727 5957/3303/3728 5958/3307/3729
f 5956/3300/3727 5958/3307/3729 5959/3306/3730
f 5940/252/3716 5939/3299/3715 5960/3312/3731
f 5940/252/3716 5960/3312/3731 5961/250/3732
f 5927/3259/3381 5926/3292/3382 5923/3290/3344
f 5927/3259/3381 5923/3290/3344 5922/3255/3344
f 5962/3313/3733 5963/3314/3734 5964/3315/3735
f 5962/3313/3733 5964/3315/3735 5965/3316/3736
f 5966/3312/3737 5965/3316/3736 5964/3315/3735
f 5966/3312/3737 5964/3315/3735 5967/250/3738
f 5906/3278/3702 280/260/202 274/254/196
f 5906/3278/3702 274/254/196 281/261/203
f 5968/3317/3739 5969/3318/3740 5970/3319/3741
f 5968/3317/3739 5970/3319/3741 5971/3320/3742
f 5972/3320/3743 5973/3319/3743 5974/3321/3744
f 5972/3320/3743 5974/3321/3744 5975/3322/3745
f 5976/3323/3746 5977/3324/3746 5978/3318/3747
f 5976/3323/3746 5978/3318/3747 5979/3317/3747
f 5980/2994/3748 5981/3325/3748 5982/3326/3748
f 5980/2994/3748 5982/3326/3748 5983/2995/3748
f 5984/3327/3749 5985/3328/3749 5986/3329/3749
f 5984/3327/3749 5986/3329/3749 5987/3330/3749
f 5858/3237/3675 5988/3331/3750 5989/3332/3751
f 5858/3237/3675 5989/3332/3751 267/247/189
f 267/247/189 5989/3332/3751 5990/3333/3752
f 267/247/189 5990/3333/3752 268/248/190
f 5862/3240/3679 5991/3334/3753 5988/3331/3750
f 5862/3240/3679 5988/3331/3750 5858/3237/3675
f 5992/3335/3754 5993/3336/3755 5994/3337/3756
f 5992/3335/3754 5994/3337/3756 5995/3338/3757
f 5995/3338/3757 5994/3337/3756 5996/3339/3758
f 5995/3338/3757 5996/3339/3758 5950/3308/3723
f 5950/3308/3723 5996/3339/3758 5997/3340/3759
f 5950/3308/3723 5997/3340/3759 5951/3309/3724
f 5998/3341/3760 5999/3342/3761 6000/3343/3762
f 5998/3341/3760 6000/3343/3762 6001/3344/3761
f 6002/3345/3763 6003/3346/3763 6004/3347/3764
f 6002/3345/3763 6004/3347/3764 6005/3348/3765
f 6006/3349/3766 6007/3350/3767 6008/3351/3768
f 6006/3349/3766 6008/3351/3768 6009/3352/3769
f 6005/3348/3765 6004/3347/3764 6010/3353/3770
f 6005/3348/3765 6010/3353/3770 6011/3354/3770
f 6012/3355/3771 6013/3356/3771 6014/3357/3771
f 6012/3355/3771 6014/3357/3771 6015/3358/3771
f 6016/3359/3772 6017/3360/3773 6007/3350/3767
f 6016/3359/3772 6007/3350/3767 6006/3349/3766
f 6018/3361/3774 6019/3362/3775 5858/3237/3675
f 6018/3361/3774 5858/3237/3675 267/247/189
f 5858/3237/3675 6019/3362/3775 6020/3363/3776
f 5858/3237/3675 6020/3363/3776 261/241/183
f 251/231/173 261/241/183 6020/3363/3776
f 251/231/173 6020/3363/3776 294/274/212
f 294/274/212 6021/3364/3777 6022/3224/3778
f 294/274/212 6022/3224/3778 252/232/174
f 6023/3365/3779 6024/3366/3779 286/266/208
f 6023/3365/3779 286/266/208 285/265/207
f 6025/3367/3780 6026/3368/3781 6027/3369/3782
f 6025/3367/3780 6027/3369/3782 6028/3370/3782
f 6029/3371/3783 6030/3370/3784 6031/3369/3785
f 6029/3371/3783 6031/3369/3785 6032/3372/3786
f 6033/3373/3787 6025/3367/3780 6030/3370/3784
f 6033/3373/3787 6030/3370/3784 6029/3371/3783
f 6032/3372/3786 6031/3369/3785 6026/3368/3781
f 6032/3372/3786 6026/3368/3781 6034/3374/3788
f 6034/3374/3788 6026/3368/3781 6025/3367/3780
f 6034/3374/3788 6025/3367/3780 6033/3373/3787
f 6035/3222/3789 6036/3221/3790 6037/3375/3791
f 6035/3222/3789 6037/3375/3791 6038/3376/3791
f 6039/3377/3478 6040/3378/3478 6041/3379/3478
f 6039/3377/3478 6041/3379/3478 6042/3380/3478
f 6043/3381/20 6044/3382/20 6045/3383/20
f 6043/3381/20 6045/3383/20 6046/3384/20
f 5847/3230/3664 5850/3233/3667 5852/3235/3669
f 5847/3230/3664 5852/3235/3669 5848/3231/3665
f 6047/3385/3792 6048/3386/3793 298/278/216
f 6047/3385/3792 298/278/216 5915/3286/3710
f 6049/3387/3794 6050/3388/3795 298/278/216
f 6049/3387/3794 298/278/216 6048/3386/3793
f 5974/3321/3744 6051/3389/3483 6052/3390/3483
f 5974/3321/3744 6052/3390/3483 5975/3322/3745
f 6018/3361/3774 267/247/189 6022/3224/3778
f 6018/3361/3774 6022/3224/3778 6021/3364/3777
f 255/235/177 251/231/173 253/233/175
f 255/235/177 253/233/175 256/236/178
f 254/234/176 281/261/203 273/253/195
f 254/234/176 273/253/195 255/235/177
f 5949/3307/3722 6053/3391/3484 6054/3392/3484
f 5949/3307/3722 6054/3392/3484 5950/3308/3723
f 5957/3303/3728 6055/3302/3485 6056/3391/3485
f 5957/3303/3728 6056/3391/3485 5958/3307/3729
f 5919/3248/3711 5918/3288/3377 5943/3301/3398
f 5919/3248/3711 5943/3301/3398 5942/3300/3717
f 5962/3313/3733 5965/3316/3736 6057/3393/3796
f 5962/3313/3733 6057/3393/3796 6058/3394/3610
f 5966/3312/3737 6059/3395/3487 6057/3393/3796
f 5966/3312/3737 6057/3393/3796 5965/3316/3736
f 5939/3299/3715 6060/3396/3488 6061/3395/3488
f 5939/3299/3715 6061/3395/3488 5960/3312/3731
f 5938/3298/3391 6062/3397/3490 6063/3396/3489
f 5938/3298/3391 6063/3396/3489 5939/3299/3715
f 5936/3297/3390 6064/3398/3363 6062/3397/3490
f 5936/3297/3390 6062/3397/3490 5938/3298/3391
f 5934/3296/3362 6065/3399/3362 6064/3398/3363
f 5934/3296/3362 6064/3398/3363 5936/3297/3390
f 5931/3295/3491 6066/3400/3388 6065/3399/3362
f 5931/3295/3491 6065/3399/3362 5934/3296/3362
f 5930/3294/3713 6067/3401/3797 6066/3400/3388
f 5930/3294/3713 6066/3400/3388 5931/3295/3491
f 5947/3305/3720 6068/3402/3493 6067/3401/3797
f 5947/3305/3720 6067/3401/3797 5930/3294/3713
f 5950/3308/3723 6069/3392/3798 6070/3403/3494
f 5950/3308/3723 6070/3403/3494 5995/3338/3757
f 6071/3404/3799 6072/3405/3800 6073/3293/3496
f 6071/3404/3799 6073/3293/3496 6074/3265/3496
f 312/292/228 313/293/229 6072/3405/3800
f 312/292/228 6072/3405/3800 6071/3404/3799
f 6075/3330/3801 6076/3329/3801 6077/3406/3801
f 6075/3330/3801 6077/3406/3801 6078/3407/3802
f 5859/240/3676 6079/3238/3803 282/262/204
f 5859/240/3676 282/262/204 284/264/206
f 6080/3285/3804 6081/3408/3805 6082/3409/3805
f 6080/3285/3804 6082/3409/3805 6083/3410/3806
f 6080/3285/3804 6083/3410/3806 5908/3280/3704
f 6080/3285/3804 5908/3280/3704 5907/3279/3703
f 298/278/216 6050/3388/3795 6084/3262/3807
f 298/278/216 6084/3262/3807 299/279/217
f 300/280/218 302/282/220 6085/3411/3808
f 300/280/218 6085/3411/3808 313/293/229
f 6086/3412/3809 6087/3413/3536 6088/3414/3536
f 6086/3412/3809 6088/3414/3536 6089/3415/3810
f 6090/3415/3811 6091/3416/3812 6092/3417/3813
f 6090/3415/3811 6092/3417/3813 6093/3412/3811
f 6091/3416/3812 6094/3418/3814 6095/3419/3815
f 6091/3416/3812 6095/3419/3815 6092/3417/3813
f 6094/3418/3814 6096/3420/3816 6097/3421/3817
f 6094/3418/3814 6097/3421/3817 6095/3419/3815
f 6096/3420/3816 6098/3422/3818 6099/3423/3819
f 6096/3420/3816 6099/3423/3819 6097/3421/3817
f 6098/3422/3818 6100/3424/3820 6101/3425/3821
f 6098/3422/3818 6101/3425/3821 6099/3423/3819
f 6100/3424/3820 6102/3426/3822 6103/3427/3823
f 6100/3424/3820 6103/3427/3823 6101/3425/3821
f 6104/3428/3824 6105/3429/3825 6106/3430/3826
f 6104/3428/3824 6106/3430/3826 6107/3431/3827
f 6108/3432/3828 6109/3433/3828 6107/3431/3827
f 6108/3432/3828 6107/3431/3827 6106/3430/3826
f 6110/3434/3829 6111/3435/3829 6112/3433/3829
f 6110/3434/3829 6112/3433/3829 6113/3432/3829
f 6114/3435/3830 6115/3434/3831 278/258/200
f 6114/3435/3830 278/258/200 279/259/201
f 6116/3436/3811 6117/3437/3811 6105/3429/3825
f 6116/3436/3811 6105/3429/3825 6104/3428/3824
f 6118/3438/3811 6119/3439/3811 6120/3440/3832
f 6118/3438/3811 6120/3440/3832 6121/3441/3833
f 6122/3442/3834 6121/3441/3833 6120/3440/3832
f 6122/3442/3834 6120/3440/3832 6123/3443/3835
f 6124/3444/3828 6125/3445/3828 6122/3442/3834
f 6124/3444/3828 6122/3442/3834 6123/3443/3835
f 6126/3446/3829 6127/3447/3829 6128/3445/3829
f 6126/3446/3829 6128/3445/3829 6129/3444/3829
f 315/295/231 6130/3447/3831 6131/3446/3831
f 315/295/231 6131/3446/3831 316/296/232
f 6132/3438/3836 6133/3448/3536 6134/3449/3536
f 6132/3438/3836 6134/3449/3536 6135/3439/3837
f 6136/3450/3838 6137/3415/3838 6138/3414/3538
f 6136/3450/3838 6138/3414/3538 6139/3451/3839
f 6140/3452/3840 6141/3412/3840 6142/3417/3841
f 6140/3452/3840 6142/3417/3841 6143/3453/3842
f 6144/3454/3843 6145/3416/3844 6146/3415/3845
f 6144/3454/3843 6146/3415/3845 6147/3450/3845
f 6143/3453/3842 6142/3417/3841 6148/3419/3846
f 6143/3453/3842 6148/3419/3846 6149/3455/3847
f 6150/3456/3848 6151/3418/3849 6145/3416/3844
f 6150/3456/3848 6145/3416/3844 6144/3454/3843
f 6149/3455/3847 6148/3419/3846 6152/3421/3850
f 6149/3455/3847 6152/3421/3850 6153/3457/3851
f 6154/3458/3852 6155/3420/3853 6151/3418/3849
f 6154/3458/3852 6151/3418/3849 6150/3456/3848
f 6153/3457/3851 6152/3421/3850 6156/3423/3854
f 6153/3457/3851 6156/3423/3854 6157/3459/3855
f 6158/3460/3856 6159/3422/3857 6155/3420/3853
f 6158/3460/3856 6155/3420/3853 6154/3458/3852
f 6157/3459/3855 6156/3423/3854 6160/3425/3858
f 6157/3459/3855 6160/3425/3858 6161/3461/3859
f 6162/3462/3860 6163/3424/3861 6159/3422/3857
f 6162/3462/3860 6159/3422/3857 6158/3460/3856
f 6161/3461/3859 6160/3425/3858 6164/3427/3862
f 6161/3461/3859 6164/3427/3862 6165/3463/3863
f 6166/3464/3864 6167/3426/3864 6163/3424/3861
f 6166/3464/3864 6163/3424/3861 6162/3462/3860
f 6168/3193/3567 6169/3192/3568 6170/3465/3568
f 6168/3193/3567 6170/3465/3568 6171/3466/3567
f 6172/3467/3865 329/309/244 328/308/243
f 6172/3467/3865 328/308/243 6173/3468/3866
f 6174/3469/448 6175/3470/448 6176/3471/448
f 6174/3469/448 6176/3471/448 6177/3472/448
f 6178/3473/3867 6179/3474/3868 6180/3475/3869
f 6178/3473/3867 6180/3475/3869 6181/3476/3870
f 6180/3475/3869 6182/3470/3871 6183/3469/3872
f 6180/3475/3869 6183/3469/3872 6181/3476/3870
f 6184/306/3873 6185/305/3873 6186/3477/3873
f 6184/306/3873 6186/3477/3873 6187/3478/3874
f 6188/3479/3875 6189/3480/3876 6190/311/3877
f 6188/3479/3875 6190/311/3877 6191/310/3877
f 6192/3481/20 6193/3482/20 6194/3483/447
f 6192/3481/20 6194/3483/447 6195/3484/447
f 6196/3485/3878 6197/3486/3879 6198/3487/3880
f 6196/3485/3878 6198/3487/3880 6199/3488/3880
f 6200/3472/447 6201/3471/447 6193/3482/20
f 6200/3472/447 6193/3482/20 6192/3481/20
f 6195/3484/447 6194/3483/447 6179/3474/3868
f 6195/3484/447 6179/3474/3868 6178/3473/3867
f 6202/3489/3881 6203/3490/3882 6197/3486/3879
f 6202/3489/3881 6197/3486/3879 6196/3485/3878
f 6199/3488/3880 6198/3487/3880 6204/3480/3883
f 6199/3488/3880 6204/3480/3883 6205/3479/3883
f 6206/3491/3884 6207/3492/3884 327/307/242
f 6206/3491/3884 327/307/242 329/309/244
f 6208/3493/20 6209/3494/20 6210/3495/20
f 6208/3493/20 6210/3495/20 6211/3496/20
f 6212/3497/3885 6213/3498/3886 6214/3499/3887
f 6212/3497/3885 6214/3499/3887 6215/3500/3885
f 6216/3501/3888 6217/3502/3888 6218/3503/3889
f 6216/3501/3888 6218/3503/3889 6219/3504/3890
f 6220/3505/3891 6221/3501/3892 6222/3504/3893
f 6220/3505/3891 6222/3504/3893 6223/3506/3894
f 6224/3498/3895 6225/3505/3896 6226/3506/3896
f 6224/3498/3895 6226/3506/3896 6227/3499/3897
f 6228/3507/3600 5808/3205/3638 5810/3207/3640
f 6228/3507/3600 5810/3207/3640 6229/3508/3601
f 5811/3208/3288 5804/3204/3634 5808/3205/3638
f 5811/3208/3288 5808/3205/3638 6228/3507/3600
f 6230/3509/3898 5816/3212/3644 233/213/158
f 6230/3509/3898 233/213/158 235/215/70
f 6231/1057/3899 6232/1056/3900 6233/3510/3901
f 6231/1057/3899 6233/3510/3901 6234/3511/3604
f 6235/3216/3607 6236/3215/3902 6237/1056/3903
f 6235/3216/3607 6237/1056/3903 6238/1057/3904
f 6239/3512/3612 6240/3437/3905 6241/3436/3906
f 6239/3512/3612 6241/3436/3906 6242/3513/3612
f 6243/3413/3615 6244/3412/3907 6245/3452/3908
f 6243/3413/3615 6245/3452/3908 6246/3514/3615
f 6247/3515/3909 6248/3516/3909 6249/3517/3910
f 6247/3515/3909 6249/3517/3910 6250/3518/3911
f 6251/3519/3912 6250/3518/3911 6249/3517/3910
f 6251/3519/3912 6249/3517/3910 6252/3520/3913
f 6253/3521/3914 6254/3522/7 6255/3523/7
f 6253/3521/3914 6255/3523/7 6256/3524/3915
f 6257/3525/3916 6258/3526/3917 6259/3527/3917
f 6257/3525/3916 6259/3527/3917 6260/3528/3918
f 6260/3528/3918 6253/3521/3914 6256/3524/3915
f 6260/3528/3918 6256/3524/3915 6257/3525/3916
f 6261/3529/3919 6262/3530/3920 6263/3531/3921
f 6261/3529/3919 6263/3531/3921 6264/3532/3922
f 6265/3533/3923 6266/3534/3924 6267/3535/3925
f 6265/3533/3923 6267/3535/3925 6268/3536/3926
f 6265/3533/3923 6269/3537/3927 6270/3538/3928
f 6265/3533/3923 6270/3538/3928 6266/3534/3924
f 6271/3539/3929 396/370/308 6272/3540/3930
f 6271/3539/3929 6272/3540/3930 6273/3541/3931
f 6266/3534/3924 6270/3538/3928 6271/3539/3929
f 6266/3534/3924 6271/3539/3929 6274/3542/3932
f 6274/3542/3932 6275/3543/3933 6267/3535/3925
f 6274/3542/3932 6267/3535/3925 6266/3534/3924
f 6276/3544/3934 6267/3535/3925 6275/3543/3933
f 6276/3544/3934 6275/3543/3933 6277/3545/3935
f 6268/3536/3926 6267/3535/3925 6276/3544/3934
f 6268/3536/3926 6276/3544/3934 6278/3546/3936
f 6279/3547/3937 6280/3548/3938 6281/366/3939
f 6279/3547/3937 6281/366/3939 341/321/256
f 6282/3549/3940 6283/364/3941 6281/366/3939
f 6282/3549/3940 6281/366/3939 6280/3548/3938
f 6284/374/3942 333/313/248 6285/3550/3943
f 6284/374/3942 6285/3550/3943 6286/3551/3944
f 6287/375/3945 6284/374/3942 6286/3551/3944
f 6287/375/3945 6286/3551/3944 6288/3552/3946
f 6289/3553/3947 6290/314/3948 391/313/303
f 6289/3553/3947 391/313/303 390/327/302
f 392/328/304 391/313/303 400/374/312
f 392/328/304 400/374/312 6291/3554/3949
f 6292/3555/3950 342/322/257 6270/3538/3928
f 6292/3555/3950 6270/3538/3928 6269/3537/3927
f 6293/3556/3951 6294/3557/3952 6295/3558/3953
f 6293/3556/3951 6295/3558/3953 6296/3559/3954
f 6297/319/3955 6294/3557/3952 6293/3556/3951
f 6297/319/3955 6293/3556/3951 6298/320/3956
f 6279/3547/3937 341/321/256 343/323/258
f 6279/3547/3937 343/323/258 6299/3560/3957
f 6300/3561/3958 6293/3556/3951 6296/3559/3954
f 6300/3561/3958 6296/3559/3954 6301/3562/3959
f 338/318/253 340/320/255 6302/3563/3960
f 338/318/253 6302/3563/3960 6303/3564/3961
f 6298/320/3956 6293/3556/3951 6300/3561/3958
f 6298/320/3956 6300/3561/3958 6304/3563/3962
f 6305/3565/3963 6306/3566/3964 6307/3567/3965
f 6305/3565/3963 6307/3567/3965 6308/3568/3966
f 6309/3531/3967 6300/3561/3958 6301/3562/3959
f 6309/3531/3967 6301/3562/3959 6310/3569/3968
f 6304/3563/3962 6300/3561/3958 6309/3531/3967
f 6304/3563/3962 6309/3531/3967 6311/3530/3969
f 6303/3564/3961 6302/3563/3960 6262/3530/3970
f 6303/3564/3961 6262/3530/3970 6312/3570/3971
f 6308/3568/3966 6307/3567/3965 6313/3529/3972
f 6308/3568/3966 6313/3529/3972 6314/3532/3973
f 6315/3571/3974 6316/3572/3975 6317/3573/3976
f 6315/3571/3974 6317/3573/3976 6318/3574/3977
f 6319/3575/3978 6320/325/3979 6321/3576/3980
f 6319/3575/3978 6321/3576/3980 6322/3577/3981
f 6323/3578/3982 6321/3576/3980 6320/325/3979
f 6323/3578/3982 6320/325/3979 6324/324/3983
f 6325/3579/3984 6319/3575/3978 6322/3577/3981
f 6325/3579/3984 6322/3577/3981 6326/3580/3985
f 6326/3580/3985 6327/3581/3986 6328/3582/3987
f 6326/3580/3985 6328/3582/3987 6325/3579/3984
f 6329/3583/3988 346/326/261 345/325/260
f 6329/3583/3988 345/325/260 6330/3575/3989
f 6331/3584/3990 6329/3583/3988 6330/3575/3989
f 6331/3584/3990 6330/3575/3989 6332/3579/3991
f 6332/3579/3991 6333/3582/3992 6334/3585/3993
f 6332/3579/3991 6334/3585/3993 6331/3584/3990
f 359/330/274 399/373/311 456/424/368
f 359/330/274 456/424/368 429/394/341
f 349/329/264 348/328/263 6335/3554/3994
f 349/329/264 6335/3554/3994 6336/346/3995
f 352/332/267 351/331/266 6337/3586/3996
f 352/332/267 6337/3586/3996 6338/336/3997
f 6338/336/3997 6337/3586/3996 6339/3587/3998
f 6338/336/3997 6339/3587/3998 357/337/272
f 6340/336/3999 6341/3588/4000 361/339/276
f 6340/336/3999 361/339/276 360/332/275
f 6342/331/4001 359/330/274 429/394/341
f 6342/331/4001 429/394/341 6343/396/4002
f 6344/3586/4003 6342/331/4001 6343/396/4002
f 6344/3586/4003 6343/396/4002 6345/3589/4004
f 6346/3590/4005 6344/3586/4003 6345/3589/4004
f 6346/3590/4005 6345/3589/4004 6347/3591/4006
f 6348/3592/4007 6349/335/4007 6350/398/4007
f 6348/3592/4007 6350/398/4007 6351/3593/4007
f 363/341/278 366/344/281 6352/3594/4008
f 363/341/278 6352/3594/4008 364/342/279
f 365/343/280 359/330/274 361/339/276
f 365/343/280 361/339/276 366/344/281
f 361/339/276 6341/3588/4000 6352/3594/4008
f 361/339/276 6352/3594/4008 366/344/281
f 6353/3592/4009 6289/3553/3947 390/327/302
f 6353/3592/4009 390/327/302 6354/335/4007
f 353/333/268 6355/335/4010 6356/327/4010
f 353/333/268 6356/327/4010 6357/329/4011
f 353/333/268 6357/329/4011 368/346/283
f 353/333/268 368/346/283 357/337/272
f 367/345/282 358/338/273 357/337/272
f 367/345/282 357/337/272 368/346/283
f 357/337/272 6339/3587/3998 354/334/269
f 357/337/272 354/334/269 353/333/268
f 6358/3587/4012 6344/3586/4003 6346/3590/4005
f 6358/3587/4012 6346/3590/4005 6359/3595/4012
f 6360/3596/66 6361/3597/66 6362/3598/66
f 6360/3596/66 6362/3598/66 6363/3599/66
f 6364/3599/7 6365/3600/7 6366/3601/7
f 6364/3599/7 6366/3601/7 6367/3596/7
f 6368/3600/4013 6369/3602/4013 6370/3603/4013
f 6368/3600/4013 6370/3603/4013 6371/3601/4013
f 6372/3604/4014 6283/364/3941 6282/3549/3940
f 6372/3604/4014 6282/3549/3940 6373/3605/4015
f 6374/3604/4016 6375/3606/4016 6376/3607/4017
f 6374/3604/4016 6376/3607/4017 6377/3608/4017
f 6378/3609/4018 6379/3610/4019 6380/3611/4020
f 6378/3609/4018 6380/3611/4020 6381/3612/4021
f 6379/3610/4019 6382/3613/4022 6383/3614/4023
f 6379/3610/4019 6383/3614/4023 6380/3611/4020
f 6382/3613/4022 6384/355/4024 6385/357/4025
f 6382/3613/4022 6385/357/4025 6383/3614/4023
f 362/340/277 6291/3554/3949 400/374/312
f 362/340/277 400/374/312 363/341/278
f 6386/342/4026 6336/346/3995 6335/3554/3994
f 6386/342/4026 6335/3554/3994 6387/340/4026
f 6271/3539/3929 6273/3541/3931 6388/3615/4027
f 6271/3539/3929 6388/3615/4027 6274/3542/3932
f 6389/3546/4028 6390/3544/4029 6391/3616/4029
f 6389/3546/4028 6391/3616/4029 6392/3617/4030
f 6393/3618/4031 6394/3619/4032 6395/3620/4033
f 6393/3618/4031 6395/3620/4033 6396/3621/4034
f 6394/3619/4032 371/348/286 370/347/285
f 6394/3619/4032 370/347/285 6395/3620/4033
f 6397/3622/4035 6393/3618/4031 6396/3621/4034
f 6397/3622/4035 6396/3621/4034 6398/3623/4036
f 6399/3624/4037 6275/3543/3933 6274/3542/3932
f 6399/3624/4037 6274/3542/3932 6388/3615/4027
f 6277/3545/3935 6275/3543/3933 6399/3624/4037
f 6277/3545/3935 6399/3624/4037 6400/3625/4038
f 342/322/257 396/370/308 6271/3539/3929
f 342/322/257 6271/3539/3929 6270/3538/3928
f 6276/3544/3934 6277/3545/3935 6401/3626/4039
f 6276/3544/3934 6401/3626/4039 6402/3627/4040
f 6277/3545/3935 6400/3625/4038 6403/3628/4041
f 6277/3545/3935 6403/3628/4041 6401/3626/4039
f 397/371/309 393/367/305 395/369/307
f 397/371/309 395/369/307 454/422/366
f 6263/3531/3921 6404/3569/4042 6405/3629/4042
f 6263/3531/3921 6405/3629/4042 6264/3532/3922
f 6265/3533/3923 6406/3630/4043 6407/3631/4044
f 6265/3533/3923 6407/3631/4044 6269/3537/3927
f 6268/3536/3926 6408/3632/4045 6406/3630/4043
f 6268/3536/3926 6406/3630/4043 6265/3533/3923
f 6278/3546/3936 6409/3633/4046 6408/3632/4045
f 6278/3546/3936 6408/3632/4045 6268/3536/3926
f 6299/3560/3957 6410/3634/4047 6411/3635/4047
f 6299/3560/3957 6411/3635/4047 6279/3547/3937
f 6308/3568/3966 6412/3636/4048 6413/3637/4049
f 6308/3568/3966 6413/3637/4049 6305/3565/3963
f 6314/3532/3973 6414/3629/4050 6412/3636/4048
f 6314/3532/3973 6412/3636/4048 6308/3568/3966
f 6392/3617/4030 6415/3638/4051 6416/3633/4051
f 6392/3617/4030 6416/3633/4051 6389/3546/4028
f 6269/3537/3927 6407/3631/4044 6417/3639/3953
f 6269/3537/3927 6417/3639/3953 6292/3555/3950
f 6418/335/4052 6419/334/4052 6420/399/4052
f 6418/335/4052 6420/399/4052 6421/398/4052
f 6422/3598/20 6423/3597/20 6424/3640/20
f 6422/3598/20 6424/3640/20 6425/3641/20
f 6426/3642/4053 6427/3571/4053 6428/3574/4054
f 6426/3642/4053 6428/3574/4054 6429/3643/4054
f 6430/3614/4055 6431/357/4056 6432/358/4056
f 6430/3614/4055 6432/358/4056 6433/3644/4055
f 6372/3604/4014 6373/3605/4015 6434/3645/4057
f 6372/3604/4014 6434/3645/4057 6435/3606/4057
f 332/312/247 6436/3646/4058 6285/3550/3943
f 332/312/247 6285/3550/3943 333/313/248
f 6288/3552/3946 6437/3647/4059 6438/3648/4059
f 6288/3552/3946 6438/3648/4059 6287/375/3945
f 6439/3648/4060 6440/3649/4061 399/373/311
f 6439/3648/4060 399/373/311 365/343/280
f 385/362/297 384/361/296 445/416/357
f 385/362/297 445/416/357 444/415/356
f 375/352/290 335/315/250 337/317/252
f 375/352/290 337/317/252 6441/3650/4062
f 398/372/310 335/315/250 375/352/290
f 398/372/310 375/352/290 377/354/292
f 6333/3582/3992 6442/3651/4063 6443/3652/4063
f 6333/3582/3992 6443/3652/4063 6334/3585/3993
f 377/354/292 376/353/291 394/368/306
f 377/354/292 394/368/306 393/367/305
f 6444/3653/4064 6445/3651/4065 6328/3582/3987
f 6444/3653/4064 6328/3582/3987 6327/3581/3986
f 384/361/296 397/371/309 454/422/366
f 384/361/296 454/422/366 445/416/357
f 336/316/251 383/360/295 6446/3654/4066
f 336/316/251 6446/3654/4066 386/363/298
f 335/315/250 384/361/296 383/360/295
f 335/315/250 383/360/295 336/316/251
f 363/341/278 401/375/313 6439/3648/4060
f 363/341/278 6439/3648/4060 365/343/280
f 389/366/301 388/365/300 396/370/308
f 389/366/301 396/370/308 341/321/256
f 6447/3655/4067 6448/3656/4068 6255/3523/7
f 6447/3655/4067 6255/3523/7 6254/3522/7
f 6449/3657/4069 6450/3658/4070 6451/3659/4071
f 6449/3657/4069 6451/3659/4071 6452/3660/4071
f 6450/3658/4070 6449/3657/4069 6448/3656/4068
f 6450/3658/4070 6448/3656/4068 6447/3655/4067
f 6453/3661/4072 6454/3662/4073 6455/3663/4074
f 6453/3661/4072 6455/3663/4074 6456/3664/4075
f 6457/3665/4076 6458/3666/4077 6459/3667/4078
f 6457/3665/4076 6459/3667/4078 6460/3668/4079
f 6457/3665/4076 6460/3668/4079 6461/3669/4080
f 6457/3665/4076 6461/3669/4080 6462/3670/4081
f 6463/3671/4082 6464/3672/4083 6465/3673/4084
f 6463/3671/4082 6465/3673/4084 453/421/365
f 6460/3668/4079 6466/3674/4085 6463/3671/4082
f 6460/3668/4079 6463/3671/4082 6461/3669/4080
f 6466/3674/4085 6460/3668/4079 6459/3667/4078
f 6466/3674/4085 6459/3667/4078 6467/3675/4086
f 6468/3676/4087 6469/3677/4088 6467/3675/4086
f 6468/3676/4087 6467/3675/4086 6459/3667/4078
f 6458/3666/4077 6470/3678/4089 6468/3676/4087
f 6458/3666/4077 6468/3676/4087 6459/3667/4078
f 6471/3679/4090 411/385/323 6472/419/4091
f 6471/3679/4090 6472/419/4091 6473/3680/4092
f 6474/3681/4093 6473/3680/4092 6472/419/4091
f 6474/3681/4093 6472/419/4091 6475/418/4094
f 6476/426/4095 6477/3682/4096 6478/3683/4097
f 6476/426/4095 6478/3683/4097 404/378/316
f 6479/425/4098 6480/3684/4099 6477/3682/4096
f 6479/425/4098 6477/3682/4096 6476/426/4095
f 6481/3685/4100 450/391/362 452/378/364
f 6481/3685/4100 452/378/364 6482/377/4101
f 451/393/363 6483/3686/4102 458/426/370
f 451/393/363 458/426/370 452/378/364
f 6484/3687/4103 6462/3670/4081 6461/3669/4080
f 6484/3687/4103 6461/3669/4080 413/387/325
f 6485/3688/4104 6296/3559/3954 6295/3558/3953
f 6485/3688/4104 6295/3558/3953 6486/3689/4105
f 6487/384/4106 6488/383/4107 6485/3688/4104
f 6487/384/4106 6485/3688/4104 6486/3689/4105
f 6471/3679/4090 6489/3690/4108 412/386/324
f 6471/3679/4090 412/386/324 411/385/323
f 6490/3691/4109 6301/3562/3959 6296/3559/3954
f 6490/3691/4109 6296/3559/3954 6485/3688/4104
f 408/382/320 6491/3692/4110 6492/3693/4111
f 408/382/320 6492/3693/4111 409/383/321
f 6488/383/4107 6493/3693/4112 6490/3691/4109
f 6488/383/4107 6490/3691/4109 6485/3688/4104
f 6494/3694/4113 6495/3695/4114 6496/3696/4115
f 6494/3694/4113 6496/3696/4115 6497/3697/4116
f 6498/3663/4117 6310/3569/3968 6301/3562/3959
f 6498/3663/4117 6301/3562/3959 6490/3691/4109
f 6493/3693/4112 6499/3664/4118 6498/3663/4117
f 6493/3693/4112 6498/3663/4117 6490/3691/4109
f 6491/3692/4110 6500/3698/4119 6456/3664/4120
f 6491/3692/4110 6456/3664/4120 6492/3693/4111
f 6495/3695/4114 6501/3662/4121 6502/3661/4122
f 6495/3695/4114 6502/3661/4122 6496/3696/4115
f 6503/3699/4123 6504/3700/4124 6505/3701/4125
f 6503/3699/4123 6505/3701/4125 6506/390/4126
f 6507/3702/4127 6508/388/4127 6506/390/4126
f 6507/3702/4127 6506/390/4126 6505/3701/4125
f 6509/3703/4128 6510/3704/4129 6504/3700/4124
f 6509/3703/4128 6504/3700/4124 6503/3699/4123
f 6510/3704/4129 6509/3703/4128 6511/3705/4130
f 6510/3704/4129 6511/3705/4130 6512/3706/4131
f 6513/3707/4132 6514/3699/4133 416/390/328
f 6513/3707/4132 416/390/328 415/389/327
f 6515/3708/4134 6516/3703/4135 6514/3699/4133
f 6515/3708/4134 6514/3699/4133 6513/3707/4132
f 6516/3703/4135 6515/3708/4134 6517/3709/4136
f 6516/3703/4135 6517/3709/4136 6518/3705/4137
f 418/392/330 6519/410/4138 6520/3686/4139
f 418/392/330 6520/3686/4139 419/393/331
f 421/395/333 6521/400/4140 6522/3589/4141
f 421/395/333 6522/3589/4141 422/396/334
f 6521/400/4140 428/402/340 6523/3710/4142
f 6521/400/4140 6523/3710/4142 6522/3589/4141
f 6524/400/4143 431/395/343 430/403/342
f 6524/400/4143 430/403/342 6525/3711/4144
f 434/406/346 433/405/345 6526/3712/4145
f 434/406/346 6526/3712/4145 436/408/348
f 435/407/347 436/408/348 430/403/342
f 435/407/347 430/403/342 429/394/341
f 430/403/342 436/408/348 6526/3712/4145
f 430/403/342 6526/3712/4145 6525/3711/4144
f 6527/3593/4146 6528/398/4007 450/391/362
f 6527/3593/4146 450/391/362 6481/3685/4100
f 423/397/335 6529/392/4147 6530/391/4148
f 423/397/335 6530/391/4148 6531/398/4148
f 423/397/335 428/402/340 439/410/351
f 423/397/335 439/410/351 6529/392/4147
f 437/409/349 439/410/351 428/402/340
f 437/409/349 428/402/340 427/401/339
f 428/402/340 423/397/335 425/399/337
f 428/402/340 425/399/337 6523/3710/4142
f 6532/3710/4149 6533/3713/4149 6347/3591/4006
f 6532/3710/4149 6347/3591/4006 6345/3589/4004
f 6534/3714/25 6535/3715/25 6536/3641/25
f 6534/3714/25 6536/3641/25 6537/3640/25
f 6538/3715/7 6539/3714/7 6540/3716/7
f 6538/3715/7 6540/3716/7 6541/3717/7
f 6542/3717/4150 6543/3716/4150 6544/3718/4150
f 6542/3717/4150 6544/3718/4150 6545/3719/4150
f 6546/3720/4151 6547/3721/4152 6474/3681/4093
f 6546/3720/4151 6474/3681/4093 6475/418/4094
f 6548/3720/4153 6549/3722/4153 6550/3723/4154
f 6548/3720/4153 6550/3723/4154 6551/3724/4155
f 6552/3725/4156 6553/3726/4157 6554/3727/4158
f 6552/3725/4156 6554/3727/4158 6555/3728/4159
f 6555/3728/4159 6554/3727/4158 6556/3644/4160
f 6555/3728/4159 6556/3644/4160 6557/3729/4161
f 6557/3729/4161 6556/3644/4160 6558/358/4162
f 6557/3729/4161 6558/358/4162 6559/359/4163
f 432/404/344 434/406/346 458/426/370
f 432/404/344 458/426/370 6483/3686/4102
f 6560/405/4164 6561/404/4165 6520/3686/4139
f 6560/405/4164 6520/3686/4139 6519/410/4138
f 6463/3671/4082 6466/3674/4085 6562/3730/4166
f 6463/3671/4082 6562/3730/4166 6464/3672/4083
f 6563/3678/4167 6564/3731/4168 6565/3732/4169
f 6563/3678/4167 6565/3732/4169 6566/3676/4169
f 6567/3733/4170 6568/3734/4171 6569/3735/4172
f 6567/3733/4170 6569/3735/4172 6570/3736/4173
f 6570/3736/4173 6569/3735/4172 374/351/289
f 6570/3736/4173 374/351/289 373/350/288
f 6571/3737/4174 6572/3738/4175 6568/3734/4171
f 6571/3737/4174 6568/3734/4171 6567/3733/4170
f 6573/3739/4176 6562/3730/4166 6466/3674/4085
f 6573/3739/4176 6466/3674/4085 6467/3675/4086
f 6469/3677/4088 6574/3740/4177 6573/3739/4176
f 6469/3677/4088 6573/3739/4176 6467/3675/4086
f 413/387/325 6461/3669/4080 6463/3671/4082
f 413/387/325 6463/3671/4082 453/421/365
f 6468/3676/4087 6575/3741/4178 6576/3742/4179
f 6468/3676/4087 6576/3742/4179 6469/3677/4088
f 6469/3677/4088 6576/3742/4179 6577/3743/4180
f 6469/3677/4088 6577/3743/4180 6574/3740/4177
f 6455/3663/4074 6454/3662/4073 6405/3629/4042
f 6455/3663/4074 6405/3629/4042 6404/3569/4042
f 6457/3665/4076 6462/3670/4081 6407/3631/4044
f 6457/3665/4076 6407/3631/4044 6406/3630/4043
f 6458/3666/4077 6457/3665/4076 6406/3630/4043
f 6458/3666/4077 6406/3630/4043 6408/3632/4045
f 6470/3678/4089 6458/3666/4077 6408/3632/4045
f 6470/3678/4089 6408/3632/4045 6409/3633/4046
f 6489/3690/4108 6471/3679/4090 6411/3635/4047
f 6489/3690/4108 6411/3635/4047 6410/3634/4047
f 6495/3695/4114 6494/3694/4113 6413/3637/4049
f 6495/3695/4114 6413/3637/4049 6412/3636/4048
f 6501/3662/4121 6495/3695/4114 6412/3636/4048
f 6501/3662/4121 6412/3636/4048 6414/3629/4050
f 6564/3731/4168 6563/3678/4167 6416/3633/4051
f 6564/3731/4168 6416/3633/4051 6415/3638/4051
f 6462/3670/4081 6484/3687/4103 6417/3639/3953
f 6462/3670/4081 6417/3639/3953 6407/3631/4044
f 6546/3720/4151 6578/3724/4181 6579/3744/4181
f 6546/3720/4151 6579/3744/4181 6547/3721/4152
f 402/376/314 404/378/316 6478/3683/4097
f 402/376/314 6478/3683/4097 6580/3745/4182
f 6480/3684/4099 6479/425/4098 6581/3746/4183
f 6480/3684/4099 6581/3746/4183 6582/3747/4183
f 6583/3746/4184 435/407/347 456/424/368
f 6583/3746/4184 456/424/368 6584/3748/4185
f 440/411/352 6585/3749/4186 406/380/318
f 440/411/352 406/380/318 405/379/317
f 455/423/367 441/412/353 440/411/352
f 455/423/367 440/411/352 405/379/317
f 6430/3614/4055 6433/3644/4055 6586/3727/4187
f 6430/3614/4055 6586/3727/4187 6587/3611/4187
f 6587/3611/4187 6586/3727/4187 6588/3726/4188
f 6587/3611/4187 6588/3726/4188 6589/3612/4188
f 6518/3705/4137 6517/3709/4136 6443/3652/4063
f 6518/3705/4137 6443/3652/4063 6442/3651/4063
f 441/412/353 395/369/307 394/368/306
f 441/412/353 394/368/306 442/413/354
f 6590/3602/7 6591/3750/7 6592/3751/7
f 6590/3602/7 6592/3751/7 6593/3603/7
f 6444/3653/4064 6512/3706/4131 6511/3705/4130
f 6444/3653/4064 6511/3705/4130 6445/3651/4065
f 407/381/319 446/417/358 6594/3752/4189
f 407/381/319 6594/3752/4189 443/414/355
f 405/379/317 407/381/319 443/414/355
f 405/379/317 443/414/355 445/416/357
f 434/406/346 435/407/347 6583/3746/4184
f 434/406/346 6583/3746/4184 457/425/369
f 448/419/360 411/385/323 453/421/365
f 448/419/360 453/421/365 449/420/361
f 6318/3574/3977 6317/3573/3976 6595/3753/4190
f 6318/3574/3977 6595/3753/4190 6596/3754/4190
f 6429/3643/4054 6428/3574/4054 6597/3754/4054
f 6429/3643/4054 6597/3754/4054 6598/3755/4054
f 6249/3517/3910 6248/3516/3909 6599/3756/3909
f 6249/3517/3910 6599/3756/3909 6600/3757/3911
f 6252/3520/3913 6249/3517/3910 6600/3757/3911
f 6252/3520/3913 6600/3757/3911 6601/3758/4191
f 6602/3759/4192 242/222/166 459/427/371
f 6602/3759/4192 459/427/371 6603/3760/4193
f 461/429/373 466/125/378 6604/124/4194
f 461/429/373 6604/124/4194 6605/3761/4195
f 244/224/168 6606/3762/25 6607/434/25
f 244/224/168 6607/434/25 245/225/169
f 147/127/80 146/126/79 144/124/78
f 147/127/80 144/124/78 143/123/77
f 6608/1442/4196 6609/1443/4197 6610/1444/4198
f 6608/1442/4196 6610/1444/4198 6611/1445/4199
f 6609/1443/4197 6612/1446/4200 6613/1447/4201
f 6609/1443/4197 6613/1447/4201 6610/1444/4198
f 6614/1448/4202 6608/1442/4196 6611/1445/4199
f 6614/1448/4202 6611/1445/4199 6615/1449/4203
f 6616/1450/4204 6614/1448/4202 6615/1449/4203
f 6616/1450/4204 6615/1449/4203 6617/1451/4205
f 6618/1452/4206 6616/1450/4204 6617/1451/4205
f 6618/1452/4206 6617/1451/4205 6619/1453/4207
f 6620/1454/4208 6618/1452/4206 6619/1453/4207
f 6620/1454/4208 6619/1453/4207 6621/1455/4209
f 6622/1456/4210 6620/1454/4208 6621/1455/4209
f 6622/1456/4210 6621/1455/4209 6623/1457/4211
f 6624/1458/4212 6622/1456/4210 6623/1457/4211
f 6624/1458/4212 6623/1457/4211 6625/1459/4213
f 6626/1460/4214 6624/1458/4212 6625/1459/4213
f 6626/1460/4214 6625/1459/4213 6627/1461/4215
f 6628/1462/4216 6626/1460/4214 6627/1461/4215
f 6628/1462/4216 6627/1461/4215 6629/1463/4217
f 6630/1464/4218 6628/1462/4216 6629/1463/4217
f 6630/1464/4218 6629/1463/4217 6631/1465/4219
f 6632/1466/4220 6630/1464/4218 6631/1465/4219
f 6632/1466/4220 6631/1465/4219 6633/1467/4221
f 6634/1468/4222 6632/1466/4220 6633/1467/4221
f 6634/1468/4222 6633/1467/4221 6635/1469/4223
f 6636/1470/4224 6634/1468/4222 6635/1469/4223
f 6636/1470/4224 6635/1469/4223 6637/1471/4225
f 6638/1472/4226 6636/1470/4224 6637/1471/4225
f 6638/1472/4226 6637/1471/4225 6639/1473/4227
f 6640/1474/4228 6638/1472/4226 6639/1473/4227
f 6640/1474/4228 6639/1473/4227 6641/1475/4229
f 6642/1476/4230 6640/1474/4228 6641/1475/4229
f 6642/1476/4230 6641/1475/4229 6643/1477/4231
f 6644/1478/4232 6642/1476/4230 6643/1477/4231
f 6644/1478/4232 6643/1477/4231 6645/1479/4233
f 6646/1480/4234 6644/1478/4232 6645/1479/4233
f 6646/1480/4234 6645/1479/4233 6647/1481/4235
f 6612/1446/4200 6646/1480/4234 6647/1481/4235
f 6612/1446/4200 6647/1481/4235 6613/1447/4201
f 6648/1482/4236 6649/1483/4237 6650/1484/4238
f 6648/1482/4236 6650/1484/4238 6651/1485/4239
f 6649/1483/4237 6648/1482/4236 6652/1486/4240
f 6649/1483/4237 6652/1486/4240 6653/1487/4241
f 6653/1487/4241 6652/1486/4240 6654/1488/4242
f 6653/1487/4241 6654/1488/4242 6655/1489/4243
f 6655/1489/4243 6654/1488/4242 6656/1490/4244
f 6655/1489/4243 6656/1490/4244 6657/1491/4245
f 6657/1491/4245 6656/1490/4244 6658/1492/4246
f 6657/1491/4245 6658/1492/4246 6659/1493/4247
f 6659/1493/4247 6658/1492/4246 6660/1494/4248
f 6659/1493/4247 6660/1494/4248 6661/1495/4249
f 6661/1495/4249 6660/1494/4248 6662/1496/4250
f 6661/1495/4249 6662/1496/4250 6663/1497/4251
f 6663/1497/4251 6662/1496/4250 6664/1498/4252
f 6663/1497/4251 6664/1498/4252 6665/1499/4253
f 6665/1499/4253 6664/1498/4252 6666/1500/4254
f 6665/1499/4253 6666/1500/4254 6667/1501/4255
f 6667/1501/4255 6666/1500/4254 6668/1502/4256
f 6667/1501/4255 6668/1502/4256 6669/1503/4257
f 6669/1503/4257 6668/1502/4256 6670/1504/4258
f 6669/1503/4257 6670/1504/4258 6671/1505/4259
f 6671/1505/4259 6670/1504/4258 6672/1506/4260
f 6671/1505/4259 6672/1506/4260 6673/1507/4261
f 6673/1507/4261 6672/1506/4260 6674/1508/4262
f 6673/1507/4261 6674/1508/4262 6675/1509/4263
f 6675/1509/4263 6674/1508/4262 6676/1510/4264
f 6675/1509/4263 6676/1510/4264 6677/1511/4265
f 6677/1511/4265 6676/1510/4264 6678/1512/4266
f 6677/1511/4265 6678/1512/4266 6679/1513/4267
f 6679/1513/4267 6678/1512/4266 6680/1514/4268
f 6679/1513/4267 6680/1514/4268 6681/1515/4269
f 6681/1515/4269 6680/1514/4268 6682/1516/4270
f 6681/1515/4269 6682/1516/4270 6683/1517/4271
f 6683/1517/4271 6682/1516/4270 6684/1518/4272
f 6683/1517/4271 6684/1518/4272 6685/1519/4273
f 6685/1519/4273 6684/1518/4272 6686/1520/4274
f 6685/1519/4273 6686/1520/4274 6687/1521/4275
f 6687/1521/4275 6686/1520/4274 6651/1485/4239
f 6687/1521/4275 6651/1485/4239 6650/1484/4238
f 6688/1522/4276 6689/1523/4277 6690/1524/4278
f 6688/1522/4276 6690/1524/4278 6691/1525/4279
f 6689/1523/4277 6692/1526/4280 6693/1527/4281
f 6689/1523/4277 6693/1527/4281 6690/1524/4278
f 6692/1526/4280 6694/1528/4282 6695/1529/4283
f 6692/1526/4280 6695/1529/4283 6693/1527/4281
f 6694/1528/4282 6696/1530/4284 6697/1531/4285
f 6694/1528/4282 6697/1531/4285 6695/1529/4283
f 6696/1530/4284 6698/1532/4286 6699/1533/4287
f 6696/1530/4284 6699/1533/4287 6697/1531/4285
f 6698/1532/4286 6700/1534/4288 6701/1535/4289
f 6698/1532/4286 6701/1535/4289 6699/1533/4287
f 6700/1534/4288 6702/1536/4290 6703/1537/4291
f 6700/1534/4288 6703/1537/4291 6701/1535/4289
f 6702/1536/4290 6704/1538/4292 6705/1539/4293
f 6702/1536/4290 6705/1539/4293 6703/1537/4291
f 6704/1538/4292 6706/1540/4294 6707/1541/4295
f 6704/1538/4292 6707/1541/4295 6705/1539/4293
f 6706/1540/4294 6708/1542/4296 6709/1543/4297
f 6706/1540/4294 6709/1543/4297 6707/1541/4295
f 6708/1542/4296 6710/1544/4298 6711/1545/4299
f 6708/1542/4296 6711/1545/4299 6709/1543/4297
f 6710/1544/4298 6712/1546/4300 6713/1547/4301
f 6710/1544/4298 6713/1547/4301 6711/1545/4299
f 6712/1546/4300 6714/1548/4302 6715/1549/4303
f 6712/1546/4300 6715/1549/4303 6713/1547/4301
f 6714/1548/4302 6716/1550/4304 6717/1551/4305
f 6714/1548/4302 6717/1551/4305 6715/1549/4303
f 6716/1550/4304 6718/1552/4306 6719/1553/4307
f 6716/1550/4304 6719/1553/4307 6717/1551/4305
f 6720/1554/4308 6721/1555/4309 6722/1556/4310
f 6720/1554/4308 6722/1556/4310 6723/1557/4311
f 6721/1555/4309 6724/1558/4312 6725/1559/4313
f 6721/1555/4309 6725/1559/4313 6722/1556/4310
f 6724/1558/4312 6726/1560/4314 6727/1561/4315
f 6724/1558/4312 6727/1561/4315 6725/1559/4313
f 6726/1560/4314 6728/1562/4316 6729/1563/4317
f 6726/1560/4314 6729/1563/4317 6727/1561/4315
f 6728/1562/4316 6688/1522/4276 6691/1525/4279
f 6728/1562/4316 6691/1525/4279 6729/1563/4317
f 6730/1444/4318 6731/1447/4319 6732/1564/4320
f 6730/1444/4318 6732/1564/4320 6733/1565/4318
f 6734/1445/4321 6730/1444/4318 6733/1565/4318
f 6734/1445/4321 6733/1565/4318 6735/1566/4321
f 6736/1449/4322 6734/1445/4321 6735/1566/4321
f 6736/1449/4322 6735/1566/4321 6737/1567/4322
f 6738/1451/4323 6736/1449/4322 6737/1567/4322
f 6738/1451/4323 6737/1567/4322 6739/1568/4323
f 6740/1453/4324 6738/1451/4323 6739/1568/4323
f 6740/1453/4324 6739/1568/4323 6741/1569/4325
f 6742/1455/4326 6740/1453/4324 6741/1569/4325
f 6742/1455/4326 6741/1569/4325 6743/1570/4326
f 6744/1457/4327 6742/1455/4326 6743/1570/4326
f 6744/1457/4327 6743/1570/4326 6745/1571/4328
f 6746/1459/4329 6744/1457/4327 6745/1571/4328
f 6746/1459/4329 6745/1571/4328 6747/1572/4330
f 6748/1461/4331 6746/1459/4329 6747/1572/4330
f 6748/1461/4331 6747/1572/4330 6749/1573/4332
f 6750/1463/4333 6748/1461/4331 6749/1573/4332
f 6750/1463/4333 6749/1573/4332 6751/1574/4333
f 6752/1465/4334 6750/1463/4333 6751/1574/4333
f 6752/1465/4334 6751/1574/4333 6753/1575/4334
f 6754/1467/4335 6752/1465/4334 6753/1575/4334
f 6754/1467/4335 6753/1575/4334 6755/1576/4335
f 6756/1469/4336 6754/1467/4335 6755/1576/4335
f 6756/1469/4336 6755/1576/4335 6757/1577/4336
f 6758/1471/4337 6756/1469/4336 6757/1577/4336
f 6758/1471/4337 6757/1577/4336 6759/1578/4337
f 6760/1473/4338 6758/1471/4337 6759/1578/4337
f 6760/1473/4338 6759/1578/4337 6761/1579/4338
f 6762/1475/4339 6760/1473/4338 6761/1579/4338
f 6762/1475/4339 6761/1579/4338 6763/1580/4340
f 6764/1477/4341 6762/1475/4339 6763/1580/4340
f 6764/1477/4341 6763/1580/4340 6765/1581/4341
f 6766/1479/4342 6764/1477/4341 6765/1581/4341
f 6766/1479/4342 6765/1581/4341 6767/1582/4342
f 6768/1481/4343 6766/1479/4342 6767/1582/4342
f 6768/1481/4343 6767/1582/4342 6769/1583/4344
f 6731/1447/4319 6768/1481/4343 6769/1583/4344
f 6731/1447/4319 6769/1583/4344 6732/1564/4320
f 6770/1584/4345 6771/1585/4346 6772/1586/4347
f 6770/1584/4345 6772/1586/4347 6773/1587/4348
f 6774/1588/4349 6770/1584/4345 6773/1587/4348
f 6774/1588/4349 6773/1587/4348 6775/1589/4350
f 6771/1585/4346 6776/1590/4351 6777/1591/4352
f 6771/1585/4346 6777/1591/4352 6772/1586/4347
f 6776/1590/4351 6778/1592/4353 6779/1593/4354
f 6776/1590/4351 6779/1593/4354 6777/1591/4352
f 6778/1592/4353 6780/1594/4355 6781/1595/4355
f 6778/1592/4353 6781/1595/4355 6779/1593/4354
f 6780/1594/4355 6782/1596/4356 6783/1597/4357
f 6780/1594/4355 6783/1597/4357 6781/1595/4355
f 6782/1596/4356 6784/1598/4358 6785/1599/4359
f 6782/1596/4356 6785/1599/4359 6783/1597/4357
f 6784/1598/4358 6786/1600/4360 6787/1601/4361
f 6784/1598/4358 6787/1601/4361 6785/1599/4359
f 6786/1600/4360 6788/1602/4362 6789/1603/4363
f 6786/1600/4360 6789/1603/4363 6787/1601/4361
f 6788/1602/4362 6790/1604/4364 6791/1605/4365
f 6788/1602/4362 6791/1605/4365 6789/1603/4363
f 6790/1604/4364 6792/1606/4366 6793/1607/4367
f 6790/1604/4364 6793/1607/4367 6791/1605/4365
f 6792/1606/4366 6794/1608/4368 6795/1609/4369
f 6792/1606/4366 6795/1609/4369 6793/1607/4367
f 6794/1608/4368 6796/1610/4370 6797/1611/4371
f 6794/1608/4368 6797/1611/4371 6795/1609/4369
f 6796/1610/4370 6798/1612/4372 6799/1613/4373
f 6796/1610/4370 6799/1613/4373 6797/1611/4371
f 6798/1612/4372 6800/1614/4374 6801/1615/4374
f 6798/1612/4372 6801/1615/4374 6799/1613/4373
f 6800/1614/4374 6802/1616/4375 6803/1617/4376
f 6800/1614/4374 6803/1617/4376 6801/1615/4374
f 6802/1616/4375 6804/1618/4377 6805/1619/4378
f 6802/1616/4375 6805/1619/4378 6803/1617/4376
f 6804/1618/4377 6806/1620/4379 6807/1621/4380
f 6804/1618/4377 6807/1621/4380 6805/1619/4378
f 6806/1620/4379 6808/1622/4381 6809/1623/4382
f 6806/1620/4379 6809/1623/4382 6807/1621/4380
f 6808/1622/4381 6774/1588/4349 6775/1589/4350
f 6808/1622/4381 6775/1589/4350 6809/1623/4382
f 6810/1587/4383 6811/1586/4384 6812/1624/4385
f 6810/1587/4383 6812/1624/4385 6813/1625/4386
f 6814/1589/4387 6810/1587/4383 6813/1625/4386
f 6814/1589/4387 6813/1625/4386 6815/1626/4388
f 6811/1586/4384 6816/1591/4389 6817/1627/4390
f 6811/1586/4384 6817/1627/4390 6812/1624/4385
f 6816/1591/4389 6818/1593/4391 6819/1628/4391
f 6816/1591/4389 6819/1628/4391 6817/1627/4390
f 6818/1593/4391 6820/1595/4392 6821/1629/4392
f 6818/1593/4391 6821/1629/4392 6819/1628/4391
f 6820/1595/4392 6822/1597/4393 6823/1630/4394
f 6820/1595/4392 6823/1630/4394 6821/1629/4392
f 6822/1597/4393 6824/1599/4395 6825/1631/4396
f 6822/1597/4393 6825/1631/4396 6823/1630/4394
f 6824/1599/4395 6826/1601/4397 6827/1632/4398
f 6824/1599/4395 6827/1632/4398 6825/1631/4396
f 6826/1601/4397 6828/1603/4399 6829/1633/4400
f 6826/1601/4397 6829/1633/4400 6827/1632/4398
f 6828/1603/4399 6830/1605/4401 6831/1634/4402
f 6828/1603/4399 6831/1634/4402 6829/1633/4400
f 6830/1605/4401 6832/1607/4403 6833/1635/4404
f 6830/1605/4401 6833/1635/4404 6831/1634/4402
f 6832/1607/4403 6834/1609/4405 6835/1636/4406
f 6832/1607/4403 6835/1636/4406 6833/1635/4404
f 6834/1609/4405 6836/1611/4407 6837/1637/4408
f 6834/1609/4405 6837/1637/4408 6835/1636/4406
f 6836/1611/4407 6838/1613/4409 6839/1638/4410
f 6836/1611/4407 6839/1638/4410 6837/1637/4408
f 6838/1613/4409 6840/1615/4411 6841/1639/4411
f 6838/1613/4409 6841/1639/4411 6839/1638/4410
f 6840/1615/4411 6842/1617/4412 6843/1640/4412
f 6840/1615/4411 6843/1640/4412 6841/1639/4411
f 6842/1617/4412 6844/1619/4413 6845/1641/4414
f 6842/1617/4412 6845/1641/4414 6843/1640/4412
f 6844/1619/4413 6846/1621/4415 6847/1642/4416
f 6844/1619/4413 6847/1642/4416 6845/1641/4414
f 6846/1621/4415 6848/1623/4417 6849/1643/4418
f 6846/1621/4415 6849/1643/4418 6847/1642/4416
f 6848/1623/4417 6814/1589/4387 6815/1626/4388
f 6848/1623/4417 6815/1626/4388 6849/1643/4418
f 6850/1625/4419 6851/1624/4420 6852/1644/4420
f 6850/1625/4419 6852/1644/4420 6853/1645/4419
f 6854/1626/4421 6850/1625/4419 6853/1645/4419
f 6854/1626/4421 6853/1645/4419 6855/1646/4421
f 6851/1624/4420 6856/1627/4422 6857/1647/4422
f 6851/1624/4420 6857/1647/4422 6852/1644/4420
f 6856/1627/4422 6858/1628/4423 6859/1648/4423
f 6856/1627/4422 6859/1648/4423 6857/1647/4422
f 6858/1628/4423 6860/1629/4424 6861/1649/4424
f 6858/1628/4423 6861/1649/4424 6859/1648/4423
f 6860/1629/4424 6862/1630/4425 6863/1650/4425
f 6860/1629/4424 6863/1650/4425 6861/1649/4424
f 6862/1630/4425 6864/1631/4426 6865/1651/4426
f 6862/1630/4425 6865/1651/4426 6863/1650/4425
f 6864/1631/4426 6866/1632/4427 6867/1652/4427
f 6864/1631/4426 6867/1652/4427 6865/1651/4426
f 6866/1632/4427 6868/1633/4428 6869/1653/4428
f 6866/1632/4427 6869/1653/4428 6867/1652/4427
f 6868/1633/4428 6870/1634/4429 6871/1654/4429
f 6868/1633/4428 6871/1654/4429 6869/1653/4428
f 6870/1634/4429 6872/1635/4430 6873/1655/4430
f 6870/1634/4429 6873/1655/4430 6871/1654/4429
f 6872/1635/4430 6874/1636/4431 6875/1656/4431
f 6872/1635/4430 6875/1656/4431 6873/1655/4430
f 6874/1636/4431 6876/1637/4432 6877/1657/4432
f 6874/1636/4431 6877/1657/4432 6875/1656/4431
f 6876/1637/4432 6878/1638/4433 6879/1658/4433
f 6876/1637/4432 6879/1658/4433 6877/1657/4432
f 6878/1638/4433 6880/1639/4434 6881/1659/4434
f 6878/1638/4433 6881/1659/4434 6879/1658/4433
f 6880/1639/4434 6882/1640/4435 6883/1660/4435
f 6880/1639/4434 6883/1660/4435 6881/1659/4434
f 6882/1640/4435 6884/1641/4436 6885/1661/4436
f 6882/1640/4435 6885/1661/4436 6883/1660/4435
f 6884/1641/4436 6886/1642/4437 6887/1662/4437
f 6884/1641/4436 6887/1662/4437 6885/1661/4436
f 6886/1642/4437 6888/1643/4438 6889/1663/4438
f 6886/1642/4437 6889/1663/4438 6887/1662/4437
f 6888/1643/4438 6854/1626/4421 6855/1646/4421
f 6888/1643/4438 6855/1646/4421 6889/1663/4438
f 6890/1664/4439 6891/1665/4440 6892/1666/4441
f 6890/1664/4439 6892/1666/4441 6893/1667/4442
f 6894/1668/4443 6890/1664/4439 6893/1667/4442
f 6894/1668/4443 6893/1667/4442 6895/1669/4444
f 6891/1665/4440 6896/1670/4445 6897/1671/4446
f 6891/1665/4440 6897/1671/4446 6892/1666/4441
f 6896/1670/4445 6898/1672/4447 6899/1673/4447
f 6896/1670/4445 6899/1673/4447 6897/1671/4446
f 6898/1672/4447 6900/1674/4448 6901/1675/4448
f 6898/1672/4447 6901/1675/4448 6899/1673/4447
f 6900/1674/4448 6902/1676/4449 6903/1677/4450
f 6900/1674/4448 6903/1677/4450 6901/1675/4448
f 6902/1676/4449 6904/1678/4451 6905/1679/4452
f 6902/1676/4449 6905/1679/4452 6903/1677/4450
f 6904/1678/4451 6906/1680/4453 6907/1681/4454
f 6904/1678/4451 6907/1681/4454 6905/1679/4452
f 6906/1680/4453 6908/1682/4455 6909/1683/4456
f 6906/1680/4453 6909/1683/4456 6907/1681/4454
f 6908/1682/4455 6910/1684/4457 6911/1685/4458
f 6908/1682/4455 6911/1685/4458 6909/1683/4456
f 6910/1684/4457 6912/1686/4459 6913/1687/4460
f 6910/1684/4457 6913/1687/4460 6911/1685/4458
f 6912/1686/4459 6914/1688/4461 6915/1689/4462
f 6912/1686/4459 6915/1689/4462 6913/1687/4460
f 6914/1688/4461 6916/1690/4463 6917/1691/4464
f 6914/1688/4461 6917/1691/4464 6915/1689/4462
f 6916/1690/4463 6918/1692/4465 6919/1693/4466
f 6916/1690/4463 6919/1693/4466 6917/1691/4464
f 6918/1692/4465 6920/1694/4467 6921/1695/4467
f 6918/1692/4465 6921/1695/4467 6919/1693/4466
f 6922/1696/4468 6923/1697/4469 6924/1698/4469
f 6922/1696/4468 6924/1698/4469 6925/1699/4468
f 6923/1697/4469 6926/1700/4470 6927/1701/4471
f 6923/1697/4469 6927/1701/4471 6924/1698/4469
f 6926/1700/4470 6928/1702/4472 6929/1703/4473
f 6926/1700/4470 6929/1703/4473 6927/1701/4471
f 6928/1702/4472 6930/1704/4474 6931/1705/4475
f 6928/1702/4472 6931/1705/4475 6929/1703/4473
f 6930/1704/4474 6894/1668/4443 6895/1669/4444
f 6930/1704/4474 6895/1669/4444 6931/1705/4475
f 6932/1706/4476 6933/1707/4477 6934/1708/4478
f 6932/1706/4476 6934/1708/4478 6935/1709/4479
f 6933/1707/4477 6936/1710/4477 6937/1711/4480
f 6933/1707/4477 6937/1711/4480 6934/1708/4478
f 6936/1710/4477 6938/1712/4477 6939/1713/4477
f 6936/1710/4477 6939/1713/4477 6937/1711/4480
f 6938/1712/4477 6940/1714/4477 6941/1715/4477
f 6938/1712/4477 6941/1715/4477 6939/1713/4477
f 6940/1714/4477 6942/1716/4477 6943/1717/4477
f 6940/1714/4477 6943/1717/4477 6941/1715/4477
f 6942/1716/4477 6944/1718/4477 6945/1719/4477
f 6942/1716/4477 6945/1719/4477 6943/1717/4477
f 6944/1718/4477 6946/1720/4481 6947/1721/4477
f 6944/1718/4477 6947/1721/4477 6945/1719/4477
f 6946/1720/4481 6948/1722/4480 6949/1723/4481
f 6946/1720/4481 6949/1723/4481 6947/1721/4477
f 6948/1722/4480 6950/1724/4482 6951/1725/4483
f 6948/1722/4480 6951/1725/4483 6949/1723/4481
f 6952/1726/4484 6953/1727/4485 6649/1483/4237
f 6952/1726/4484 6649/1483/4237 6653/1487/4241
f 6953/1727/4485 6954/1728/4486 6650/1484/4238
f 6953/1727/4485 6650/1484/4238 6649/1483/4237
f 6955/1729/4487 6952/1726/4484 6653/1487/4241
f 6955/1729/4487 6653/1487/4241 6655/1489/4243
f 6954/1728/4486 6956/1730/4488 6687/1521/4275
f 6954/1728/4486 6687/1521/4275 6650/1484/4238
f 6957/1731/4489 6955/1729/4487 6655/1489/4243
f 6957/1731/4489 6655/1489/4243 6657/1491/4245
f 6958/1732/4490 6957/1731/4489 6657/1491/4245
f 6958/1732/4490 6657/1491/4245 6659/1493/4247
f 6959/1733/4491 6958/1732/4490 6659/1493/4247
f 6959/1733/4491 6659/1493/4247 6661/1495/4249
f 6960/1734/4492 6959/1733/4491 6661/1495/4249
f 6960/1734/4492 6661/1495/4249 6663/1497/4251
f 6961/1735/4493 6960/1734/4492 6663/1497/4251
f 6961/1735/4493 6663/1497/4251 6665/1499/4253
f 6962/1736/4494 6961/1735/4493 6665/1499/4253
f 6962/1736/4494 6665/1499/4253 6667/1501/4255
f 6963/1737/4495 6962/1736/4494 6667/1501/4255
f 6963/1737/4495 6667/1501/4255 6669/1503/4257
f 6964/1738/4496 6963/1737/4495 6669/1503/4257
f 6964/1738/4496 6669/1503/4257 6671/1505/4259
f 6965/1739/4497 6964/1738/4496 6671/1505/4259
f 6965/1739/4497 6671/1505/4259 6673/1507/4261
f 6966/1740/4498 6965/1739/4497 6673/1507/4261
f 6966/1740/4498 6673/1507/4261 6675/1509/4263
f 6967/1741/4499 6966/1740/4498 6675/1509/4263
f 6967/1741/4499 6675/1509/4263 6677/1511/4265
f 6968/1742/4500 6967/1741/4499 6677/1511/4265
f 6968/1742/4500 6677/1511/4265 6679/1513/4267
f 6969/1743/4501 6968/1742/4500 6679/1513/4267
f 6969/1743/4501 6679/1513/4267 6681/1515/4269
f 6970/1744/4502 6969/1743/4501 6681/1515/4269
f 6970/1744/4502 6681/1515/4269 6683/1517/4271
f 6971/1745/4503 6970/1744/4502 6683/1517/4271
f 6971/1745/4503 6683/1517/4271 6685/1519/4273
f 6956/1730/4488 6971/1745/4503 6685/1519/4273
f 6956/1730/4488 6685/1519/4273 6687/1521/4275
f 6972/1584/4504 6973/1746/4505 6974/1747/4506
f 6972/1584/4504 6974/1747/4506 6975/1585/4507
f 6973/1746/4505 6972/1584/4504 6976/1588/4508
f 6973/1746/4505 6976/1588/4508 6977/1748/4509
f 6975/1585/4507 6974/1747/4506 6978/1749/4510
f 6975/1585/4507 6978/1749/4510 6979/1590/4511
f 6979/1590/4511 6978/1749/4510 6980/1750/4512
f 6979/1590/4511 6980/1750/4512 6981/1592/4513
f 6981/1592/4513 6980/1750/4512 6982/1751/4514
f 6981/1592/4513 6982/1751/4514 6983/1594/4514
f 6983/1594/4514 6982/1751/4514 6984/1752/4515
f 6983/1594/4514 6984/1752/4515 6985/1596/4516
f 6985/1596/4516 6984/1752/4515 6986/1753/4517
f 6985/1596/4516 6986/1753/4517 6987/1598/4518
f 6987/1598/4518 6986/1753/4517 6988/1754/4519
f 6987/1598/4518 6988/1754/4519 6989/1600/4520
f 6989/1600/4520 6988/1754/4519 6990/1755/4521
f 6989/1600/4520 6990/1755/4521 6991/1602/4522
f 6991/1602/4522 6990/1755/4521 6992/1756/4523
f 6991/1602/4522 6992/1756/4523 6993/1604/4524
f 6993/1604/4524 6992/1756/4523 6994/1757/4525
f 6993/1604/4524 6994/1757/4525 6995/1606/4526
f 6995/1606/4526 6994/1757/4525 6996/1758/4527
f 6995/1606/4526 6996/1758/4527 6997/1608/4528
f 6997/1608/4528 6996/1758/4527 6998/1759/4529
f 6997/1608/4528 6998/1759/4529 6999/1610/4530
f 6999/1610/4530 6998/1759/4529 7000/1760/4531
f 6999/1610/4530 7000/1760/4531 7001/1612/4532
f 7001/1612/4532 7000/1760/4531 7002/1761/4533
f 7001/1612/4532 7002/1761/4533 7003/1614/4533
f 7003/1614/4533 7002/1761/4533 7004/1762/4534
f 7003/1614/4533 7004/1762/4534 7005/1616/4535
f 7005/1616/4535 7004/1762/4534 7006/1763/4536
f 7005/1616/4535 7006/1763/4536 7007/1618/4537
f 7007/1618/4537 7006/1763/4536 7008/1764/4538
f 7007/1618/4537 7008/1764/4538 7009/1620/4539
f 7009/1620/4539 7008/1764/4538 7010/1765/4540
f 7009/1620/4539 7010/1765/4540 7011/1622/4541
f 7011/1622/4541 7010/1765/4540 6977/1748/4509
f 7011/1622/4541 6977/1748/4509 6976/1588/4508
f 7012/1766/4542 7013/1767/4543 7014/1768/4544
f 7012/1766/4542 7014/1768/4544 7015/1769/4545
f 7016/1770/4546 7012/1766/4542 7015/1769/4545
f 7016/1770/4546 7015/1769/4545 7017/1771/4547
f 7018/1772/4548 7016/1770/4546 7017/1771/4547
f 7018/1772/4548 7017/1771/4547 7019/1773/4549
f 7020/1774/4550 7018/1772/4548 7019/1773/4549
f 7020/1774/4550 7019/1773/4549 7021/1775/4551
f 7022/1776/4552 7020/1774/4550 7021/1775/4551
f 7022/1776/4552 7021/1775/4551 7023/1777/4553
f 7024/1778/4554 7022/1776/4552 7023/1777/4553
f 7024/1778/4554 7023/1777/4553 7025/1779/4555
f 7026/1780/4556 7027/1781/4557 7028/1782/4558
f 7026/1780/4556 7028/1782/4558 7029/1783/4559
f 7030/1784/4560 7026/1780/4556 7029/1783/4559
f 7030/1784/4560 7029/1783/4559 7031/1785/4561
f 7032/1786/4562 7030/1784/4560 7031/1785/4561
f 7032/1786/4562 7031/1785/4561 7033/1787/4563
f 7034/1788/4564 7032/1786/4562 7033/1787/4563
f 7034/1788/4564 7033/1787/4563 7035/1789/4565
f 7036/1790/4566 7034/1788/4564 7035/1789/4565
f 7036/1790/4566 7035/1789/4565 7037/1791/4567
f 7038/1792/4568 7036/1790/4566 7037/1791/4567
f 7038/1792/4568 7037/1791/4567 7039/1793/4569
f 7040/1794/4570 7038/1792/4568 7039/1793/4569
f 7040/1794/4570 7039/1793/4569 7041/1795/4571
f 7042/1796/4572 7040/1794/4570 7041/1795/4571
f 7042/1796/4572 7041/1795/4571 7043/1797/4573
f 7044/1798/4574 7042/1796/4572 7043/1797/4573
f 7044/1798/4574 7043/1797/4573 7045/1799/4575
f 7046/1800/4576 7044/1798/4574 7045/1799/4575
f 7046/1800/4576 7045/1799/4575 7047/1801/4577
f 7048/1802/4578 7046/1800/4576 7047/1801/4577
f 7048/1802/4578 7047/1801/4577 7049/1803/4579
f 7050/1804/4580 7048/1802/4578 7049/1803/4579
f 7050/1804/4580 7049/1803/4579 7051/1805/4581
f 7052/1806/4582 7050/1804/4580 7051/1805/4581
f 7052/1806/4582 7051/1805/4581 7053/1807/4583
f 7013/1767/4543 7052/1806/4582 7053/1807/4583
f 7013/1767/4543 7053/1807/4583 7014/1768/4544
f 7054/1808/4584 7055/1809/4585 7013/1767/4543
f 7054/1808/4584 7013/1767/4543 7012/1766/4542
f 7056/1810/4586 7054/1808/4584 7012/1766/4542
f 7056/1810/4586 7012/1766/4542 7016/1770/4546
f 7057/1811/4587 7056/1810/4586 7016/1770/4546
f 7057/1811/4587 7016/1770/4546 7018/1772/4548
f 7058/1812/4588 7057/1811/4587 7018/1772/4548
f 7058/1812/4588 7018/1772/4548 7020/1774/4550
f 7059/1813/4589 7058/1812/4588 7020/1774/4550
f 7059/1813/4589 7020/1774/4550 7022/1776/4552
f 7060/1814/4590 7059/1813/4589 7022/1776/4552
f 7060/1814/4590 7022/1776/4552 7024/1778/4554
f 7061/1815/4591 7062/1816/4592 7027/1781/4557
f 7061/1815/4591 7027/1781/4557 7026/1780/4556
f 7063/1817/4593 7061/1815/4591 7026/1780/4556
f 7063/1817/4593 7026/1780/4556 7030/1784/4560
f 7064/1818/4594 7063/1817/4593 7030/1784/4560
f 7064/1818/4594 7030/1784/4560 7032/1786/4562
f 7065/1819/4595 7064/1818/4594 7032/1786/4562
f 7065/1819/4595 7032/1786/4562 7034/1788/4564
f 7066/1820/4596 7065/1819/4595 7034/1788/4564
f 7066/1820/4596 7034/1788/4564 7036/1790/4566
f 7067/1821/4597 7066/1820/4596 7036/1790/4566
f 7067/1821/4597 7036/1790/4566 7038/1792/4568
f 7068/1822/4598 7067/1821/4597 7038/1792/4568
f 7068/1822/4598 7038/1792/4568 7040/1794/4570
f 7069/1823/4599 7068/1822/4598 7040/1794/4570
f 7069/1823/4599 7040/1794/4570 7042/1796/4572
f 7070/1824/4600 7069/1823/4599 7042/1796/4572
f 7070/1824/4600 7042/1796/4572 7044/1798/4574
f 7071/1825/4601 7070/1824/4600 7044/1798/4574
f 7071/1825/4601 7044/1798/4574 7046/1800/4576
f 7072/1826/4602 7071/1825/4601 7046/1800/4576
f 7072/1826/4602 7046/1800/4576 7048/1802/4578
f 7073/1827/4603 7072/1826/4602 7048/1802/4578
f 7073/1827/4603 7048/1802/4578 7050/1804/4580
f 7074/1828/4604 7073/1827/4603 7050/1804/4580
f 7074/1828/4604 7050/1804/4580 7052/1806/4582
f 7055/1809/4585 7074/1828/4604 7052/1806/4582
f 7055/1809/4585 7052/1806/4582 7013/1767/4543
f 6691/1525/4279 6690/1524/4278 7055/1809/4585
f 6691/1525/4279 7055/1809/4585 7054/1808/4584
f 6729/1563/4317 6691/1525/4279 7054/1808/4584
f 6729/1563/4317 7054/1808/4584 7056/1810/4586
f 6727/1561/4315 6729/1563/4317 7056/1810/4586
f 6727/1561/4315 7056/1810/4586 7057/1811/4587
f 6725/1559/4313 6727/1561/4315 7057/1811/4587
f 6725/1559/4313 7057/1811/4587 7058/1812/4588
f 6722/1556/4310 6725/1559/4313 7058/1812/4588
f 6722/1556/4310 7058/1812/4588 7059/1813/4589
f 6723/1557/4311 6722/1556/4310 7059/1813/4589
f 6723/1557/4311 7059/1813/4589 7060/1814/4590
f 6717/1551/4305 6719/1553/4307 7062/1816/4592
f 6717/1551/4305 7062/1816/4592 7061/1815/4591
f 6715/1549/4303 6717/1551/4305 7061/1815/4591
f 6715/1549/4303 7061/1815/4591 7063/1817/4593
f 6713/1547/4301 6715/1549/4303 7063/1817/4593
f 6713/1547/4301 7063/1817/4593 7064/1818/4594
f 6711/1545/4299 6713/1547/4301 7064/1818/4594
f 6711/1545/4299 7064/1818/4594 7065/1819/4595
f 6709/1543/4297 6711/1545/4299 7065/1819/4595
f 6709/1543/4297 7065/1819/4595 7066/1820/4596
f 6707/1541/4295 6709/1543/4297 7066/1820/4596
f 6707/1541/4295 7066/1820/4596 7067/1821/4597
f 6705/1539/4293 6707/1541/4295 7067/1821/4597
f 6705/1539/4293 7067/1821/4597 7068/1822/4598
f 6703/1537/4291 6705/1539/4293 7068/1822/4598
f 6703/1537/4291 7068/1822/4598 7069/1823/4599
f 6701/1535/4289 6703/1537/4291 7069/1823/4599
f 6701/1535/4289 7069/1823/4599 7070/1824/4600
f 6699/1533/4287 6701/1535/4289 7070/1824/4600
f 6699/1533/4287 7070/1824/4600 7071/1825/4601
f 6697/1531/4285 6699/1533/4287 7071/1825/4601
f 6697/1531/4285 7071/1825/4601 7072/1826/4602
f 6695/1529/4283 6697/1531/4285 7072/1826/4602
f 6695/1529/4283 7072/1826/4602 7073/1827/4603
f 6693/1527/4281 6695/1529/4283 7073/1827/4603
f 6693/1527/4281 7073/1827/4603 7074/1828/4604
f 6690/1524/4278 6693/1527/4281 7074/1828/4604
f 6690/1524/4278 7074/1828/4604 7055/1809/4585
f 7075/3763/4605 7076/3764/440 7077/3765/440
f 7075/3763/4605 7077/3765/440 7078/3766/4605
f 7076/3764/440 7079/3767/66 7080/3768/66
f 7076/3764/440 7080/3768/66 7077/3765/440
f 7079/3767/66 7081/3769/442 7082/3770/442
f 7079/3767/66 7082/3770/442 7080/3768/66
f 7081/3769/442 7083/3771/1746 7084/3772/1746
f 7081/3769/442 7084/3772/1746 7082/3770/442
f 7083/3771/1746 7085/3773/34 7086/3774/34
f 7083/3771/1746 7086/3774/34 7084/3772/1746
f 7085/3773/34 7087/3775/1747 7088/3776/1747
f 7085/3773/34 7088/3776/1747 7086/3774/34
f 7087/3775/1747 7089/3777/443 7090/3778/473
f 7087/3775/1747 7090/3778/473 7088/3776/1747
f 7089/3777/443 7091/3779/25 7092/3780/25
f 7089/3777/443 7092/3780/25 7090/3778/473
f 7091/3779/25 7093/3781/445 7094/3782/444
f 7091/3779/25 7094/3782/444 7092/3780/25
f 7093/3781/445 7095/3783/4606 7096/3784/4606
f 7093/3781/445 7096/3784/4606 7094/3782/444
f 7095/3783/4606 7097/3785/446 7098/3786/446
f 7095/3783/4606 7098/3786/446 7096/3784/4606
f 7097/3785/446 7075/3763/4605 7078/3766/4605
f 7097/3785/446 7078/3766/4605 7098/3786/446
f 7099/3787/7 7100/3788/7 7101/3789/7
f 7099/3787/7 7101/3789/7 7102/3790/7
f 7100/3788/7 7103/3791/7 7104/3792/7
f 7100/3788/7 7104/3792/7 7101/3789/7
f 7103/3791/7 7105/3793/7 7106/3794/7
f 7103/3791/7 7106/3794/7 7104/3792/7
f 7107/3793/7 7108/3795/7 7109/3796/7
f 7107/3793/7 7109/3796/7 7110/3794/7
f 7111/3795/7 7112/3797/7 7113/3798/7
f 7111/3795/7 7113/3798/7 7114/3796/7
f 7115/3797/7 7116/3799/7 7117/3800/7
f 7115/3797/7 7117/3800/7 7118/3798/7
f 7116/3799/7 7119/3801/7 7120/3802/7
f 7116/3799/7 7120/3802/7 7117/3800/7
f 7121/3801/7 7122/3803/7 7123/3804/7
f 7121/3801/7 7123/3804/7 7124/3802/7
f 7125/3803/7 7126/3805/7 7127/3806/7
f 7125/3803/7 7127/3806/7 7128/3804/7
f 7126/3805/7 7129/3807/7 7130/3808/7
f 7126/3805/7 7130/3808/7 7131/3806/7
f 7129/3807/7 7132/3809/7 7133/3810/7
f 7129/3807/7 7133/3810/7 7134/3808/7
f 7132/3809/7 7099/3787/7 7135/3790/7
f 7132/3809/7 7135/3790/7 7136/3810/7
f 7137/3811/4605 7138/3812/440 7139/3813/440
f 7137/3811/4605 7139/3813/440 7140/3814/4605
f 7138/3812/440 7141/3815/66 7142/3816/66
f 7138/3812/440 7142/3816/66 7139/3813/440
f 7141/3815/66 7143/3817/442 7144/3818/4607
f 7141/3815/66 7144/3818/4607 7142/3816/66
f 7143/3817/442 7145/3819/1746 7146/3820/1746
f 7143/3817/442 7146/3820/1746 7144/3818/4607
f 7145/3819/1746 7147/3821/34 7148/3822/34
f 7145/3819/1746 7148/3822/34 7146/3820/1746
f 7147/3821/34 7149/3823/1747 7150/3824/1747
f 7147/3821/34 7150/3824/1747 7148/3822/34
f 7149/3823/1747 7151/3825/473 7152/3826/473
f 7149/3823/1747 7152/3826/473 7150/3824/1747
f 7151/3825/473 7153/3827/25 7154/3828/25
f 7151/3825/473 7154/3828/25 7152/3826/473
f 7153/3827/25 7155/3829/445 7156/3830/445
f 7153/3827/25 7156/3830/445 7154/3828/25
f 7155/3829/445 7157/3831/4606 7158/3832/4606
f 7155/3829/445 7158/3832/4606 7156/3830/445
f 7157/3831/4606 7159/3833/446 7160/3834/446
f 7157/3831/4606 7160/3834/446 7158/3832/4606
f 7159/3833/446 7137/3811/4605 7140/3814/4605
f 7159/3833/446 7140/3814/4605 7160/3834/446
f 7161/3835/20 7162/3836/853 7163/3837/20
f 7161/3835/20 7163/3837/20 7164/3838/20
f 7162/3836/20 7165/3839/20 7166/3840/20
f 7162/3836/20 7166/3840/20 7167/3837/853
f 7165/3839/20 7168/3841/853 7169/3842/20
f 7165/3839/20 7169/3842/20 7170/3840/20
f 7171/3841/20 7172/3843/20 7173/3844/20
f 7171/3841/20 7173/3844/20 7174/3842/20
f 7175/3843/20 7176/3845/20 7177/3846/20
f 7175/3843/20 7177/3846/20 7178/3844/20
f 7179/3845/20 7180/3847/447 7181/3848/20
f 7179/3845/20 7181/3848/20 7182/3846/20
f 7180/3847/20 7183/3849/20 7184/3850/20
f 7180/3847/20 7184/3850/20 7185/3848/20
f 7183/3849/20 7186/3851/853 7187/3852/853
f 7183/3849/20 7187/3852/853 7184/3850/20
f 7186/3851/853 7188/3853/853 7189/3854/853
f 7186/3851/853 7189/3854/853 7190/3852/20
f 7191/3853/20 7192/3855/448 7193/3856/20
f 7191/3853/20 7193/3856/20 7194/3854/20
f 7195/3855/448 7196/3857/20 7197/3858/20
f 7195/3855/448 7197/3858/20 7198/3856/448
f 7199/3857/20 7161/3835/20 7164/3838/20
f 7199/3857/20 7164/3838/20 7200/3858/20
f 7201/3859/4608 7202/3860/4609 7203/3861/4610
f 7201/3859/4608 7203/3861/4610 7204/3862/4611
f 7202/3860/4609 7205/3863/4612 7206/3864/4612
f 7202/3860/4609 7206/3864/4612 7203/3861/4610
f 7205/3863/4612 7207/3865/4613 7208/3866/4614
f 7205/3863/4612 7208/3866/4614 7206/3864/4612
f 7207/3865/4613 7209/3867/4615 7210/3868/4616
f 7207/3865/4613 7210/3868/4616 7208/3866/4614
f 7209/3867/4615 7211/3869/4617 7212/3870/4617
f 7209/3867/4615 7212/3870/4617 7210/3868/4616
f 7211/3869/4617 7213/3871/4618 7214/3872/4619
f 7211/3869/4617 7214/3872/4619 7212/3870/4617
f 7213/3871/4618 7215/3873/4620 7216/3874/4621
f 7213/3871/4618 7216/3874/4621 7214/3872/4619
f 7215/3873/4620 7217/3875/4622 7218/3876/4622
f 7215/3873/4620 7218/3876/4622 7216/3874/4621
f 7217/3875/4622 7219/3877/4623 7220/3878/4624
f 7217/3875/4622 7220/3878/4624 7218/3876/4622
f 7219/3877/4623 7221/3879/4625 7222/3880/4626
f 7219/3877/4623 7222/3880/4626 7220/3878/4624
f 7221/3879/4625 7223/3881/4627 7224/3882/4627
f 7221/3879/4625 7224/3882/4627 7222/3880/4626
f 7223/3881/4627 7201/3859/4608 7204/3862/4611
f 7223/3881/4627 7204/3862/4611 7224/3882/4627
f 7225/1094/954 7226/1095/955 7227/1096/956
f 7225/1094/954 7227/1096/956 7228/1097/957
f 7229/1098/958 7230/1099/959 7231/1100/960
f 7229/1098/958 7231/1100/960 7232/1101/961
f 7233/1102/962 7234/1103/963 7235/1104/964
f 7233/1102/962 7235/1104/964 7236/1105/965
f 7237/1106/966 7238/1107/967 7239/1108/968
f 7237/1106/966 7239/1108/968 7240/1109/969
f 7241/1102/970 7238/1107/967 7237/1106/966
f 7241/1102/970 7237/1106/966 7242/1110/971
f 7243/1111/972 7244/1112/973 7230/1099/959
f 7243/1111/972 7230/1099/959 7229/1098/958
f 7235/1104/964 7234/1103/963 7245/1113/974
f 7235/1104/964 7245/1113/974 7246/1114/975
f 7228/1097/957 7227/1096/956 7247/1115/976
f 7228/1097/957 7247/1115/976 7248/1116/971
f 7249/490/4628 7250/493/4628 7251/492/4629
f 7249/490/4628 7251/492/4629 7252/491/4629
f 7253/491/4630 7254/492/4631 7255/495/4630
f 7253/491/4630 7255/495/4630 7256/494/4630
f 7257/494/4632 7258/495/4632 7259/497/4632
f 7257/494/4632 7259/497/4632 7260/496/4632
f 7261/496/4633 7262/497/4633 7263/499/4633
f 7261/496/4633 7263/499/4633 7264/498/4633
f 7265/498/4634 7266/499/4634 7267/501/4634
f 7265/498/4634 7267/501/4634 7268/500/4634
f 7269/500/4635 7270/501/4635 7271/503/4635
f 7269/500/4635 7271/503/4635 7272/502/4635
f 7273/508/458 7274/507/66 7275/506/458
f 7273/508/458 7275/506/458 7276/505/458
f 7273/508/458 7277/509/458 7278/504/66
f 7273/508/458 7278/504/66 7274/507/66
f 7279/490/4636 7280/493/4636 7281/492/4636
f 7279/490/4636 7281/492/4636 7282/491/4636
f 7283/491/4637 7284/492/4637 7285/495/4637
f 7283/491/4637 7285/495/4637 7286/494/4637
f 7287/494/4638 7288/495/4638 7289/497/4638
f 7287/494/4638 7289/497/4638 7290/496/4638
f 7291/496/4639 7292/497/4639 7293/499/4639
f 7291/496/4639 7293/499/4639 7294/498/4639
f 7295/498/4640 7296/499/4640 7297/501/4640
f 7295/498/4640 7297/501/4640 7298/500/4640
f 7299/500/4641 7300/501/4641 7301/503/4641
f 7299/500/4641 7301/503/4641 7302/502/4641
f 7303/508/458 7304/509/458 7305/506/66
f 7303/508/458 7305/506/66 7306/505/66
f 7305/506/66 7304/509/458 7307/504/66
f 7305/506/66 7307/504/66 7308/507/458
f 7311/3883/4642 7309/3884/4642 7310/3885/4642
f 7309/3884/4642 7311/3883/4642 7316/3886/4642
f 7316/3886/4642 7311/3883/4642 7312/3887/4642
f 7316/3886/4642 7312/3887/4642 7313/3888/4642
f 7316/3886/4642 7313/3888/4642 7315/3889/4642
f 7315/3889/4642 7313/3888/4642 7314/3890/4642
f 1508/1071/927 1530/1089/947 1527/1086/944
f 1530/1089/947 1508/1071/927 1511/1074/930
f 1511/1074/930 1508/1071/927 1507/1070/926
f 1511/1074/930 1507/1070/926 1512/1075/931
f 7317/3891/4643 7320/3892/4644 7321/3893/4643
f 7320/3892/4644 7317/3891/4643 7318/3894/4645
f 7320/3892/4644 7318/3894/4645 7319/3895/4645
f 7322/3896/4646 7325/3897/4647 7326/3898/4646
f 7325/3897/4647 7322/3896/4646 7323/3899/4648
f 7325/3897/4647 7323/3899/4648 7324/3900/4647
f 4591/2451/20 4579/2439/20 4595/2455/20
f 4579/2439/20 4591/2451/20 4583/2443/20
f 4583/2443/20 4591/2451/20 4436/2334/20
f 4583/2443/20 4436/2334/20 4435/2333/20
